Rank,Name,GENDER,OVR,PAC,SHO,PAS,DRI,DEF,PHY,Acceleration,Sprint Speed,Positioning,Finishing,Shot Power,Long Shots,Volleys,Penalties,Vision,Crossing,Free Kick Accuracy,Short Passing,Long Passing,Curve,Dribbling,Agility,Balance,Reactions,Ball Control,Composure,Interceptions,Heading Accuracy,Def Awareness,Standing Tackle,Sliding Tackle,Jumping,Stamina,Strength,Aggression,Position,Weak foot,Skill moves,Preferred foot,Height,Weight,Alternative positions,Age,Nation,League,Team,play style,GK Diving,GK Handling,GK Kicking,GK Positioning,GK Reflexes
1,Mohamed Salah,M,91,89,88,86,90,45,76,88,89,93,94,83,78,83,88,86,89,69,88,81,88,90,86,91,94,90,93,55,59,38,43,41,79,88,75,63,RM,3,4,Left,"175cm / 5'9""",72kg / 159lb,['RW'],33,Egypt,Premier League,Liverpool,"['Finesse Shot+', 'First Touch', 'Gamechanger', 'Inventive', 'Low Driven Shot', 'Technical', 'Whipped Pass']",,,,,
3,Kylian Mbappé,M,91,97,90,81,92,37,76,97,97,91,92,91,86,87,82,78,83,69,87,74,80,92,93,82,91,93,88,38,78,26,34,32,90,83,77,61,ST,4,5,Right,"182cm / 6'0""",75kg / 165lb,"['LW', 'LM']",26,France,LaLiga,Real Madrid,"['Quick Step+', 'Acrobatic', 'Finesse Shot', 'First Touch', 'Gamechanger', 'Low Driven Shot', 'Rapid']",,,,,
5,Ousmane Dembélé,M,90,91,88,83,93,50,69,93,89,95,90,91,85,79,80,80,84,68,89,78,85,94,94,81,91,94,88,45,74,49,49,39,84,76,69,58,ST,5,5,Left,"178cm / 5'10""",67kg / 148lb,"['RW', 'CAM']",28,France,Ligue 1,Paris SG,"['Rapid+', 'Inventive', 'Low Driven Shot', 'Pinged Pass', 'Quick Step', 'Trickster']",,,,,
6,Rodri,M,90,65,80,86,84,86,85,65,65,76,74,92,89,71,62,76,84,64,93,91,86,84,66,67,93,90,93,84,81,88,87,82,83,91,83,85,CDM,4,3,Right,"190cm / 6'3""",82kg / 181lb,['CM'],29,Spain,Premier League,Man City,"['Tiki Taka+', 'Aerial Fortress', 'Bruiser', 'Long Ball Pass', 'Power Shot', 'Press Proven']",,,,,
8,Virgil van Dijk,M,90,73,60,72,72,90,87,66,78,47,52,81,64,45,62,53,70,70,80,83,60,70,54,50,90,77,90,91,88,91,91,87,89,75,93,85,CB,3,2,Right,"193cm / 6'4""",92kg / 203lb,,34,Holland,Premier League,Liverpool,"['Intercept+', 'Aerial Fortress', 'Anticipate', 'Bruiser', 'Jockey', 'Pinged Pass', 'Precision Header']",,,,,
9,Jude Bellingham,M,90,80,86,83,90,78,85,81,80,91,88,86,87,77,74,66,90,68,90,89,73,91,83,83,91,91,90,82,75,77,79,77,85,94,80,85,CAM,4,4,Right,"186cm / 6'1""",75kg / 165lb,['CM'],22,England,LaLiga,Real Madrid,"['Relentless+', 'First Touch', 'Gamechanger', 'Inventive', 'Low Driven Shot', 'Slide Tackle', 'Technical']",,,,,
10,Erling Haaland,M,90,86,91,70,80,45,88,79,92,95,94,94,83,90,90,58,74,62,77,66,77,79,71,69,93,82,86,43,83,38,47,29,92,76,93,88,ST,3,3,Left,"195cm / 6'5""",94kg / 207lb,,25,Norway,Premier League,Man City,"['Low Driven Shot+', 'Acrobatic', 'Chip Shot', 'Enforcer', 'Gamechanger', 'Power Shot', 'Precision Header']",,,,,
11,Raphinha,M,89,91,84,85,87,53,75,90,91,89,87,83,82,72,78,86,87,79,85,80,85,88,88,79,87,88,85,56,74,49,54,38,82,91,65,77,LM,4,4,Left,"176cm / 5'9""",68kg / 150lb,['LW'],28,Brazil,LaLiga,Barcelona,"['Rapid+', 'Finesse Shot', 'Power Shot', 'Quick Step', 'Relentless', 'Trickster']",,,,,
12,Achraf Hakimi,M,89,92,79,82,83,82,79,89,95,84,80,82,77,74,68,85,78,80,86,73,78,82,81,78,90,85,84,85,71,82,85,79,84,95,72,77,RB,4,4,Right,"181cm / 5'11""",73kg / 161lb,['RM'],27,Morocco,Ligue 1,Paris SG,"['Relentless+', 'Anticipate', 'Jockey', 'Low Driven Shot', 'Press Proven', 'Quick Step', 'Whipped Pass']",,,,,
14,Lamine Yamal,M,89,85,81,86,90,23,53,88,83,88,83,83,82,65,69,89,88,65,88,84,87,92,93,81,88,90,84,18,33,23,20,28,58,73,45,45,RM,3,5,Left,"180cm / 5'11""",72kg / 159lb,['RW'],18,Spain,LaLiga,Barcelona,"['Technical+', 'Finesse Shot', 'First Touch', 'Gamechanger', 'Incisive Pass', 'Inventive', 'Quick Step']",,,,,
15,Vitinha,M,89,72,80,86,90,75,70,75,69,81,80,77,84,62,88,78,90,69,90,89,81,91,91,89,88,88,88,85,52,74,79,69,66,87,59,77,CM,3,4,Right,"172cm / 5'8""",64kg / 141lb,"['CDM', 'CAM']",25,Portugal,Ligue 1,Paris SG,"['Technical+', 'Finesse Shot', 'Incisive Pass', 'Intercept', 'Long Ball Pass', 'Relentless', 'Tiki Taka']",,,,,
18,Gianluigi Donnarumma,M,89,90,83,70,90,52,87,50,55,14,12,53,18,8,24,12,60,14,36,34,12,28,57,38,87,30,54,26,12,21,14,16,73,41,75,30,GK,3,1,Right,"196cm / 6'5""",90kg / 198lb,,26,Italy,Premier League,Man City,"['Deflector+', 'Footwork']",90.0,83.0,70.0,87.0,90.0
19,Pedri,M,89,77,73,85,91,78,77,79,76,86,77,68,76,56,53,76,91,62,90,88,79,91,89,92,87,91,90,87,50,74,85,79,72,90,73,72,CM,4,4,Right,"174cm / 5'9""",60kg / 132lb,"['CDM', 'CAM']",22,Spain,LaLiga,Barcelona,"['First Touch+', 'Incisive Pass', 'Long Ball Pass', 'Relentless', 'Technical', 'Tiki Taka']",,,,,
20,Joshua Kimmich,M,89,72,74,89,84,83,79,75,70,78,68,78,83,69,71,92,86,79,89,92,85,82,83,84,89,86,86,85,72,82,86,85,77,92,69,89,CDM,4,3,Right,"177cm / 5'10""",75kg / 165lb,"['RB', 'CM']",30,Germany,Bundesliga,Bayern Munich,"['Long Ball Pass+', 'Anticipate', 'Finesse Shot', 'Press Proven', 'Relentless', 'Whipped Pass']",,,,,
22,Alisson,M,89,86,85,86,89,56,90,60,49,13,13,65,14,20,23,17,66,18,60,58,19,27,40,37,87,42,66,11,29,15,19,16,82,32,78,27,GK,3,1,Right,"193cm / 6'4""",91kg / 201lb,,33,Brazil,Premier League,Liverpool,"['Rush Out+', 'Deflector', 'Far Throw']",86.0,85.0,86.0,90.0,89.0
23,Harry Kane,M,89,64,92,83,82,48,82,62,66,94,93,91,89,89,95,80,86,69,86,79,82,80,67,72,94,87,92,42,90,46,44,38,87,76,86,80,ST,4,3,Right,"188cm / 6'2""",86kg / 190lb,,32,England,Bundesliga,Bayern Munich,"['Finesse Shot+', 'First Touch', 'Gamechanger', 'Long Ball Pass', 'Low Driven Shot', 'Precision Header']",,,,,
24,Federico Valverde,M,89,88,84,84,84,83,85,84,92,86,80,91,91,78,59,78,86,69,88,88,76,84,77,68,89,88,84,86,63,82,87,86,82,93,82,81,CM,4,3,Right,"182cm / 6'0""",74kg / 163lb,"['CDM', 'RB']",27,Uruguay,LaLiga,Real Madrid,"['Relentless+', 'Aerial Fortress', 'Intercept', 'Long Ball Pass', 'Power Shot', 'Rapid', 'Slide Tackle']",,,,,
26,Vini Jr.,M,89,95,84,81,91,29,69,95,95,86,88,81,83,73,74,81,85,62,83,77,79,93,94,84,85,90,83,26,50,32,25,18,74,84,65,58,LW,4,5,Right,"176cm / 5'9""",73kg / 161lb,"['ST', 'LM']",25,Brazil,LaLiga,Real Madrid,"['Quick Step+', 'Chip Shot', 'Finesse Shot', 'First Touch', 'Gamechanger', 'Inventive', 'Rapid']",,,,,
27,Florian Wirtz,M,89,80,82,88,90,54,67,82,79,85,84,78,84,81,66,87,91,74,91,87,83,90,88,87,88,92,86,55,43,64,49,44,65,87,59,63,CAM,4,4,Right,"177cm / 5'10""",71kg / 157lb,"['ST', 'CM']",22,Germany,Premier League,Liverpool,"['Incisive Pass+', 'Chip Shot', 'Finesse Shot', 'First Touch', 'Inventive', 'Low Driven Shot', 'Technical']",,,,,
28,Thibaut Courtois,M,89,85,89,76,90,46,88,42,52,13,14,57,17,12,27,14,44,20,33,35,19,13,63,45,88,23,66,15,13,20,18,16,68,38,70,23,GK,3,1,Left,"200cm / 6'7""",96kg / 212lb,,33,Belgium,LaLiga,Real Madrid,"['Cross Claimer+', 'Far Throw', 'Rush Out']",85.0,89.0,76.0,88.0,90.0
30,Robert Lewandowski,M,88,74,89,79,85,44,84,73,74,90,92,89,82,86,90,76,81,84,84,70,79,84,77,83,89,88,87,49,87,35,42,19,91,76,89,81,ST,4,4,Right,"185cm / 6'1""",81kg / 179lb,,37,Poland,LaLiga,Barcelona,"['Chip Shot+', 'Finesse Shot', 'First Touch', 'Incisive Pass', 'Low Driven Shot', 'Power Shot', 'Precision Header']",,,,,
34,Lautaro Martínez,M,88,81,88,75,84,51,83,83,80,93,93,87,80,92,74,68,79,65,78,72,84,81,88,87,92,84,88,48,86,45,50,45,91,86,80,87,ST,4,4,Right,"174cm / 5'9""",72kg / 159lb,,28,Argentina,Serie A,Milano FC,"['Gamechanger+', 'Enforcer', 'Incisive Pass', 'Power Shot', 'Precision Header', 'Relentless', 'Technical']",,,,,
35,Alexander Isak,M,88,83,89,73,85,39,76,86,80,89,91,91,83,81,86,68,80,64,79,60,75,88,73,69,87,87,88,38,82,35,34,29,90,82,79,58,ST,4,4,Right,"192cm / 6'4""",77kg / 170lb,,26,Sweden,Premier League,Liverpool,"['Finesse Shot+', 'First Touch', 'Gamechanger', 'Low Driven Shot', 'Power Shot', 'Rapid']",,,,,
37,Jamal Musiala,M,88,80,82,80,90,66,65,85,75,88,86,80,82,75,61,70,84,59,87,79,75,94,94,93,89,85,83,65,75,64,66,61,80,73,61,59,CAM,4,5,Right,"184cm / 6'0""",72kg / 159lb,"['LM', 'CM', 'ST']",22,Germany,Bundesliga,Bayern Munich,"['Technical+', 'Gamechanger', 'Incisive Pass', 'Inventive', 'Low Driven Shot', 'Precision Header', 'Trickster']",,,,,
38,Gabriel,M,88,64,44,64,65,88,84,61,67,52,37,62,39,33,51,42,63,31,79,76,57,64,51,37,88,71,79,87,90,89,88,87,88,71,89,86,CB,2,2,Left,"190cm / 6'3""",87kg / 192lb,,27,Brazil,Premier League,Arsenal,"['Bruiser+', 'Precision Header']",,,,,
41,Bukayo Saka,M,88,84,82,85,88,60,73,87,81,86,84,79,81,79,87,90,86,74,85,77,88,89,85,88,88,88,82,62,49,60,62,60,72,86,68,68,RW,4,3,Left,"178cm / 5'10""",65kg / 143lb,['RM'],24,England,Premier League,Arsenal,"['Whipped Pass+', 'Finesse Shot', 'Technical']",,,,,
43,Jan Oblak,M,88,85,90,78,87,46,86,42,53,11,11,59,12,13,11,13,67,14,43,40,13,12,64,48,85,30,68,24,15,27,14,18,72,42,78,36,GK,3,1,Right,"188cm / 6'2""",87kg / 192lb,,32,Slovenia,LaLiga,Ath Madrid,"['Cross Claimer+', 'Far Reach', 'Far Throw']",85.0,90.0,78.0,86.0,87.0
44,Cole Palmer,M,87,75,83,87,87,50,65,76,75,87,82,85,85,70,90,85,89,81,87,86,86,87,80,78,88,89,89,50,60,50,50,40,71,83,60,55,CAM,3,4,Left,"185cm / 6'1""",76kg / 168lb,"['RM', 'ST']",23,England,Premier League,Chelsea,"['Inventive+', 'Finesse Shot', 'First Touch', 'Gamechanger', 'Incisive Pass', 'Low Driven Shot', 'Technical']",,,,,
45,Khvicha Kvaratskhelia,M,87,86,80,83,88,58,78,85,86,87,81,78,86,64,70,79,85,74,87,78,86,89,86,84,84,88,84,58,62,53,62,52,87,83,76,73,LW,5,5,Right,"183cm / 6'0""",70kg / 154lb,"['RW', 'LM']",24,Georgia,Ligue 1,Paris SG,"['Inventive+', 'Finesse Shot', 'Gamechanger', 'Incisive Pass', 'Technical', 'Trickster']",,,,,
47,Alessandro Bastoni,M,87,74,46,75,76,88,82,71,77,39,39,59,48,44,50,72,72,41,82,84,64,74,64,60,89,82,85,88,86,87,90,84,88,81,81,83,CB,2,2,Left,"190cm / 6'3""",75kg / 165lb,,26,Italy,Serie A,Milano FC,"['Block', 'Long Ball Pass', 'Pinged Pass', 'Relentless', 'Whipped Pass']",,,,,
50,Serhou Guirassy,M,87,72,88,76,83,45,83,74,71,90,90,91,82,87,83,65,79,67,83,72,76,83,76,77,86,86,88,33,88,42,44,36,90,84,85,76,ST,4,3,Right,"187cm / 6'2""",82kg / 181lb,,29,Guinea,Bundesliga,Dortmund,"['Finesse Shot+', 'Acrobatic', 'Chip Shot', 'First Touch', 'Low Driven Shot', 'Precision Header']",,,,,
51,Kevin De Bruyne,M,87,66,83,92,84,65,72,65,66,81,78,90,87,81,83,93,92,83,92,93,93,85,68,66,89,89,87,65,55,65,70,55,70,66,74,73,CM,5,4,Right,"181cm / 5'11""",75kg / 165lb,['CAM'],34,Belgium,Serie A,Napoli,"['Whipped Pass+', 'Dead Ball', 'Incisive Pass', 'Inventive', 'Pinged Pass']",,,,,
52,Frenkie de Jong,M,87,82,71,85,87,78,77,80,83,78,75,68,69,70,53,78,88,64,90,87,84,86,87,79,87,88,90,82,72,76,78,77,82,87,73,74,CM,3,4,Right,"181cm / 5'11""",74kg / 163lb,['CDM'],28,Holland,LaLiga,Barcelona,"['Tiki Taka+', 'Incisive Pass', 'Inventive', 'Press Proven']",,,,,
54,Moisés Caicedo,M,87,71,64,78,81,84,82,76,66,63,57,75,72,60,55,65,79,55,85,84,73,79,80,79,84,83,83,87,70,83,86,87,80,90,77,85,CDM,3,3,Right,"178cm / 5'10""",73kg / 161lb,['CM'],24,Ecuador,Premier League,Chelsea,"['Slide Tackle+', 'Anticipate', 'Intercept', 'Pinged Pass', 'Press Proven', 'Relentless', 'Tiki Taka']",,,,,
55,Declan Rice,M,87,72,73,84,80,83,83,71,73,77,64,87,83,50,71,88,79,75,86,86,86,82,63,65,85,84,86,86,72,81,86,85,80,92,78,85,CDM,3,3,Right,"185cm / 6'1""",80kg / 176lb,['CM'],26,England,Premier League,Arsenal,"['Aerial Fortress', 'Block', 'Dead Ball', 'Intercept', 'Press Proven', 'Relentless', 'Whipped Pass']",,,,,
57,Marquinhos,M,87,78,56,75,74,89,80,75,80,70,59,65,45,35,52,68,76,32,84,85,58,69,68,67,86,79,86,89,88,90,89,88,89,79,79,81,CB,3,3,Right,"183cm / 6'0""",75kg / 165lb,,31,Brazil,Ligue 1,Paris SG,"['Intercept+', 'Aerial Fortress', 'Anticipate', 'Jockey']",,,,,
58,Yann Sommer,M,87,83,82,85,89,50,87,48,54,15,13,64,12,8,24,13,64,13,46,38,12,22,57,58,83,30,54,21,10,9,20,14,68,45,68,38,GK,4,1,Right,"183cm / 6'0""",77kg / 170lb,,36,Switzerland,Serie A,Milano FC,['Far Reach+'],83.0,82.0,85.0,87.0,89.0
62,Jules Koundé,M,87,84,47,74,79,86,84,85,83,69,47,48,45,32,43,78,70,26,82,75,64,78,70,78,86,81,82,86,80,87,86,84,91,87,85,78,RB,3,3,Right,"180cm / 5'11""",75kg / 165lb,"['CB', 'RM']",27,France,LaLiga,Barcelona,"['Jockey+', 'Aerial Fortress', 'Long Ball Pass', 'Quick Step', 'Relentless', 'Slide Tackle']",,,,,
63,Bruno Fernandes,M,87,67,83,89,83,65,75,68,66,86,80,86,85,87,91,85,92,85,90,90,85,82,78,73,90,87,85,63,63,62,71,66,69,95,61,84,CAM,4,4,Right,"179cm / 5'10""",69kg / 152lb,['CM'],31,Portugal,Premier League,Man United,"['Relentless+', 'Dead Ball', 'Gamechanger', 'Incisive Pass', 'Inventive', 'Long Ball Pass', 'Tiki Taka']",,,,,
64,William Saliba,M,87,77,39,68,72,87,83,76,78,54,35,60,23,34,47,58,62,35,80,77,55,74,53,46,86,77,82,86,80,88,90,86,89,72,88,83,CB,3,2,Right,"193cm / 6'4""",85kg / 187lb,,24,France,Premier League,Arsenal,"['Anticipate+', 'Jockey', 'Long Ball Pass']",,,,,
66,Julián Alvarez,M,87,85,87,81,87,57,79,86,85,88,88,88,86,84,78,77,83,80,83,78,87,87,87,87,88,88,86,52,78,60,55,46,86,85,72,86,ST,4,4,Right,"170cm / 5'7""",71kg / 157lb,,25,Argentina,LaLiga,Ath Madrid,"['Press Proven+', 'Finesse Shot']",,,,,
67,Jonathan Tah,M,87,63,38,60,63,87,86,53,71,36,32,60,26,53,38,39,57,27,78,68,37,60,49,40,85,70,79,84,87,88,89,84,85,76,91,86,CB,3,2,Right,"195cm / 6'5""",94kg / 207lb,,29,Germany,Bundesliga,Bayern Munich,"['Anticipate+', 'Aerial Fortress', 'Precision Header']",,,,,
68,Alexis Mac Allister,M,87,66,82,85,85,78,76,68,64,78,79,88,85,77,86,79,86,82,88,87,83,84,82,86,89,86,86,80,65,78,83,74,72,87,69,83,CM,3,3,Right,"176cm / 5'9""",72kg / 159lb,['CDM'],26,Argentina,Premier League,Liverpool,"['Pinged Pass+', 'Block', 'Dead Ball', 'Gamechanger', 'Power Shot', 'Press Proven']",,,,,
70,Mike Maignan,M,87,84,83,85,88,64,84,65,62,15,15,64,20,16,15,18,65,16,64,61,38,30,60,56,85,40,68,25,17,23,18,20,82,39,83,35,GK,4,1,Right,"191cm / 6'3""",89kg / 196lb,,30,France,Serie A,Milan,"['Far Throw+', 'Deflector', 'Footwork', 'Long Ball Pass']",84.0,83.0,85.0,84.0,88.0
72,Martin Ødegaard,M,87,68,79,88,87,67,65,68,68,78,79,82,80,79,68,86,90,82,90,88,84,87,85,83,88,88,87,69,55,68,72,57,63,88,55,64,CM,2,5,Left,"178cm / 5'10""",68kg / 150lb,['CAM'],26,Norway,Premier League,Arsenal,"['Incisive Pass+', 'First Touch', 'Inventive', 'Pinged Pass', 'Technical']",,,,,
74,David Raya,M,87,86,84,87,87,62,85,64,59,15,19,65,14,20,26,12,68,15,62,67,18,19,68,45,84,43,68,11,20,28,14,13,64,31,38,29,GK,3,1,Right,"183cm / 6'0""",75kg / 165lb,,30,Spain,Premier League,Arsenal,"['Cross Claimer+', 'Footwork']",86.0,84.0,87.0,85.0,87.0
75,Viktor Gyökeres,M,87,90,86,73,81,36,91,88,92,88,88,88,80,77,88,72,79,71,78,58,72,80,82,72,87,83,85,28,81,34,34,16,95,93,91,87,ST,4,3,Right,"189cm / 6'2""",94kg / 207lb,,27,Sweden,Premier League,Arsenal,"['Enforcer+', 'Acrobatic', 'Finesse Shot', 'Low Driven Shot', 'Power Shot', 'Press Proven', 'Quick Step']",,,,,
77,Nicolò Barella,M,87,80,78,84,86,81,76,82,78,84,77,80,79,80,73,79,85,67,89,87,79,84,91,88,91,87,88,85,60,80,85,80,75,89,66,87,CM,4,3,Right,"175cm / 5'9""",68kg / 150lb,,28,Italy,Serie A,Milano FC,"['Relentless+', 'Incisive Pass', 'Intercept', 'Jockey', 'Long Ball Pass', 'Pinged Pass', 'Press Proven']",,,,,
79,Nuno Mendes,M,86,95,65,76,82,80,77,94,95,77,61,80,64,54,45,81,72,59,80,72,77,81,87,84,83,82,82,79,73,77,86,81,87,83,73,75,LB,4,3,Left,"180cm / 5'11""",70kg / 154lb,['LM'],23,Portugal,Ligue 1,Paris SG,"['Quick Step+', 'Anticipate', 'Jockey', 'Pinged Pass', 'Rapid', 'Whipped Pass']",,,,,
81,Antonio Rüdiger,M,86,79,55,72,70,84,86,70,87,54,40,84,67,34,40,68,61,56,83,81,50,69,56,50,85,74,80,83,83,84,85,84,89,70,91,93,CB,3,2,Right,"190cm / 6'3""",85kg / 187lb,,32,Germany,LaLiga,Real Madrid,"['Aerial Fortress+', 'Block', 'Bruiser', 'Jockey', 'Long Ball Pass']",,,,,
83,Michael Olise,M,86,78,80,84,87,50,66,83,73,84,83,78,80,71,72,79,88,81,86,79,82,88,90,85,86,86,84,55,36,44,58,49,62,85,57,66,RM,2,4,Left,"184cm / 6'0""",73kg / 161lb,['RW'],23,France,Bundesliga,Bayern Munich,"['Finesse Shot', 'Inventive', 'Technical', 'Whipped Pass']",,,,,
85,Trent Alexander-Arnold,M,86,76,72,89,80,80,74,72,79,79,64,85,76,71,66,93,88,85,87,91,91,79,73,72,85,85,82,84,69,78,82,79,75,89,68,70,RB,4,3,Right,"180cm / 5'11""",69kg / 152lb,['RM'],27,England,LaLiga,Real Madrid,"['Whipped Pass+', 'Dead Ball', 'Incisive Pass', 'Long Ball Pass', 'Relentless']",,,,,
86,Rúben Dias,M,86,59,39,69,69,86,84,55,62,39,29,74,26,32,45,54,64,48,81,79,46,64,62,56,86,75,85,86,85,87,87,85,85,71,89,88,CB,4,2,Right,"187cm / 6'2""",82kg / 181lb,,28,Portugal,Premier League,Man City,"['Bruiser+', 'Long Ball Pass']",,,,,
87,Paulo Dybala,M,86,80,85,84,87,41,64,84,76,83,85,84,86,92,88,82,88,87,84,79,89,87,88,87,86,88,89,42,65,32,42,39,76,76,63,48,CAM,3,5,Left,"177cm / 5'10""",75kg / 165lb,['ST'],32,Argentina,Serie A,Roma,"['Gamechanger+', 'Dead Ball', 'Finesse Shot', 'First Touch', 'Incisive Pass', 'Inventive', 'Technical']",,,,,
88,Bruno Guimarães,M,86,66,75,84,84,79,81,66,66,77,73,76,82,65,65,76,86,63,88,88,83,86,73,79,85,86,88,82,66,78,82,81,75,90,76,86,CM,2,3,Right,"182cm / 6'0""",74kg / 163lb,['CDM'],28,Brazil,Premier League,Newcastle,"['Gamechanger', 'Incisive Pass', 'Long Ball Pass', 'Press Proven', 'Relentless']",,,,,
90,Willian Pacho,M,86,80,34,62,62,86,86,74,84,36,30,46,29,26,39,46,58,38,77,69,47,52,63,60,85,69,81,83,82,88,88,81,90,78,89,86,CB,3,2,Left,"188cm / 6'2""",81kg / 179lb,,24,Ecuador,Ligue 1,Paris SG,"['Bruiser+', 'Anticipate', 'Block', 'Jockey']",,,,,
92,Ibrahima Konaté,M,86,77,34,63,69,86,85,69,83,44,29,45,31,28,41,38,64,27,79,76,50,68,55,44,85,76,80,83,84,87,87,86,83,75,91,84,CB,3,3,Right,"194cm / 6'4""",95kg / 209lb,,26,France,Premier League,Liverpool,"['Aerial Fortress', 'Bruiser']",,,,,
93,Hakan Çalhanoğlu,M,86,71,81,87,82,81,73,74,68,73,75,87,87,78,92,78,89,85,90,89,88,78,83,77,87,87,85,82,65,81,85,80,73,81,65,83,CDM,5,4,Right,"178cm / 5'10""",69kg / 152lb,['CM'],31,Turkey,Serie A,Milano FC,"['Incisive Pass+', 'Dead Ball', 'First Touch', 'Inventive', 'Long Ball Pass', 'Relentless', 'Technical']",,,,,
96,Sandro Tonali,M,86,79,74,82,80,81,83,78,79,76,69,85,77,68,64,78,79,81,86,83,75,78,76,77,84,85,84,84,70,81,84,81,83,83,82,84,CDM,4,3,Right,"181cm / 5'11""",79kg / 174lb,['CM'],25,Italy,Premier League,Newcastle,"['Enforcer', 'Relentless', 'Slide Tackle']",,,,,
97,Nico Williams,M,86,93,76,80,87,36,66,94,92,80,79,78,72,64,62,83,82,72,82,74,81,88,92,84,82,85,78,40,65,36,28,25,79,81,61,55,LM,5,4,Right,"181cm / 5'11""",67kg / 148lb,"['RM', 'LW']",23,Spain,LaLiga,Ath Bilbao,"['Rapid+', 'Finesse Shot', 'Gamechanger', 'Inventive', 'Quick Step', 'Relentless']",,,,,
100,Tijjani Reijnders,M,86,79,79,82,85,77,77,83,75,86,78,85,83,65,59,73,84,70,87,84,77,84,82,79,85,88,84,80,61,78,80,72,77,92,69,80,CM,4,4,Right,"185cm / 6'1""",73kg / 161lb,"['CDM', 'CAM']",27,Holland,Premier League,Man City,"['Tiki Taka+', 'Finesse Shot', 'Incisive Pass', 'Power Shot', 'Technical']",,,,,
101,Marc-André ter Stegen,M,86,84,84,89,85,47,84,45,50,11,14,67,10,14,25,18,70,12,61,63,18,21,39,43,84,30,70,22,11,25,13,10,72,35,78,43,GK,4,1,Right,"187cm / 6'2""",85kg / 187lb,,33,Germany,LaLiga,Barcelona,"['Footwork', 'Long Ball Pass', 'Rush Out']",84.0,84.0,89.0,84.0,85.0
103,Gregor Kobel,M,86,87,83,64,87,44,86,38,52,10,10,48,10,10,12,13,59,12,39,33,13,24,37,29,84,34,66,14,13,15,15,15,71,30,81,24,GK,3,1,Right,"195cm / 6'5""",88kg / 194lb,,27,Switzerland,Bundesliga,Dortmund,"['Rush Out+', 'Deflector', 'Far Throw']",87.0,83.0,64.0,86.0,87.0
107,Federico Dimarco,M,85,80,78,84,82,79,77,83,78,83,74,81,84,82,71,87,80,83,84,83,88,79,84,81,83,86,78,80,69,81,81,79,81,84,72,81,LB,4,3,Left,"175cm / 5'9""",76kg / 168lb,['LM'],28,Italy,Serie A,Milano FC,"['Dead Ball', 'Finesse Shot', 'First Touch', 'Low Driven Shot', 'Power Shot', 'Whipped Pass']",,,,,
108,Scott McTominay,M,85,76,82,77,80,80,85,70,80,87,84,86,81,76,60,66,79,60,84,81,69,84,55,48,86,85,80,81,81,78,81,75,86,92,82,84,CM,3,3,Right,"193cm / 6'4""",88kg / 194lb,['CAM'],28,Scotland,Serie A,Napoli,"['Aerial Fortress', 'Enforcer', 'Incisive Pass', 'Low Driven Shot', 'Precision Header', 'Technical']",,,,,
109,Ryan Gravenberch,M,85,76,76,81,85,81,81,76,76,75,78,79,76,71,58,74,81,70,86,82,76,88,76,70,84,87,88,88,67,80,82,78,81,85,80,76,CDM,4,4,Right,"190cm / 6'3""",77kg / 170lb,['CM'],23,Holland,Premier League,Liverpool,"['Intercept', 'Press Proven']",,,,,
113,Emiliano Martínez,M,85,83,82,82,85,56,85,55,57,12,16,62,16,13,43,22,67,20,61,59,22,24,54,49,81,43,69,21,26,25,20,20,79,40,78,40,GK,4,1,Right,"195cm / 6'5""",88kg / 194lb,,33,Argentina,Premier League,Aston Villa,"['Footwork', 'Rush Out']",83.0,82.0,82.0,85.0,85.0
116,João Neves,M,85,74,69,80,84,82,83,77,71,77,69,73,68,66,60,67,84,53,86,86,74,83,84,86,83,86,85,84,72,83,83,80,83,92,78,84,CM,4,3,Right,"174cm / 5'9""",66kg / 146lb,['CDM'],21,Portugal,Ligue 1,Paris SG,"['Press Proven+', 'Aerial Fortress', 'Long Ball Pass', 'Relentless', 'Tiki Taka']",,,,,
117,Antoine Griezmann,M,85,77,86,85,88,59,73,80,75,87,86,85,86,86,79,82,86,85,86,83,89,86,88,85,87,90,88,59,79,45,63,64,84,77,70,74,ST,3,4,Left,"176cm / 5'9""",67kg / 148lb,"['LM', 'CAM']",34,France,LaLiga,Ath Madrid,"['Chip Shot+', 'Finesse Shot', 'Gamechanger', 'Incisive Pass', 'Inventive', 'Long Ball Pass', 'Technical']",,,,,
121,Bryan Mbeumo,M,85,88,84,79,84,49,76,90,87,84,87,83,77,85,85,84,80,72,80,69,84,83,90,85,81,84,83,52,63,53,41,37,81,85,71,74,RW,2,4,Left,"171cm / 5'7""",75kg / 165lb,"['RM', 'ST']",26,Cameroon,Premier League,Man United,"['Gamechanger+', 'First Touch', 'Inventive', 'Quick Step', 'Rapid']",,,,,
123,Désiré Doué,M,85,83,80,77,90,55,74,85,82,81,78,86,83,68,71,74,78,68,81,74,82,91,88,87,85,89,89,59,46,52,60,52,75,80,77,61,RW,4,5,Right,"181cm / 5'11""",79kg / 174lb,"['LW', 'CM', 'RM']",20,France,Ligue 1,Paris SG,"['Trickster+', 'First Touch', 'Gamechanger', 'Inventive', 'Press Proven', 'Quick Step']",,,,,
124,Carvajal,M,85,80,58,79,81,81,79,81,80,75,56,68,52,53,45,84,78,47,84,74,77,78,78,84,83,84,83,81,76,80,84,83,85,84,74,85,RB,3,3,Right,"173cm / 5'8""",73kg / 161lb,['RM'],33,Spain,LaLiga,Real Madrid,"['Block', 'Relentless', 'Whipped Pass']",,,,,
125,Unai Simón,M,85,84,80,76,85,49,84,48,50,14,14,57,13,17,24,16,48,14,38,34,20,12,37,47,82,16,40,26,18,11,18,12,74,44,76,29,GK,3,1,Right,"190cm / 6'3""",89kg / 196lb,,28,Spain,LaLiga,Ath Bilbao,"['Footwork', 'Pinged Pass', 'Rush Out']",84.0,80.0,76.0,84.0,85.0
127,Marcus Thuram,M,85,86,83,76,82,50,80,84,88,86,85,84,79,81,70,76,78,58,80,70,73,85,78,61,84,81,78,50,84,44,48,42,91,83,79,75,ST,4,3,Right,"192cm / 6'4""",80kg / 176lb,,28,France,Serie A,Milano FC,"['Aerial Fortress', 'Precision Header', 'Rapid']",,,,,
129,Péter Gulácsi,M,85,83,83,74,84,43,87,42,44,11,10,56,12,10,24,16,44,11,35,31,18,19,41,42,82,25,45,23,23,25,16,20,72,37,74,34,GK,2,1,Right,"193cm / 6'4""",86kg / 190lb,,35,Hungary,Bundesliga,RB Leipzig,['Footwork'],83.0,83.0,74.0,87.0,84.0
132,Luis Díaz,M,85,88,81,76,87,45,75,88,88,84,83,85,75,81,63,76,79,58,77,72,77,89,88,79,83,87,82,38,71,41,47,38,83,87,69,75,LM,4,4,Right,"180cm / 5'11""",73kg / 161lb,"['LW', 'ST']",28,Colombia,Bundesliga,Bayern Munich,"['Inventive', 'Low Driven Shot', 'Quick Step', 'Technical']",,,,,
133,De Gea,M,85,85,78,71,87,46,84,47,45,9,13,53,12,13,29,17,45,19,40,39,21,18,60,40,85,32,45,21,18,15,20,15,57,30,38,15,GK,2,1,Right,"192cm / 6'4""",76kg / 168lb,,35,Spain,Serie A,Fiorentina,"['Far Throw', 'Footwork']",85.0,78.0,71.0,84.0,87.0
134,Nico Schlotterbeck,M,85,74,60,75,73,85,82,77,72,58,51,81,67,56,38,70,72,55,78,86,67,74,68,64,84,71,78,83,84,85,87,87,91,74,85,84,CB,2,2,Left,"191cm / 6'3""",86kg / 190lb,,25,Germany,Bundesliga,Dortmund,"['Slide Tackle+', 'Anticipate', 'Block', 'Jockey', 'Long Ball Pass', 'Long Throw']",,,,,
137,Phil Foden,M,85,81,81,82,89,57,57,83,79,83,82,89,81,59,64,80,83,74,82,81,88,89,92,92,82,89,85,59,47,60,59,47,59,83,41,64,RW,3,4,Left,"171cm / 5'7""",70kg / 154lb,"['CM', 'LW', 'RM']",25,England,Premier League,Man City,"['First Touch', 'Gamechanger', 'Inventive', 'Low Driven Shot', 'Technical']",,,,,
138,Fabián Ruiz,M,85,61,77,80,81,75,72,61,61,84,76,78,82,67,67,72,84,61,85,83,75,82,66,67,85,86,82,79,68,71,79,75,70,84,67,68,CM,3,3,Left,"189cm / 6'2""",70kg / 154lb,['CDM'],29,Spain,Ligue 1,Paris SG,"['Finesse Shot', 'First Touch', 'Long Ball Pass', 'Tiki Taka']",,,,,
139,Youri Tielemans,M,85,54,79,85,80,75,72,51,57,77,77,85,76,83,75,80,87,78,87,88,84,79,62,77,85,86,88,75,70,74,77,80,68,87,69,64,CM,4,4,Right,"176cm / 5'9""",72kg / 159lb,"['CDM', 'CAM']",28,Belgium,Premier League,Aston Villa,"['Pinged Pass+', 'Incisive Pass', 'Power Shot', 'Press Proven']",,,,,
144,Granit Xhaka,M,85,47,75,85,74,78,82,40,53,76,67,89,84,55,65,77,85,78,89,90,80,73,51,61,86,82,84,77,72,80,79,75,70,84,78,90,CDM,3,3,Left,"186cm / 6'1""",80kg / 176lb,['CM'],33,Switzerland,Premier League,Sunderland,"['Long Ball Pass+', 'Aerial Fortress', 'Bruiser', 'Finesse Shot', 'Incisive Pass', 'Power Shot']",,,,,
152,Rodrygo,M,85,88,80,79,87,31,64,89,87,83,83,76,77,67,82,79,84,77,79,73,82,88,86,84,83,87,85,21,67,24,34,30,77,81,59,52,RW,4,4,Right,"174cm / 5'9""",64kg / 141lb,"['ST', 'RM']",24,Brazil,LaLiga,Real Madrid,"['Dead Ball', 'Finesse Shot', 'Gamechanger', 'Inventive', 'Technical']",,,,,
153,Dani Olmo,M,85,73,79,83,87,50,56,78,69,83,80,79,80,80,66,78,86,75,87,81,75,87,86,87,86,87,82,57,43,50,50,44,60,65,54,51,CAM,4,4,Right,"179cm / 5'10""",72kg / 159lb,"['CM', 'ST']",27,Spain,LaLiga,Barcelona,"['Finesse Shot', 'First Touch', 'Gamechanger', 'Incisive Pass', 'Technical', 'Tiki Taka']",,,,,
154,Dayot Upamecano,M,85,77,45,64,73,84,84,76,78,47,39,64,42,33,39,48,58,28,79,78,36,72,66,65,84,76,74,86,83,84,84,82,85,73,87,88,CB,3,3,Right,"186cm / 6'1""",90kg / 198lb,,27,France,Bundesliga,Bayern Munich,"['Bruiser', 'Jockey', 'Long Ball Pass', 'Pinged Pass']",,,,,
156,Patrik Schick,M,85,72,83,71,81,38,77,72,72,87,86,85,78,84,61,64,75,56,78,64,78,81,80,67,85,83,85,25,88,44,29,19,91,69,85,65,ST,3,3,Left,"191cm / 6'3""",87kg / 192lb,,29,Czech Republic,Bundesliga,Leverkusen,"['Acrobatic', 'Low Driven Shot', 'Precision Header']",,,,,
157,Bremer,M,85,82,50,58,66,86,80,78,86,58,49,68,39,38,43,46,45,24,75,69,42,62,65,63,78,68,78,84,87,87,87,84,92,65,84,84,CB,2,2,Right,"187cm / 6'2""",84kg / 185lb,,28,Brazil,Serie A,Juventus,"['Aerial Fortress', 'Block', 'Bruiser', 'Long Ball Pass', 'Precision Header']",,,,,
162,Marcos Llorente,M,84,89,79,78,81,78,82,87,91,79,80,84,79,66,65,76,79,63,81,80,78,81,83,74,81,82,79,80,67,77,82,74,84,92,77,80,RB,4,3,Right,"184cm / 6'0""",74kg / 163lb,"['CM', 'RM']",30,Spain,LaLiga,Ath Madrid,"['Power Shot', 'Quick Step', 'Rapid', 'Relentless', 'Whipped Pass']",,,,,
166,Sancet,M,84,76,83,80,85,70,82,74,77,85,85,83,81,79,77,75,84,63,84,80,82,85,84,79,84,85,85,71,82,67,70,60,88,86,80,80,CAM,4,4,Right,"188cm / 6'2""",77kg / 170lb,"['CM', 'ST']",25,Spain,LaLiga,Ath Bilbao,"['Finesse Shot', 'First Touch', 'Precision Header', 'Technical']",,,,,
170,Alphonso Davies,M,84,94,66,78,85,74,76,95,93,77,64,74,63,59,54,85,77,44,84,71,72,85,84,83,86,85,78,79,74,72,74,73,95,79,75,72,LB,3,4,Left,"185cm / 6'1""",77kg / 170lb,['LM'],25,Canada,Bundesliga,Bayern Munich,"['Quick Step', 'Rapid']",,,,,
173,Jordan Pickford,M,84,84,78,88,87,53,81,57,47,18,19,66,13,20,48,17,69,16,59,61,18,20,59,55,82,42,65,26,18,21,20,12,75,40,72,45,GK,4,1,Left,"185cm / 6'1""",77kg / 170lb,,31,England,Premier League,Everton,"['Far Throw', 'Footwork', 'Long Ball Pass']",84.0,78.0,88.0,81.0,87.0
174,Denzel Dumfries,M,84,84,70,75,79,79,84,78,88,82,75,74,61,51,51,82,67,45,80,74,72,80,69,60,83,82,78,78,85,79,79,77,91,88,81,84,RB,3,2,Right,"188cm / 6'2""",80kg / 176lb,['RM'],29,Holland,Serie A,Milano FC,"['Long Throw', 'Precision Header', 'Quick Step', 'Rapid']",,,,,
177,Joško Gvardiol,M,84,78,71,75,78,84,82,77,79,69,68,81,74,60,61,73,70,59,81,76,74,78,68,67,85,80,81,84,80,84,85,84,88,81,80,86,LB,5,3,Left,"185cm / 6'1""",80kg / 176lb,"['CB', 'LM']",23,Croatia,Premier League,Man City,"['Block+', 'Jockey', 'Low Driven Shot', 'Pinged Pass']",,,,,
182,Aurélien Tchouaméni,M,84,71,69,79,78,81,82,73,70,74,65,78,75,50,55,68,81,53,85,84,76,78,72,70,82,81,82,83,75,81,83,80,84,83,82,80,CDM,3,3,Right,"187cm / 6'2""",81kg / 179lb,"['CM', 'CB']",25,France,LaLiga,Real Madrid,"['Aerial Fortress', 'Anticipate', 'Bruiser', 'Intercept', 'Jockey', 'Precision Header', 'Relentless']",,,,,
185,Marc Cucurella,M,84,75,64,79,80,82,79,77,74,76,61,73,63,55,57,81,77,63,82,79,79,78,82,83,84,80,79,82,72,83,84,82,86,89,70,85,LB,3,3,Left,"174cm / 5'9""",66kg / 146lb,,27,Spain,Premier League,Chelsea,"['Block', 'Jockey', 'Press Proven', 'Relentless']",,,,,
190,Grimaldo,M,84,72,73,87,85,74,67,76,68,78,67,84,83,63,54,91,85,89,86,86,89,84,84,86,85,86,83,79,62,76,75,69,68,91,54,69,LM,2,4,Left,"171cm / 5'7""",68kg / 150lb,"['LB', 'LW']",30,Spain,Bundesliga,Leverkusen,"['Whipped Pass+', 'Dead Ball', 'Finesse Shot', 'First Touch', 'Inventive']",,,,,
191,Benjamin Pavard,M,84,75,67,76,75,86,79,74,76,68,60,80,70,81,51,76,69,51,83,81,67,71,71,66,86,79,83,86,84,85,89,84,87,80,76,81,CB,3,3,Right,"186cm / 6'1""",81kg / 179lb,,29,France,Ligue 1,Marseille,['Jockey+'],,,,,
193,Enzo Fernández,M,84,68,75,85,81,73,75,68,68,78,72,82,76,77,73,79,86,76,88,89,84,80,75,78,86,85,82,74,71,72,75,72,74,85,67,83,CM,4,3,Right,"178cm / 5'10""",76kg / 168lb,"['CDM', 'CAM']",24,Argentina,Premier League,Chelsea,"['Long Ball Pass+', 'First Touch', 'Press Proven', 'Relentless']",,,,,
194,Wojciech Szczęsny,M,84,82,83,75,84,48,84,49,46,14,12,56,14,14,18,12,48,14,51,66,16,11,55,51,80,22,65,15,16,20,13,12,69,45,65,40,GK,3,1,Right,"196cm / 6'5""",90kg / 198lb,,35,Poland,LaLiga,Barcelona,['Far Throw'],82.0,83.0,75.0,84.0,84.0
196,Álex Baena,M,84,79,76,84,82,65,68,79,79,82,77,77,76,69,68,85,84,80,87,82,78,83,80,76,82,84,74,66,58,67,66,64,71,78,60,76,LM,4,3,Right,"175cm / 5'9""",70kg / 154lb,"['ST', 'LW']",24,Spain,LaLiga,Ath Madrid,"['Dead Ball', 'First Touch', 'Incisive Pass', 'Inventive', 'Long Ball Pass', 'Technical', 'Tiki Taka']",,,,,
197,Mattia Zaccagni,M,84,88,78,77,87,57,66,90,87,80,79,78,76,74,72,75,79,71,80,77,70,88,92,83,83,87,83,58,66,55,58,52,77,81,59,61,LM,4,4,Right,"177cm / 5'10""",63kg / 139lb,['LW'],30,Italy,Serie A,Lazio,"['Dead Ball', 'Finesse Shot', 'Gamechanger', 'Incisive Pass', 'Intercept', 'Inventive', 'Technical']",,,,,
198,Giorgi Mamardashvili,M,84,84,81,72,84,48,84,48,48,8,9,54,7,7,11,13,34,10,20,20,11,11,40,26,74,22,26,8,14,5,12,10,71,45,74,25,GK,3,1,Left,"199cm / 6'6""",88kg / 194lb,,25,Georgia,Premier League,Liverpool,"['Cross Claimer', 'Far Throw', 'Footwork']",84.0,81.0,72.0,84.0,84.0
199,Exequiel Palacios,M,84,62,76,80,82,81,71,72,53,79,74,81,79,63,72,70,83,54,86,84,73,82,78,79,85,84,83,86,67,80,84,80,74,68,67,84,CM,4,3,Right,"178cm / 5'10""",69kg / 152lb,['CDM'],27,Argentina,Bundesliga,Leverkusen,['Anticipate'],,,,,
201,Xavi Simons,M,84,77,77,80,87,61,70,83,72,79,79,78,81,62,61,74,85,65,84,79,82,87,90,87,85,86,81,65,60,60,62,56,68,82,62,76,CAM,3,4,Right,"179cm / 5'10""",58kg / 128lb,"['LM', 'ST']",22,Holland,Premier League,Tottenham,"['Finesse Shot', 'First Touch', 'Incisive Pass', 'Inventive', 'Technical', 'Tiki Taka']",,,,,
203,Manuel Neuer,M,84,81,81,90,81,31,86,29,35,12,13,68,16,11,49,15,68,11,60,67,14,30,51,35,83,44,67,30,25,17,10,11,71,43,80,29,GK,4,1,Right,"193cm / 6'4""",93kg / 205lb,,39,Germany,Bundesliga,Bayern Munich,"['Pinged Pass+', 'Far Throw', 'Long Ball Pass']",81.0,81.0,90.0,86.0,81.0
207,Cody Gakpo,M,84,83,82,80,83,47,74,85,82,83,81,88,83,78,68,83,81,76,81,75,82,86,75,67,83,85,83,45,81,42,48,31,89,76,75,63,LM,4,4,Right,"189cm / 6'2""",76kg / 168lb,['LW'],26,Holland,Premier League,Liverpool,"['Finesse Shot', 'First Touch', 'Precision Header', 'Press Proven', 'Whipped Pass']",,,,,
208,Bernardo Silva,M,84,61,78,83,89,71,65,68,55,80,78,79,79,78,64,82,85,67,86,82,84,88,93,92,87,88,86,73,54,70,76,68,58,90,47,78,CM,3,4,Left,"173cm / 5'8""",65kg / 143lb,"['RM', 'CDM', 'CAM']",31,Portugal,Premier League,Man City,"['Tiki Taka+', 'Gamechanger', 'Low Driven Shot', 'Relentless', 'Technical', 'Whipped Pass']",,,,,
209,Manuel Locatelli,M,84,63,69,80,76,81,78,61,65,68,58,79,80,70,75,73,82,64,85,84,73,76,65,61,82,81,82,81,68,82,85,80,72,89,71,81,CDM,4,3,Right,"185cm / 6'1""",75kg / 165lb,['CM'],27,Italy,Serie A,Juventus,"['Aerial Fortress', 'Anticipate', 'Block', 'Inventive', 'Jockey', 'Long Ball Pass', 'Relentless']",,,,,
210,Christian Pulisic,M,84,88,82,80,86,46,65,90,86,84,85,81,80,76,80,80,80,75,81,75,84,86,88,81,85,86,83,40,50,50,42,50,70,76,57,70,RW,5,4,Right,"178cm / 5'10""",73kg / 161lb,"['RM', 'CAM']",27,United States,Serie A,Milan,"['Dead Ball', 'Incisive Pass', 'Low Driven Shot', 'Quick Step']",,,,,
213,Ollie Watkins,M,84,77,83,73,80,50,80,77,77,87,85,84,76,84,74,67,77,63,79,64,74,81,78,70,85,79,77,55,85,45,46,36,89,88,76,76,ST,4,3,Right,"180cm / 5'11""",70kg / 154lb,,29,England,Premier League,Aston Villa,"['Chip Shot', 'Low Driven Shot', 'Precision Header', 'Relentless']",,,,,
214,James Maddison,M,84,67,81,86,85,58,64,70,65,83,80,83,82,77,77,84,87,87,86,86,86,86,82,82,80,87,87,58,35,61,68,45,56,78,56,70,CM,4,4,Right,"175cm / 5'9""",73kg / 161lb,"['CAM', 'CDM']",29,England,Premier League,Tottenham,"['Dead Ball', 'Finesse Shot', 'Gamechanger', 'Incisive Pass', 'Inventive', 'Whipped Pass']",,,,,
215,Marco Carnesecchi,M,84,86,83,71,86,30,85,24,39,9,8,53,10,7,17,11,54,12,36,31,18,14,40,25,71,21,40,13,20,16,17,14,58,28,55,27,GK,3,1,Right,"191cm / 6'3""",83kg / 183lb,,25,Italy,Serie A,Bergamo Calcio,['Rush Out'],86.0,83.0,71.0,85.0,86.0
216,Omar Marmoush,M,84,89,85,76,86,34,71,87,90,87,87,85,84,82,79,64,79,84,85,63,77,87,89,78,85,86,84,34,69,31,30,21,80,76,67,72,ST,3,4,Right,"183cm / 6'0""",81kg / 179lb,"['CAM', 'LW']",26,Egypt,Premier League,Man City,"['Dead Ball', 'Finesse Shot', 'Technical']",,,,,
217,Rafael Leão,M,84,93,78,80,86,28,75,93,93,76,82,80,74,74,63,84,81,60,83,70,79,87,84,79,83,86,83,24,72,22,24,21,89,75,79,60,LW,4,5,Right,"188cm / 6'2""",81kg / 179lb,['LM'],26,Portugal,Serie A,Milan,"['Gamechanger', 'Incisive Pass', 'Quick Step', 'Rapid', 'Trickster']",,,,,
218,Éder Militão,M,84,82,50,69,71,85,82,80,83,64,48,62,42,34,60,69,59,40,78,76,60,70,66,62,83,72,76,84,86,84,85,84,91,85,79,83,CB,3,2,Right,"186cm / 6'1""",79kg / 174lb,,27,Brazil,LaLiga,Real Madrid,"['Aerial Fortress', 'Block', 'Intercept', 'Precision Header']",,,,,
219,Romelu Lukaku,M,84,79,82,75,75,41,84,71,86,88,84,86,73,70,88,68,82,60,80,70,74,76,55,54,84,80,82,36,83,35,40,30,92,74,94,68,ST,4,3,Left,"191cm / 6'3""",94kg / 207lb,,32,Belgium,Serie A,Napoli,"['Enforcer', 'Incisive Pass', 'Low Driven Shot', 'Power Shot', 'Press Proven']",,,,,
220,Isco,M,84,66,79,85,85,59,60,67,65,85,80,78,79,71,78,84,88,76,86,83,85,86,84,84,80,86,87,61,55,58,62,51,63,67,55,63,CAM,4,4,Right,"176cm / 5'9""",79kg / 174lb,"['LM', 'CM']",33,Spain,LaLiga,Betis,"['Dead Ball', 'Finesse Shot', 'Gamechanger', 'Incisive Pass', 'Inventive', 'Technical']",,,,,
221,Bradley Barcola,M,84,90,77,78,84,39,66,88,91,84,80,74,74,73,66,81,79,64,83,64,80,86,88,64,82,84,83,39,69,34,39,28,79,74,64,60,LW,4,4,Right,"188cm / 6'2""",70kg / 154lb,"['RW', 'LM']",23,France,Ligue 1,Paris SG,"['Finesse Shot', 'Gamechanger', 'Rapid']",,,,,
223,Vivian,M,84,79,50,63,72,84,83,76,81,30,52,62,33,51,67,46,60,22,79,75,28,70,66,73,84,76,72,87,80,83,85,83,89,77,83,87,CB,2,2,Right,"183cm / 6'0""",83kg / 183lb,,26,Spain,LaLiga,Ath Bilbao,"['Intercept', 'Long Ball Pass']",,,,,
224,Ademola Lookman,M,84,86,84,73,88,32,67,90,83,87,87,86,80,80,62,66,80,56,80,62,72,89,93,81,86,88,80,35,71,30,23,24,82,73,63,68,ST,4,4,Right,"174cm / 5'9""",71kg / 157lb,['CAM'],28,Nigeria,Serie A,Bergamo Calcio,"['Dead Ball', 'First Touch', 'Gamechanger', 'Low Driven Shot', 'Quick Step']",,,,,
226,Alexander Sørloth,M,84,77,82,71,76,36,85,72,81,84,85,86,76,79,70,66,73,60,78,59,74,77,56,55,83,82,83,36,83,39,23,21,91,84,90,74,ST,4,3,Left,"195cm / 6'5""",94kg / 207lb,"['RW', 'RM']",29,Norway,LaLiga,Ath Madrid,"['Enforcer', 'Gamechanger', 'Low Driven Shot', 'Power Shot', 'Precision Header']",,,,,
231,Francesco Acerbi,M,84,57,50,65,65,87,81,61,54,20,37,75,60,39,61,34,65,56,79,82,58,65,39,34,88,72,86,88,84,89,87,82,85,73,84,82,CB,3,3,Left,"192cm / 6'4""",88kg / 194lb,,37,Italy,Serie A,Milano FC,"['Intercept+', 'Aerial Fortress', 'Bruiser', 'Long Ball Pass', 'Precision Header', 'Slide Tackle']",,,,,
232,Stefan de Vrij,M,84,62,41,68,69,86,74,63,61,31,25,65,60,27,41,49,70,36,83,74,45,66,60,60,85,74,85,85,82,88,87,82,81,70,74,79,CB,3,2,Right,"189cm / 6'2""",78kg / 172lb,,33,Holland,Serie A,Milano FC,['Bruiser'],,,,,
233,Willi Orban,M,84,57,40,56,56,86,83,48,65,43,44,45,29,31,41,39,44,32,74,68,28,52,48,52,84,59,73,83,86,88,88,81,89,74,85,86,CB,3,2,Right,"186cm / 6'1""",89kg / 196lb,,33,Hungary,Bundesliga,RB Leipzig,"['Block+', 'Aerial Fortress', 'Bruiser']",,,,,
234,Adrien Rabiot,M,83,81,79,81,80,77,84,75,86,88,79,83,77,76,69,78,84,59,85,80,73,81,69,69,84,84,85,78,83,72,79,74,90,94,82,77,CAM,3,3,Left,"191cm / 6'3""",80kg / 176lb,['CM'],30,France,Serie A,Milan,"['First Touch', 'Precision Header', 'Press Proven']",,,,,
235,Eduardo Camavinga,M,83,80,68,81,84,78,80,81,80,73,64,75,70,59,62,77,83,59,86,84,74,84,82,81,82,86,84,82,64,76,82,81,82,84,79,79,CM,3,4,Left,"185cm / 6'1""",77kg / 170lb,"['CDM', 'LB']",23,France,LaLiga,Real Madrid,"['Block', 'Bruiser', 'Jockey', 'Technical']",,,,,
236,Dominik Szoboszlai,M,83,79,82,84,82,67,76,76,81,83,79,89,79,81,83,83,83,83,85,83,87,83,78,68,83,84,82,67,65,65,72,63,76,89,69,75,CAM,4,4,Right,"186cm / 6'1""",74kg / 163lb,['CM'],25,Hungary,Premier League,Liverpool,"['Power Shot', 'Technical', 'Whipped Pass']",,,,,
237,Henrikh Mkhitaryan,M,83,77,78,82,83,72,75,79,75,83,78,81,76,79,72,76,84,69,85,82,83,82,81,80,83,86,85,75,68,71,74,70,77,84,67,82,CM,5,4,Right,"177cm / 5'10""",75kg / 165lb,,36,Armenia,Serie A,Milano FC,"['Anticipate', 'Incisive Pass', 'Inventive', 'Jockey', 'Relentless', 'Technical']",,,,,
241,Giovanni Di Lorenzo,M,83,84,72,73,77,79,80,83,85,74,72,75,72,63,60,79,68,66,76,72,67,76,76,74,80,78,74,80,72,79,81,78,84,90,74,79,RB,4,3,Right,"183cm / 6'0""",82kg / 181lb,"['CB', 'RM']",32,Italy,Serie A,Napoli,"['First Touch', 'Long Ball Pass', 'Relentless']",,,,,
243,Dejan Kulusevski,M,83,74,79,84,85,62,81,77,72,83,82,78,74,83,70,84,86,68,86,78,86,88,77,72,87,86,85,65,52,62,66,58,75,91,80,74,CM,3,4,Left,"186cm / 6'1""",80kg / 176lb,"['RW', 'CAM']",25,Sweden,Premier League,Tottenham,"['Finesse Shot', 'Press Proven', 'Relentless', 'Whipped Pass']",,,,,
245,Mikel Merino,M,83,63,79,80,80,81,80,64,63,81,80,85,76,58,70,77,80,69,84,80,80,82,63,63,84,84,81,83,87,78,82,76,85,82,78,83,CM,3,3,Left,"189cm / 6'2""",83kg / 183lb,['ST'],29,Spain,Premier League,Arsenal,"['Aerial Fortress', 'Power Shot', 'Precision Header', 'Relentless']",,,,,
248,Ayoze,M,83,86,83,80,83,59,67,87,86,86,86,81,81,80,78,80,82,60,84,75,76,84,80,81,83,83,81,49,81,61,61,42,85,70,60,76,ST,4,4,Right,"178cm / 5'10""",66kg / 146lb,['CAM'],32,Spain,LaLiga,Villarreal,"['Acrobatic', 'Gamechanger', 'Incisive Pass', 'Low Driven Shot', 'Technical']",,,,,
249,Iñaki Williams,M,83,94,81,74,80,45,84,93,94,85,82,86,76,79,68,78,76,58,76,65,80,83,78,62,83,80,78,30,80,42,48,38,95,88,84,76,RM,3,4,Right,"186cm / 6'1""",80kg / 176lb,"['ST', 'RW']",31,Ghana,LaLiga,Ath Bilbao,"['Finesse Shot', 'Low Driven Shot', 'Power Shot', 'Quick Step', 'Rapid']",,,,,
254,Joan García,M,83,81,82,77,86,46,83,48,44,6,6,58,9,7,18,13,54,12,48,49,12,17,59,42,77,28,59,13,12,7,13,14,64,35,59,30,GK,3,1,Right,"191cm / 6'3""",79kg / 174lb,,24,Spain,LaLiga,Barcelona,['Cross Claimer'],81.0,82.0,77.0,83.0,86.0
256,Álex Remiro,M,83,83,78,80,84,45,84,44,46,11,13,60,11,15,24,12,44,17,36,29,14,19,70,40,78,26,55,20,13,14,17,18,69,42,73,34,GK,4,1,Right,"191cm / 6'3""",79kg / 174lb,,30,Spain,LaLiga,Sociedad,"['Far Throw', 'Footwork', 'Long Ball Pass']",83.0,78.0,80.0,84.0,84.0
258,Dávid Hancko,M,83,77,66,73,74,82,82,76,77,69,63,76,68,42,69,66,68,72,80,76,60,73,73,55,84,78,77,80,82,83,82,83,85,74,87,77,CB,3,2,Left,"188cm / 6'2""",82kg / 181lb,"['LB', 'LM']",27,Slovakia,LaLiga,Ath Madrid,"['Anticipate', 'Jockey', 'Long Ball Pass', 'Precision Header']",,,,,
261,Anthony Gordon,M,83,91,79,78,83,50,71,89,92,82,81,78,76,74,70,81,81,74,79,66,82,85,78,71,83,83,81,40,59,49,56,48,75,87,61,74,LW,3,3,Right,"183cm / 6'0""",72kg / 159lb,"['RW', 'LM']",24,England,Premier League,Newcastle,"['Finesse Shot', 'Quick Step', 'Rapid', 'Whipped Pass']",,,,,
262,Lucas Chevalier,M,83,84,79,73,86,50,80,52,46,7,9,55,8,9,16,12,47,14,38,34,15,14,38,38,80,17,45,10,12,10,10,11,63,41,53,23,GK,3,1,Right,"189cm / 6'2""",84kg / 185lb,,24,France,Ligue 1,Paris SG,"['Footwork', 'Rush Out']",84.0,79.0,73.0,80.0,86.0
264,Mateo Kovačić,M,83,67,74,81,83,73,72,70,64,76,68,81,85,76,59,73,82,70,86,84,78,84,76,75,84,85,84,77,42,75,77,79,62,77,68,77,CM,4,3,Right,"178cm / 5'10""",77kg / 170lb,"['CDM', 'CAM']",31,Croatia,Premier League,Man City,"['Incisive Pass', 'Press Proven']",,,,,
265,Aleix García,M,83,65,75,85,84,75,66,67,64,80,75,78,78,66,60,83,86,80,85,88,84,84,79,85,82,87,84,77,51,79,77,74,65,68,65,65,CM,3,3,Right,"173cm / 5'8""",68kg / 150lb,['CDM'],28,Spain,Bundesliga,Leverkusen,"['Press Proven+', 'Dead Ball', 'Inventive', 'Long Ball Pass', 'Tiki Taka']",,,,,
266,Thomas Partey,M,83,59,71,80,77,80,82,53,63,70,66,85,79,56,49,74,80,67,85,84,69,80,63,50,80,81,85,82,68,80,84,78,74,76,84,84,CDM,3,3,Right,"185cm / 6'1""",77kg / 170lb,"['CM', 'RB']",32,Ghana,LaLiga,Villarreal,"['Long Throw', 'Pinged Pass', 'Press Proven']",,,,,
267,Stanislav Lobotka,M,83,71,69,80,82,76,71,76,67,76,68,69,77,43,56,75,82,55,85,85,75,81,75,85,81,85,77,80,45,78,81,75,65,88,61,76,CM,4,3,Right,"170cm / 5'7""",68kg / 150lb,['CDM'],30,Slovakia,Serie A,Napoli,"['Anticipate', 'First Touch', 'Inventive', 'Long Ball Pass', 'Relentless', 'Technical']",,,,,
269,Jeremie Frimpong,M,83,94,62,74,84,72,63,95,93,82,66,62,53,58,43,82,73,47,78,63,77,85,89,88,84,83,76,77,54,74,71,79,68,85,47,75,RB,3,3,Right,"172cm / 5'8""",65kg / 143lb,"['RM', 'RW']",24,Holland,Premier League,Liverpool,"['Quick Step', 'Rapid', 'Slide Tackle']",,,,,
273,Luka Modrić,M,83,68,74,86,86,70,62,72,65,76,68,79,80,76,83,86,88,78,87,86,85,84,89,90,79,88,91,75,55,70,70,72,66,69,58,60,CM,4,4,Right,"172cm / 5'8""",67kg / 148lb,"['CAM', 'CDM']",40,Croatia,Serie A,Milan,"['Incisive Pass', 'Long Ball Pass', 'Technical', 'Whipped Pass']",,,,,
275,Oliver Baumann,M,83,83,81,78,83,39,80,37,41,10,11,59,13,11,22,14,44,11,34,30,12,19,45,43,82,17,52,21,16,15,18,14,66,39,69,32,GK,2,1,Right,"187cm / 6'2""",82kg / 181lb,,35,Germany,Bundesliga,Hoffenheim,"['Deflector', 'Footwork']",83.0,81.0,78.0,80.0,83.0
276,Matheus Cunha,M,83,77,85,79,84,44,75,78,76,80,85,87,88,78,76,79,81,70,81,75,83,85,76,74,82,87,83,42,68,43,41,39,79,82,73,72,CAM,4,4,Right,"183cm / 6'0""",76kg / 168lb,"['LW', 'ST']",26,Brazil,Premier League,Man United,"['Dead Ball', 'First Touch', 'Inventive', 'Power Shot', 'Trickster']",,,,,
277,Zubimendi,M,83,66,67,79,79,80,73,67,66,79,69,65,73,49,45,70,83,56,83,83,73,77,74,75,84,83,83,83,65,81,82,79,71,85,67,74,CDM,4,3,Right,"180cm / 5'11""",74kg / 163lb,['CM'],26,Spain,Premier League,Arsenal,"['Aerial Fortress', 'Intercept']",,,,,
278,Matz Sels,M,83,82,80,79,83,36,83,37,35,18,16,59,18,19,22,16,58,17,48,53,17,19,36,34,80,33,62,17,14,14,15,14,65,26,67,29,GK,2,1,Right,"188cm / 6'2""",75kg / 165lb,,33,Belgium,Premier League,Nott'm Forest,['Far Reach'],82.0,80.0,79.0,83.0,83.0
279,Gavi,M,83,76,66,78,85,68,70,77,75,81,71,56,70,49,51,69,83,47,84,82,74,86,86,90,86,85,77,79,42,59,78,72,62,84,58,85,CM,3,3,Right,"173cm / 5'8""",70kg / 154lb,['CAM'],21,Spain,LaLiga,Barcelona,"['Press Proven', 'Relentless', 'Slide Tackle', 'Tiki Taka']",,,,,
280,Eberechi Eze,M,83,74,80,81,87,50,68,73,75,80,79,81,82,79,76,76,83,77,83,78,82,87,87,89,82,87,87,52,56,40,58,42,71,76,68,58,CAM,4,4,Right,"178cm / 5'10""",67kg / 148lb,"['LW', 'ST']",27,England,Premier League,Arsenal,"['Dead Ball', 'Finesse Shot', 'First Touch', 'Gamechanger', 'Inventive', 'Power Shot', 'Technical']",,,,,
281,Balde,M,83,91,50,75,79,78,67,90,91,65,51,55,43,32,43,82,72,28,82,72,69,80,81,77,80,81,64,78,71,77,80,80,83,77,68,47,LB,4,3,Left,"175cm / 5'9""",69kg / 152lb,['LM'],22,Spain,LaLiga,Barcelona,"['Anticipate', 'Jockey', 'Quick Step']",,,,,
283,Loïs Openda,M,83,95,81,69,81,31,80,94,96,83,84,85,74,77,74,69,69,53,75,59,66,79,83,85,84,81,80,26,79,29,23,19,93,83,80,74,ST,4,3,Right,"175cm / 5'9""",79kg / 174lb,,25,Belgium,Serie A,Juventus,"['Acrobatic', 'Finesse Shot', 'Low Driven Shot', 'Quick Step', 'Rapid']",,,,,
284,Palhinha,M,83,56,68,70,72,84,85,54,58,69,66,81,67,55,57,60,71,45,77,77,66,75,51,50,79,76,84,85,81,83,86,85,83,79,86,91,CDM,4,2,Right,"190cm / 6'3""",83kg / 183lb,['CM'],30,Portugal,Premier League,Tottenham,"['Bruiser+', 'Slide Tackle']",,,,,
285,Julian Brandt,M,83,74,78,83,84,44,70,67,79,82,77,82,78,81,55,78,86,78,85,83,82,84,83,82,82,85,85,56,54,49,29,39,69,85,72,44,CAM,4,4,Right,"185cm / 6'1""",83kg / 183lb,['CM'],29,Germany,Bundesliga,Dortmund,"['Dead Ball', 'First Touch', 'Incisive Pass', 'Inventive', 'Technical', 'Tiki Taka']",,,,,
286,Jarrod Bowen,M,83,76,81,78,82,46,70,78,74,83,84,80,80,73,75,80,79,70,80,73,75,82,79,81,84,82,80,37,82,49,41,37,84,83,66,62,RM,4,4,Left,"175cm / 5'9""",70kg / 154lb,"['ST', 'RW']",28,England,Premier League,West Ham,"['Gamechanger', 'Low Driven Shot', 'Precision Header', 'Technical']",,,,,
288,Murillo,M,83,80,48,67,71,83,83,83,78,40,33,72,60,35,52,53,62,56,76,77,57,69,65,63,82,73,79,83,79,83,83,84,95,70,90,81,CB,3,2,Left,"180cm / 5'11""",75kg / 165lb,,23,Brazil,Premier League,Nott'm Forest,"['Block', 'Bruiser', 'Intercept', 'Long Ball Pass']",,,,,
290,Boubacar Kamara,M,83,64,55,74,75,83,80,62,65,62,47,67,63,28,63,64,75,47,84,77,59,73,66,72,81,80,85,85,72,84,86,80,78,81,79,80,CDM,3,3,Right,"184cm / 6'0""",68kg / 150lb,['CM'],26,France,Premier League,Aston Villa,['Block'],,,,,
291,Nathan Aké,M,83,72,53,72,75,84,74,73,71,51,48,64,56,52,53,63,68,59,80,75,64,73,67,68,84,79,79,83,82,84,84,84,86,64,76,80,CB,3,2,Left,"180cm / 5'11""",75kg / 165lb,"['LB', 'LM']",30,Holland,Premier League,Man City,[],,,,,
292,Ferran Torres,M,83,83,81,79,83,35,68,86,80,82,84,79,81,74,74,81,79,60,82,77,76,84,85,78,81,83,82,34,75,35,24,28,84,72,69,54,LW,4,4,Right,"184cm / 6'0""",77kg / 170lb,"['RW', 'ST', 'LM']",25,Spain,LaLiga,Barcelona,"['Finesse Shot', 'Technical']",,,,,
293,Angelo Stiller,M,83,56,58,83,84,76,71,68,47,65,49,73,65,51,42,77,87,68,88,83,69,83,82,80,85,85,84,80,67,77,78,69,72,80,67,71,CDM,3,3,Left,"183cm / 6'0""",77kg / 170lb,['CM'],24,Germany,Bundesliga,Stuttgart,"['Tiki Taka+', 'Incisive Pass', 'Long Ball Pass', 'Press Proven']",,,,,
294,Piero Hincapié,M,83,84,41,65,72,84,82,80,88,60,41,50,31,33,33,55,57,32,78,74,56,70,74,69,82,74,76,83,79,83,85,88,88,85,77,87,CB,2,3,Left,"184cm / 6'0""",77kg / 170lb,"['LB', 'LM']",23,Ecuador,Premier League,Arsenal,"['Slide Tackle+', 'Block', 'Jockey']",,,,,
295,Artem Dovbyk,M,83,83,84,68,78,34,79,80,86,85,86,89,78,67,84,48,72,58,79,69,63,79,72,66,80,79,83,25,85,32,28,23,91,77,80,74,ST,4,3,Left,"189cm / 6'2""",78kg / 172lb,,28,Ukraine,Serie A,Roma,[],,,,,
297,Hugo Ekitiké,M,83,86,78,69,85,33,73,85,87,86,79,82,75,77,62,51,79,51,82,57,69,87,80,74,83,86,78,23,77,28,35,19,85,86,69,65,ST,3,4,Right,"189cm / 6'2""",70kg / 154lb,['CAM'],23,France,Premier League,Liverpool,"['Chip Shot', 'Finesse Shot', 'Technical']",,,,,
298,Iago Aspas,M,83,77,84,80,84,35,62,78,76,85,85,83,83,82,85,80,81,83,82,75,81,85,81,71,82,85,84,39,77,39,21,18,80,57,61,65,RW,4,3,Left,"176cm / 5'9""",67kg / 148lb,"['ST', 'RM']",38,Spain,LaLiga,Celta,"['Chip Shot', 'Dead Ball', 'Finesse Shot', 'Incisive Pass', 'Low Driven Shot']",,,,,
299,Moise Kean,M,83,86,82,58,81,40,74,84,87,86,88,87,69,72,65,51,58,48,68,46,69,82,79,79,78,83,77,31,83,40,36,30,89,82,72,65,ST,3,3,Right,"183cm / 6'0""",72kg / 159lb,,25,Italy,Serie A,Fiorentina,"['Chip Shot', 'Gamechanger', 'Rapid']",,,,,
300,Ronald Araujo,M,83,80,53,63,61,81,83,73,85,56,56,68,35,38,43,58,59,45,73,66,47,55,54,55,81,66,76,81,83,79,83,82,91,72,87,87,CB,3,2,Right,"188cm / 6'2""",79kg / 174lb,['RB'],26,Uruguay,LaLiga,Barcelona,"['Aerial Fortress', 'Anticipate', 'Block', 'Jockey', 'Precision Header', 'Slide Tackle']",,,,,
304,Leandro Trossard,M,83,80,81,80,85,30,60,87,75,83,83,83,78,80,75,79,81,69,82,77,83,84,92,85,82,84,84,18,65,30,31,18,74,76,55,47,LW,5,4,Right,"171cm / 5'7""",67kg / 148lb,"['ST', 'LM']",30,Belgium,Premier League,Arsenal,['Whipped Pass'],,,,,
305,Benjamin White,M,83,70,35,75,75,83,78,68,71,59,30,53,27,23,24,77,76,20,80,79,64,74,68,61,84,79,81,84,78,83,84,82,82,78,77,81,RB,4,2,Right,"185cm / 6'1""",77kg / 170lb,,28,England,Premier League,Arsenal,['Block'],,,,,
308,José María Giménez,M,83,73,46,60,62,85,82,68,77,25,37,73,48,34,40,47,46,44,75,72,37,55,60,57,78,70,75,84,82,87,85,85,87,71,85,87,CB,3,2,Right,"185cm / 6'1""",79kg / 174lb,,30,Uruguay,LaLiga,Ath Madrid,"['Long Ball Pass', 'Precision Header', 'Slide Tackle']",,,,,
309,Gianluca Mancini,M,83,70,50,57,64,85,82,65,74,36,48,51,58,40,47,34,56,34,70,72,38,59,35,58,85,76,83,85,84,87,84,78,85,84,79,87,CB,3,2,Right,"190cm / 6'3""",77kg / 170lb,,29,Italy,Serie A,Roma,"['Anticipate', 'Bruiser', 'Intercept', 'Precision Header']",,,,,
310,Amir Rrahmani,M,83,69,51,60,63,84,78,54,82,49,43,60,66,39,34,49,48,41,74,68,49,59,48,52,80,71,70,85,81,87,82,80,81,71,80,81,CB,4,2,Right,"192cm / 6'4""",75kg / 165lb,,31,Kosovo,Serie A,Napoli,"['Aerial Fortress', 'Block', 'Long Ball Pass', 'Slide Tackle']",,,,,
312,Nikola Milenković,M,83,57,46,63,62,84,86,62,53,33,38,60,54,62,34,66,55,29,73,67,43,60,40,33,83,70,78,82,85,85,86,81,88,77,90,86,CB,3,2,Right,"195cm / 6'5""",90kg / 198lb,,28,Serbia,Premier League,Nott'm Forest,"['Aerial Fortress', 'Anticipate', 'Long Ball Pass']",,,,,
313,Robin Le Normand,M,83,65,28,59,63,84,80,60,69,21,22,45,22,38,34,35,48,25,81,74,34,55,54,62,83,74,73,83,85,84,86,82,86,70,86,76,CB,3,2,Right,"187cm / 6'2""",80kg / 176lb,,29,Spain,LaLiga,Ath Madrid,"['Aerial Fortress', 'Slide Tackle']",,,,,
315,Leon Goretzka,M,82,77,78,80,80,80,82,72,81,84,76,83,82,74,60,74,79,70,85,84,76,80,74,71,85,82,82,85,84,75,83,75,84,69,87,83,CM,4,3,Right,"189cm / 6'2""",82kg / 181lb,"['CDM', 'CAM']",30,Germany,Bundesliga,Bayern Munich,"['Aerial Fortress', 'Bruiser', 'Incisive Pass', 'Power Shot', 'Precision Header']",,,,,
316,Joelinton,M,82,74,73,77,81,82,90,69,78,79,75,84,63,60,61,73,80,38,84,79,62,83,68,66,85,83,83,84,82,79,84,77,90,89,90,91,CM,3,3,Right,"186cm / 6'1""",81kg / 179lb,"['LW', 'LM']",29,Brazil,Premier League,Newcastle,"['Aerial Fortress', 'Bruiser', 'Enforcer', 'Press Proven', 'Relentless']",,,,,
320,Felix Nmecha,M,82,82,74,73,81,80,86,77,86,76,73,81,73,66,55,59,77,49,80,80,72,83,77,76,80,82,79,79,83,78,83,80,94,78,90,82,CDM,3,4,Right,"194cm / 6'4""",80kg / 176lb,['CM'],25,Germany,Bundesliga,Dortmund,"['Aerial Fortress', 'Block', 'Bruiser', 'Press Proven']",,,,,
323,André-Franck Zambo Anguissa,M,82,75,75,75,79,79,85,74,76,82,76,75,78,58,60,62,80,56,83,80,59,79,74,71,84,82,80,80,76,79,80,74,87,89,82,85,CM,3,3,Right,"184cm / 6'0""",83kg / 183lb,['CAM'],30,Cameroon,Serie A,Napoli,"['Aerial Fortress', 'Precision Header', 'Press Proven', 'Relentless']",,,,,
324,Éderson,M,82,78,72,77,80,80,81,78,78,74,72,78,70,59,57,70,80,50,84,82,65,81,69,66,80,84,84,83,65,80,84,75,80,89,77,80,CM,3,3,Right,"182cm / 6'0""",86kg / 190lb,,26,Brazil,Serie A,Bergamo Calcio,"['Aerial Fortress', 'Anticipate', 'Incisive Pass', 'Intercept', 'Long Ball Pass', 'Precision Header', 'Relentless']",,,,,
325,Emre Can,M,82,77,76,72,74,82,84,67,85,70,71,85,78,69,85,63,69,64,77,74,77,73,65,72,79,75,83,78,82,79,86,85,81,76,86,91,CB,4,3,Right,"186cm / 6'1""",86kg / 190lb,"['CDM', 'CM']",31,Germany,Bundesliga,Dortmund,"['Bruiser+', 'Long Ball Pass', 'Pinged Pass', 'Press Proven', 'Slide Tackle']",,,,,
328,Pedro Porro,M,82,78,73,81,80,77,76,78,78,76,68,84,75,64,66,87,80,78,80,78,85,80,80,71,80,81,79,78,69,76,79,77,77,91,68,75,RB,3,3,Right,"173cm / 5'8""",69kg / 152lb,['RM'],26,Spain,Premier League,Tottenham,"['Block', 'Long Ball Pass', 'Power Shot', 'Relentless', 'Tiki Taka', 'Whipped Pass']",,,,,
330,Denis Zakaria,M,82,80,67,74,77,80,85,72,86,65,64,80,69,46,48,68,74,46,82,79,63,78,67,61,80,80,82,79,78,81,82,78,89,80,87,87,CDM,3,3,Right,"190cm / 6'3""",81kg / 179lb,['CM'],29,Switzerland,Ligue 1,Monaco,"['Anticipate', 'Intercept', 'Precision Header']",,,,,
332,Morgan Rogers,M,82,77,77,79,84,67,79,74,79,81,80,76,75,74,60,75,83,55,82,78,76,86,80,74,82,84,85,68,64,68,72,49,79,83,80,70,CAM,4,4,Right,"188cm / 6'2""",80kg / 176lb,"['RM', 'LM', 'CM']",23,England,Premier League,Aston Villa,"['Enforcer', 'Incisive Pass', 'Technical']",,,,,
334,Mile Svilar,M,82,80,80,77,85,58,82,60,55,9,14,58,18,16,37,18,53,22,42,42,23,26,66,54,79,28,48,13,22,12,24,19,72,32,61,28,GK,3,1,Right,"189cm / 6'2""",77kg / 170lb,,26,Serbia,Serie A,Roma,"['Cross Claimer', 'Rush Out']",80.0,80.0,77.0,82.0,85.0
335,Malik Tillman,M,82,84,76,77,83,65,77,83,84,78,75,77,84,60,60,69,79,75,80,75,82,83,83,82,81,84,78,66,73,60,67,59,88,76,82,62,CAM,3,4,Right,"187cm / 6'2""",71kg / 157lb,"['LW', 'CM']",23,United States,Bundesliga,Leverkusen,"['First Touch', 'Incisive Pass', 'Inventive', 'Power Shot', 'Technical']",,,,,
340,Konrad Laimer,M,82,82,69,76,75,81,76,82,82,73,69,74,68,60,54,76,76,47,81,78,70,74,76,77,84,75,79,80,67,86,81,79,78,79,69,88,RB,3,3,Right,"180cm / 5'11""",72kg / 159lb,"['CDM', 'CM', 'RM']",28,Austria,Bundesliga,Bayern Munich,"['Block', 'Bruiser', 'Relentless']",,,,,
341,Mattéo Guendouzi,M,82,72,73,80,80,77,77,69,74,74,73,75,75,64,70,71,83,67,85,81,75,78,83,71,81,84,82,80,69,76,79,72,73,90,67,86,CDM,3,4,Right,"185cm / 6'1""",68kg / 150lb,['CM'],26,France,Serie A,Lazio,"['Anticipate', 'Block', 'First Touch', 'Incisive Pass', 'Jockey', 'Relentless', 'Tiki Taka']",,,,,
343,Álex Berenguer,M,82,84,77,79,84,65,69,85,84,82,79,78,72,70,72,81,77,80,80,73,82,84,87,88,79,83,83,65,73,65,65,61,79,80,59,76,LM,4,3,Right,"175cm / 5'9""",73kg / 161lb,"['RM', 'CAM', 'LW']",30,Spain,LaLiga,Ath Bilbao,"['Finesse Shot', 'Rapid']",,,,,
344,David Raum,M,82,86,61,80,79,74,78,86,86,71,59,64,66,55,49,88,79,70,78,77,85,79,77,77,78,79,78,74,62,74,76,81,81,89,75,72,LB,2,3,Left,"181cm / 5'11""",83kg / 183lb,['LM'],27,Germany,Bundesliga,RB Leipzig,"['Dead Ball', 'Rapid', 'Whipped Pass']",,,,,
345,David Alaba,M,82,68,71,82,79,82,75,64,72,71,62,82,78,67,79,83,78,85,86,80,76,77,71,77,83,83,84,83,75,84,83,80,79,72,77,73,CB,4,3,Left,"180cm / 5'11""",78kg / 172lb,"['LB', 'LM']",33,Austria,LaLiga,Real Madrid,"['Anticipate', 'Dead Ball']",,,,,
346,Gerónimo Rulli,M,82,82,77,80,83,54,81,56,52,12,15,60,17,16,24,12,68,20,36,50,19,14,58,50,79,15,61,21,12,15,13,17,73,42,73,26,GK,3,1,Right,"189cm / 6'2""",84kg / 185lb,,33,Argentina,Ligue 1,Marseille,['Footwork'],82.0,77.0,80.0,81.0,83.0
348,Milos Kerkez,M,82,87,59,75,78,77,80,88,87,76,53,80,53,53,50,81,76,52,77,68,77,77,83,84,78,77,76,78,60,78,80,83,74,90,75,83,LB,3,3,Left,"180cm / 5'11""",71kg / 157lb,['LM'],22,Hungary,Premier League,Liverpool,"['Rapid', 'Slide Tackle', 'Whipped Pass']",,,,,
349,Guglielmo Vicario,M,82,83,78,78,84,52,80,54,49,13,6,59,5,7,13,11,68,10,57,55,14,22,56,38,81,41,62,15,11,23,11,13,67,38,60,29,GK,4,1,Right,"194cm / 6'4""",76kg / 168lb,,29,Italy,Premier League,Tottenham,['Footwork'],83.0,78.0,78.0,80.0,84.0
350,Giovani Lo Celso,M,82,68,81,82,84,68,71,67,68,81,82,83,83,73,65,81,84,81,82,82,82,85,79,80,80,85,82,70,62,64,73,68,71,67,69,82,CAM,3,4,Left,"177cm / 5'10""",68kg / 150lb,"['CM', 'CDM']",29,Argentina,LaLiga,Betis,"['Dead Ball', 'Finesse Shot', 'Incisive Pass', 'Technical']",,,,,
353,Ivan Provedel,M,82,83,79,80,84,42,83,44,40,16,17,60,20,14,22,21,63,13,61,56,13,16,38,44,75,22,68,22,23,22,23,22,65,28,56,27,GK,2,1,Right,"192cm / 6'4""",84kg / 185lb,,31,Italy,Serie A,Lazio,"['Deflector', 'Footwork', 'Long Ball Pass']",83.0,79.0,80.0,83.0,84.0
356,Morgan Gibbs-White,M,82,75,77,82,84,60,72,76,75,80,77,79,75,72,75,80,84,72,84,83,81,83,83,82,82,85,84,60,60,60,60,57,74,80,68,70,CAM,3,4,Right,"179cm / 5'10""",72kg / 159lb,['ST'],25,England,Premier League,Nott'm Forest,"['Aerial Fortress', 'Incisive Pass', 'Inventive', 'Relentless', 'Technical']",,,,,
358,Maximilian Mittelstädt,M,82,81,62,77,77,78,74,79,83,72,56,74,70,47,42,87,74,46,79,74,77,77,76,78,80,77,76,81,68,77,80,77,77,84,67,77,LB,2,3,Left,"180cm / 5'11""",71kg / 157lb,['LM'],28,Germany,Bundesliga,Stuttgart,"['Intercept', 'Slide Tackle', 'Whipped Pass']",,,,,
360,Pablo Barrios,M,82,80,70,74,80,74,71,81,79,74,70,72,72,55,62,57,80,48,83,81,60,81,78,72,81,82,78,81,57,69,80,69,74,85,66,66,CM,3,3,Right,"181cm / 5'11""",75kg / 165lb,['CDM'],22,Spain,LaLiga,Ath Madrid,"['Aerial Fortress', 'Relentless']",,,,,
365,Alex Meret,M,82,81,79,74,85,44,84,41,48,20,17,56,17,20,21,15,40,21,30,25,20,16,46,48,78,25,67,22,19,10,22,14,66,29,65,22,GK,3,1,Left,"192cm / 6'4""",82kg / 181lb,,28,Italy,Serie A,Napoli,[],81.0,79.0,74.0,84.0,85.0
367,Andrew Robertson,M,82,74,61,80,77,79,75,75,74,76,55,76,65,32,55,86,79,71,80,75,82,76,75,74,81,79,81,80,70,78,80,81,76,81,67,85,LB,2,3,Left,"178cm / 5'10""",64kg / 141lb,['LM'],31,Scotland,Premier League,Liverpool,"['Relentless+', 'Whipped Pass']",,,,,
372,Antonee Robinson,M,82,88,46,75,77,78,80,87,89,76,44,46,43,45,45,81,78,39,76,74,80,79,73,71,80,77,73,83,64,78,81,76,81,90,73,83,LB,3,3,Left,"183cm / 6'0""",70kg / 154lb,['LM'],28,United States,Premier League,Fulham,"['Intercept', 'Jockey', 'Long Ball Pass', 'Rapid', 'Relentless', 'Whipped Pass']",,,,,
373,Kaoru Mitoma,M,82,87,73,76,86,57,64,88,87,78,79,69,68,69,63,77,81,62,80,65,76,87,89,79,77,88,84,57,52,58,59,54,72,75,60,58,LM,4,4,Right,"178cm / 5'10""",74kg / 163lb,['LW'],28,Japan,Premier League,Brighton,"['Finesse Shot', 'First Touch', 'Quick Step', 'Technical']",,,,,
379,Riccardo Orsolini,M,82,79,81,79,83,49,67,81,78,81,80,83,84,81,74,85,78,75,78,73,82,85,83,71,78,83,76,40,61,54,48,38,78,74,71,45,RM,4,4,Left,"183cm / 6'0""",83kg / 183lb,['RW'],28,Italy,Serie A,Bologna,"['Finesse Shot', 'Gamechanger', 'Low Driven Shot', 'Technical']",,,,,
380,Micky van de Ven,M,82,90,49,64,72,82,80,84,95,48,43,59,57,47,39,58,55,34,76,74,37,73,59,49,82,75,81,82,76,82,83,85,92,69,85,78,CB,3,3,Left,"193cm / 6'4""",86kg / 190lb,,24,Holland,Premier League,Tottenham,"['Block', 'Slide Tackle']",,,,,
384,Ezri Konsa,M,82,75,53,71,75,84,78,72,78,50,55,69,32,69,38,65,75,38,78,72,64,73,67,68,84,78,81,83,80,85,85,80,86,79,78,76,CB,3,2,Right,"183cm / 6'0""",77kg / 170lb,"['RB', 'RM']",28,England,Premier League,Aston Villa,"['Anticipate', 'Jockey', 'Slide Tackle']",,,,,
385,Charles De Ketelaere,M,82,70,79,80,83,56,68,71,70,82,78,82,79,76,69,76,83,72,83,80,78,85,79,61,77,86,73,58,75,45,59,54,78,78,68,55,CAM,3,4,Left,"192cm / 6'4""",79kg / 174lb,"['ST', 'CM']",24,Belgium,Serie A,Bergamo Calcio,"['Aerial Fortress', 'Incisive Pass', 'Inventive', 'Low Driven Shot', 'Precision Header', 'Technical']",,,,,
386,Jurriën Timber,M,82,76,48,72,77,82,80,76,76,70,41,61,46,41,42,76,69,31,80,71,65,77,71,76,82,78,82,83,75,83,83,78,86,79,82,76,RB,3,3,Right,"179cm / 5'10""",78kg / 172lb,"['LB', 'CB', 'RM']",24,Holland,Premier League,Arsenal,"['Jockey', 'Press Proven']",,,,,
389,Serge Gnabry,M,82,79,83,78,84,43,66,84,75,84,84,86,80,83,67,77,80,62,83,73,74,85,85,87,82,82,82,38,42,45,44,43,68,66,68,58,LM,4,4,Right,"176cm / 5'9""",77kg / 170lb,"['RM', 'ST', 'LW']",30,Germany,Bundesliga,Bayern Munich,"['Gamechanger', 'Technical']",,,,,
390,Jonathan Burkardt,M,82,83,82,67,81,44,76,82,83,85,86,83,76,82,71,62,71,52,74,60,60,82,76,77,83,81,76,42,74,45,38,33,79,78,76,72,ST,4,3,Right,"181cm / 5'11""",79kg / 174lb,,25,Germany,Bundesliga,Ein Frankfurt,['Finesse Shot'],,,,,
392,Fabian Schär,M,82,51,68,76,73,84,80,50,51,64,60,80,74,64,78,67,79,69,80,83,65,74,53,64,83,78,82,85,82,85,84,80,80,78,80,80,CB,3,2,Right,"188cm / 6'2""",84kg / 185lb,,33,Switzerland,Premier League,Newcastle,"['Intercept', 'Long Ball Pass', 'Power Shot', 'Precision Header']",,,,,
393,Pierre-Emile Højbjerg,M,82,49,73,78,74,78,80,52,47,69,68,85,78,64,56,68,77,74,83,82,70,75,59,61,82,79,79,82,65,79,80,74,71,81,78,86,CDM,4,3,Right,"187cm / 6'2""",84kg / 185lb,['CM'],30,Denmark,Ligue 1,Marseille,"['Intercept', 'Relentless']",,,,,
395,Kai Havertz,M,82,72,79,78,81,48,74,71,72,84,80,81,74,81,83,75,81,53,82,77,81,84,70,54,81,85,78,43,81,45,47,41,85,85,75,56,ST,4,4,Left,"193cm / 6'4""",82kg / 181lb,"['CM', 'CAM']",26,Germany,Premier League,Arsenal,"['Chip Shot', 'Enforcer', 'First Touch', 'Gamechanger', 'Precision Header', 'Technical']",,,,,
397,Dean Huijsen,M,82,71,55,73,74,82,76,68,74,59,44,71,64,41,68,50,75,49,85,83,65,76,53,33,81,82,78,83,83,82,82,82,85,68,78,79,CB,5,2,Right,"197cm / 6'6""",87kg / 192lb,,20,Spain,LaLiga,Real Madrid,"['Aerial Fortress', 'Block', 'Long Ball Pass', 'Slide Tackle']",,,,,
399,Oyarzabal,M,82,77,83,81,82,42,65,78,76,84,83,84,83,79,86,80,83,78,84,75,78,83,77,77,82,84,83,29,75,55,32,30,77,79,57,62,ST,3,3,Left,"181cm / 5'11""",78kg / 172lb,"['LM', 'LW']",28,Spain,LaLiga,Sociedad,['Technical'],,,,,
400,Takefusa Kubo,M,82,86,77,78,85,40,64,89,84,80,79,77,76,67,63,80,80,74,78,74,77,86,86,83,80,84,80,28,49,40,43,46,70,74,60,59,RM,4,4,Left,"173cm / 5'8""",64kg / 141lb,['RW'],24,Japan,LaLiga,Sociedad,"['Finesse Shot', 'First Touch', 'Gamechanger', 'Inventive', 'Low Driven Shot', 'Technical']",,,,,
404,Mario Götze,M,82,60,75,85,85,56,67,68,53,83,76,75,70,82,79,79,87,72,89,84,85,84,78,83,84,88,88,65,47,64,46,53,63,75,65,62,CM,4,4,Right,"176cm / 5'9""",72kg / 159lb,"['CAM', 'RM', 'CDM']",33,Germany,Bundesliga,Ein Frankfurt,"['Inventive+', 'First Touch', 'Incisive Pass', 'Tiki Taka']",,,,,
405,Domenico Berardi,M,82,82,80,79,84,35,68,84,80,83,81,80,78,79,86,77,80,79,81,77,84,83,88,84,82,84,78,36,62,32,30,30,73,75,58,85,RW,3,4,Left,"183cm / 6'0""",72kg / 159lb,['RM'],31,Italy,Serie A,Empoli,"['Dead Ball', 'Finesse Shot', 'Gamechanger', 'Incisive Pass', 'Inventive', 'Long Ball Pass', 'Technical']",,,,,
406,Jean-Philippe Mateta,M,82,75,84,70,77,41,81,69,80,84,86,86,79,79,83,59,73,54,78,63,75,82,53,55,82,80,82,41,76,35,39,30,86,68,86,81,ST,5,3,Right,"192cm / 6'4""",88kg / 194lb,,28,France,Premier League,Crystal Palace,"['Enforcer', 'Gamechanger', 'Low Driven Shot']",,,,,
407,John Stones,M,82,64,58,74,75,84,72,65,64,58,54,68,61,44,52,63,78,37,82,79,62,74,62,62,82,79,85,83,84,84,85,84,85,53,78,79,CB,4,3,Right,"188cm / 6'2""",80kg / 176lb,['RB'],31,England,Premier League,Man City,['Long Throw'],,,,,
408,Manuel Akanji,M,82,74,48,69,73,82,81,71,76,37,38,75,48,42,40,55,65,59,79,77,54,74,66,54,82,75,80,82,79,83,83,82,81,71,85,82,CB,4,2,Right,"187cm / 6'2""",91kg / 201lb,,30,Switzerland,Serie A,Milano FC,['Long Ball Pass'],,,,,
409,Jonathan David,M,82,81,82,71,80,34,78,79,83,88,85,79,77,77,86,67,74,58,76,69,59,80,75,71,84,81,81,33,77,29,29,19,87,90,77,61,ST,5,3,Right,"178cm / 5'10""",81kg / 179lb,,25,Canada,Serie A,Juventus,"['Low Driven Shot', 'Press Proven', 'Quick Step', 'Relentless']",,,,,
410,Mason Greenwood,M,82,83,83,77,83,37,63,82,84,83,82,86,82,76,81,74,80,75,78,75,78,84,86,75,81,84,81,34,67,27,39,33,76,78,60,49,RM,5,4,Left,"181cm / 5'11""",70kg / 154lb,"['CAM', 'RW']",24,England,Ligue 1,Marseille,"['Finesse Shot', 'Gamechanger', 'Low Driven Shot', 'Power Shot', 'Technical']",,,,,
411,Parejo,M,82,39,80,87,78,74,67,40,38,77,78,80,85,72,86,86,90,90,87,85,88,77,58,74,75,85,85,79,63,76,74,73,61,68,67,65,CM,4,3,Right,"182cm / 6'0""",74kg / 163lb,['CDM'],36,Spain,LaLiga,Villarreal,"['Dead Ball+', 'Aerial Fortress', 'Long Ball Pass', 'Pinged Pass', 'Press Proven']",,,,,
417,Ritsu Doan,M,82,82,71,78,85,41,64,86,78,81,75,67,70,65,59,77,82,68,82,68,76,86,90,93,79,84,75,44,59,39,36,42,80,90,59,41,RM,3,4,Left,"172cm / 5'8""",74kg / 163lb,['RB'],27,Japan,Bundesliga,Ein Frankfurt,"['First Touch', 'Inventive', 'Precision Header', 'Technical']",,,,,
419,Yoane Wissa,M,82,85,82,70,80,31,71,83,87,85,85,82,76,85,79,72,72,54,76,61,57,80,83,73,84,80,74,31,81,25,24,19,86,78,68,67,ST,3,3,Right,"176cm / 5'9""",74kg / 163lb,,29,Congo DR,Premier League,Newcastle,"['Acrobatic', 'Gamechanger', 'Low Driven Shot', 'Rapid']",,,,,
420,Dušan Vlahović,M,82,78,84,69,77,29,82,76,79,86,84,84,83,80,84,57,70,89,75,60,79,79,68,53,84,81,78,24,82,19,26,24,92,74,86,80,ST,4,3,Left,"190cm / 6'3""",88kg / 194lb,,25,Serbia,Serie A,Juventus,"['Chip Shot', 'Dead Ball', 'Enforcer', 'Finesse Shot', 'Gamechanger', 'Low Driven Shot', 'Press Proven']",,,,,
423,Waldemar Anton,M,82,69,47,67,66,84,84,64,73,54,42,60,45,38,48,52,70,39,79,73,39,64,56,58,82,70,80,82,79,86,86,78,85,79,85,86,CB,3,2,Right,"189cm / 6'2""",86kg / 190lb,,29,Germany,Bundesliga,Dortmund,"['Block+', 'Aerial Fortress', 'Pinged Pass', 'Slide Tackle']",,,,,
424,Matthijs de Ligt,M,82,62,61,62,67,82,83,54,68,44,50,84,75,45,40,52,45,55,77,73,48,65,52,62,81,72,80,83,85,82,81,80,86,64,91,85,CB,3,2,Right,"189cm / 6'2""",89kg / 196lb,,26,Holland,Premier League,Man United,"['Block', 'Bruiser', 'Power Shot']",,,,,
429,Pau Cubarsí,M,82,70,42,66,77,84,76,67,73,51,41,51,35,41,41,31,74,33,85,86,22,78,65,62,82,82,80,84,83,84,84,82,85,68,77,80,CB,4,2,Right,"182cm / 6'0""",75kg / 165lb,,18,Spain,LaLiga,Barcelona,['Long Ball Pass'],,,,,
430,Duván Zapata,M,82,74,81,64,77,35,82,72,76,86,84,88,69,79,75,47,70,62,74,57,55,79,66,57,78,80,82,20,87,44,24,22,93,65,90,80,ST,4,3,Right,"188cm / 6'2""",88kg / 194lb,,34,Colombia,Serie A,Torino,"['Aerial Fortress', 'Enforcer', 'Power Shot', 'Precision Header', 'Press Proven']",,,,,
432,Marc Guéhi,M,82,69,39,69,73,83,78,68,69,35,42,49,26,32,38,58,66,32,79,78,67,72,61,65,83,76,76,82,79,84,84,85,84,73,80,77,CB,5,2,Right,"182cm / 6'0""",82kg / 181lb,,25,England,Premier League,Crystal Palace,"['Anticipate', 'Block', 'Jockey', 'Long Ball Pass']",,,,,
434,Matthias Ginter,M,82,55,58,71,66,85,75,54,56,55,54,79,46,53,67,68,71,42,78,74,44,61,54,50,84,75,77,83,83,87,87,80,83,57,83,73,CB,3,2,Right,"190cm / 6'3""",90kg / 198lb,,31,Germany,Bundesliga,Freiburg,"['Anticipate+', 'Aerial Fortress', 'Pinged Pass']",,,,,
435,Brahim,M,82,82,74,79,85,31,58,83,82,79,76,73,76,64,58,76,82,61,83,76,74,84,88,90,80,85,79,33,30,40,23,21,60,69,58,46,RM,5,4,Right,"170cm / 5'7""",68kg / 150lb,"['LM', 'CAM', 'RW']",26,Morocco,LaLiga,Real Madrid,"['First Touch', 'Incisive Pass', 'Technical', 'Tiki Taka']",,,,,
436,Alessandro Buongiorno,M,82,69,45,67,65,84,79,65,72,40,36,65,47,46,49,63,66,43,74,70,52,60,59,58,84,71,77,85,80,87,84,78,83,78,78,83,CB,3,2,Left,"190cm / 6'3""",86kg / 190lb,,26,Italy,Serie A,Napoli,"['Block', 'Intercept']",,,,,
439,Cristian Romero,M,82,66,48,62,65,83,81,63,68,43,48,64,36,52,40,42,60,38,76,70,54,60,65,64,81,67,79,84,82,83,83,86,86,69,83,89,CB,2,3,Right,"185cm / 6'1""",79kg / 174lb,,27,Argentina,Premier League,Tottenham,"['Aerial Fortress', 'Bruiser', 'Precision Header', 'Slide Tackle']",,,,,
441,Savinho,M,82,87,71,78,86,30,53,89,85,79,74,70,67,63,62,83,81,55,81,70,80,87,90,76,79,85,85,25,45,26,30,36,62,73,45,45,RW,2,4,Left,"176cm / 5'9""",71kg / 157lb,"['LW', 'RM']",21,Brazil,Premier League,Man City,"['First Touch', 'Inventive', 'Technical', 'Whipped Pass']",,,,,
442,Robin Koch,M,82,66,44,63,66,83,81,59,72,52,40,58,42,29,38,41,64,28,81,73,31,60,61,53,82,75,82,78,86,84,86,75,85,77,82,82,CB,4,2,Right,"192cm / 6'4""",85kg / 187lb,,29,Germany,Bundesliga,Ein Frankfurt,"['Aerial Fortress', 'Precision Header']",,,,,
443,Ante Budimir,M,82,59,84,63,76,35,80,54,63,85,86,83,78,82,86,50,50,62,82,58,44,79,56,32,82,83,75,24,87,29,35,27,85,75,84,77,ST,4,3,Left,"190cm / 6'3""",75kg / 165lb,,34,Croatia,LaLiga,Osasuna,"['Enforcer', 'Precision Header']",,,,,
444,Chris Wood,M,82,53,83,68,72,40,81,55,52,86,85,85,73,83,85,52,71,65,78,60,70,73,49,33,85,80,80,40,88,40,30,25,87,70,87,77,ST,3,2,Right,"191cm / 6'3""",92kg / 203lb,,33,New Zealand,Premier League,Nott'm Forest,"['Aerial Fortress', 'Enforcer', 'Precision Header']",,,,,
447,Kim Min Jae,M,82,73,33,58,63,83,84,73,73,48,23,51,37,24,30,35,57,23,76,64,36,57,65,65,81,67,66,88,80,80,84,81,82,79,85,86,CB,3,2,Right,"190cm / 6'3""",81kg / 179lb,,29,Korea Republic,Bundesliga,Bayern Munich,"['Aerial Fortress', 'Block', 'Intercept', 'Long Ball Pass', 'Slide Tackle']",,,,,
448,Alessio Romagnoli,M,82,64,40,55,69,84,80,65,64,31,30,63,46,28,34,36,45,24,73,70,35,68,52,59,82,73,77,84,81,84,85,83,84,77,80,82,CB,3,2,Left,"185cm / 6'1""",75kg / 165lb,,30,Italy,Serie A,Lazio,"['Aerial Fortress', 'Anticipate', 'Bruiser']",,,,,
449,Sven Botman,M,82,56,37,62,65,83,82,48,63,45,24,65,37,27,37,43,59,28,77,75,46,63,50,34,80,74,76,82,81,84,83,82,82,66,89,84,CB,3,2,Left,"193cm / 6'4""",81kg / 179lb,,25,Holland,Premier League,Newcastle,"['Bruiser', 'Jockey', 'Long Ball Pass']",,,,,
450,Khéphren Thuram,M,81,78,76,77,80,81,81,76,80,78,77,79,75,65,60,72,78,56,83,80,72,81,75,65,79,83,82,81,76,80,84,75,87,81,79,84,CM,3,3,Right,"192cm / 6'4""",80kg / 176lb,['CDM'],24,France,Serie A,Juventus,"['Pinged Pass', 'Press Proven', 'Relentless']",,,,,
451,Conor Gallagher,M,81,75,76,80,78,79,84,72,77,82,74,81,77,70,63,75,80,73,83,81,73,78,73,72,82,80,81,80,66,79,81,79,79,93,78,87,CM,4,3,Right,"182cm / 6'0""",77kg / 170lb,"['CAM', 'LM']",25,England,LaLiga,Ath Madrid,"['Block', 'Intercept', 'Relentless']",,,,,
452,Reece James,M,81,76,71,82,77,81,81,75,76,74,67,85,70,67,65,88,78,81,81,80,83,78,66,71,80,79,82,80,75,82,82,80,87,67,86,83,RB,4,3,Right,"180cm / 5'11""",91kg / 201lb,,25,England,Premier League,Chelsea,"['Bruiser', 'Jockey', 'Whipped Pass']",,,,,
454,Filip Kostić,M,81,82,76,81,80,70,77,79,84,78,71,85,78,75,66,87,78,80,80,79,85,81,76,78,77,81,82,69,59,70,74,72,78,78,77,76,LM,2,3,Left,"184cm / 6'0""",84kg / 185lb,"['LB', 'LW']",33,Serbia,Serie A,Juventus,"['Rapid', 'Whipped Pass']",,,,,
456,Sergi Darder,M,81,77,76,81,80,73,77,78,77,78,75,81,75,74,60,74,83,72,84,82,81,81,79,76,79,80,84,74,60,74,76,74,78,82,75,74,LM,3,3,Right,"180cm / 5'11""",71kg / 157lb,"['CM', 'CDM', 'LW']",31,Spain,LaLiga,Mallorca,"['Dead Ball', 'Incisive Pass', 'Inventive', 'Long Ball Pass', 'Pinged Pass', 'Power Shot', 'Press Proven']",,,,,
457,John McGinn,M,81,69,77,78,80,77,83,69,69,77,76,84,77,75,55,76,79,61,81,80,76,81,77,85,81,80,77,79,57,79,82,75,74,92,79,86,LM,2,3,Left,"178cm / 5'10""",68kg / 150lb,"['RM', 'CAM', 'LB']",31,Scotland,Premier League,Aston Villa,"['Enforcer', 'Press Proven', 'Relentless']",,,,,
459,Davide Frattesi,M,81,82,77,78,82,73,72,84,80,85,79,76,74,71,64,67,83,65,84,79,71,82,78,75,83,83,81,74,71,70,77,72,81,80,64,79,CM,4,3,Right,"178cm / 5'10""",74kg / 163lb,,26,Italy,Serie A,Milano FC,['Technical'],,,,,
461,Michele Di Gregorio,M,81,82,78,79,85,56,83,55,57,9,9,59,18,11,17,13,65,14,50,50,17,30,55,55,69,35,56,15,11,21,16,12,69,36,68,26,GK,3,1,Right,"187cm / 6'2""",82kg / 181lb,,28,Italy,Serie A,Juventus,['Footwork'],82.0,78.0,79.0,83.0,85.0
463,Carlos Augusto,M,81,78,72,77,79,79,76,79,78,79,68,79,77,73,52,79,76,74,78,74,77,80,79,72,81,80,78,79,76,79,80,79,85,80,72,80,LB,2,3,Left,"184cm / 6'0""",75kg / 165lb,"['CB', 'LM']",26,Brazil,Serie A,Milano FC,"['Aerial Fortress', 'Relentless']",,,,,
464,Miguel Gutiérrez,M,81,81,71,79,81,76,73,82,80,81,72,76,66,60,62,84,80,45,82,76,83,81,82,75,80,82,75,77,68,76,78,76,78,85,66,73,LB,3,2,Left,"180cm / 5'11""",73kg / 161lb,['LM'],24,Spain,Serie A,Napoli,['Low Driven Shot'],,,,,
465,Ferland Mendy,M,81,85,64,74,75,78,84,84,85,76,63,69,64,50,49,74,74,45,77,75,72,74,78,79,80,74,76,79,70,76,80,79,87,85,84,80,LB,5,4,Left,"180cm / 5'11""",73kg / 161lb,['LM'],30,France,LaLiga,Real Madrid,"['Block', 'Rapid']",,,,,
466,Teun Koopmeiners,M,81,70,79,83,78,75,75,71,70,80,76,82,84,72,85,79,84,80,85,84,74,76,69,69,82,83,81,78,72,76,74,72,79,83,71,72,CAM,2,3,Left,"183cm / 6'0""",77kg / 170lb,['CM'],27,Holland,Serie A,Juventus,['Dead Ball'],,,,,
471,Yangel Herrera,M,81,65,76,77,79,80,81,66,65,79,75,82,79,60,60,67,81,56,83,81,65,81,71,69,80,82,74,80,81,80,81,80,86,79,81,81,CM,3,3,Right,"184cm / 6'0""",78kg / 172lb,"['CDM', 'CAM']",27,Venezuela,LaLiga,Sociedad,"['Aerial Fortress', 'Incisive Pass', 'Precision Header']",,,,,
472,Carlos Baleba,M,81,74,70,75,80,79,79,75,74,67,63,85,75,67,50,65,76,50,81,80,75,82,75,77,80,80,80,83,67,76,82,79,80,81,79,78,CDM,3,3,Left,"183cm / 6'0""",77kg / 170lb,['CM'],21,Cameroon,Premier League,Brighton,"['Aerial Fortress', 'Power Shot', 'Technical']",,,,,
473,Corentin Tolisso,M,81,68,78,78,76,77,79,64,72,82,74,86,82,75,67,67,80,67,82,83,72,75,62,70,82,80,79,79,80,74,79,75,83,82,78,75,CM,2,3,Right,"181cm / 5'11""",81kg / 179lb,"['CDM', 'CAM']",31,France,Ligue 1,Lyon,"['Aerial Fortress', 'First Touch', 'Precision Header', 'Relentless']",,,,,
479,Dean Henderson,M,81,82,78,77,82,55,80,55,56,8,9,58,6,5,16,14,55,10,45,48,13,13,61,56,81,35,60,11,13,15,14,14,69,32,64,35,GK,3,1,Right,"188cm / 6'2""",85kg / 187lb,,28,England,Premier League,Crystal Palace,['Footwork'],82.0,78.0,77.0,80.0,82.0
481,Daniel Muñoz,M,81,75,69,72,76,79,81,76,74,76,72,77,52,73,58,77,69,34,77,72,66,76,74,78,80,77,76,77,78,75,82,82,85,88,74,88,RB,3,3,Right,"181cm / 5'11""",73kg / 161lb,['RM'],29,Colombia,Premier League,Crystal Palace,"['Anticipate', 'Jockey', 'Rapid', 'Relentless']",,,,,
482,Marten de Roon,M,81,61,74,77,76,83,80,53,67,70,70,79,78,65,80,70,74,54,85,84,61,77,59,69,78,81,83,83,75,82,88,79,74,90,73,86,CM,3,3,Right,"186cm / 6'1""",76kg / 168lb,['CDM'],34,Holland,Serie A,Bergamo Calcio,"['Aerial Fortress', 'Intercept', 'Long Ball Pass', 'Relentless']",,,,,
484,Brais Méndez,M,81,70,80,82,81,65,73,72,69,81,82,81,80,69,76,79,84,78,84,82,77,83,75,56,82,84,80,62,71,63,69,61,80,71,73,74,CM,3,4,Left,"187cm / 6'2""",76kg / 168lb,"['RM', 'CAM']",28,Spain,LaLiga,Sociedad,"['Dead Ball', 'Finesse Shot', 'Technical', 'Tiki Taka']",,,,,
485,Johnny Cardoso,M,81,72,67,76,78,80,77,74,71,74,63,74,68,62,62,65,76,66,82,81,69,77,78,57,77,82,75,82,75,78,81,79,83,77,77,75,CDM,2,3,Right,"185cm / 6'1""",83kg / 183lb,['CM'],24,United States,LaLiga,Ath Madrid,"['Aerial Fortress', 'Intercept', 'Precision Header']",,,,,
487,Alexander Nübel,M,81,81,76,84,82,48,78,49,46,10,18,63,18,13,16,15,65,20,55,48,20,26,34,58,81,41,69,20,13,23,14,13,71,39,74,23,GK,4,1,Right,"193cm / 6'4""",86kg / 190lb,,29,Germany,Bundesliga,Stuttgart,"['Deflector', 'Footwork']",81.0,76.0,84.0,78.0,82.0
488,Jacob Murphy,M,81,82,77,78,80,61,70,80,83,80,80,84,74,51,66,84,82,68,79,67,83,82,74,75,81,80,78,65,45,61,66,55,68,82,69,56,RW,4,3,Right,"179cm / 5'10""",74kg / 163lb,['RM'],30,England,Premier League,Newcastle,['Whipped Pass'],,,,,
494,Koke,M,81,61,72,83,78,76,77,62,60,76,69,82,75,57,67,85,83,77,83,81,84,77,68,81,80,81,84,80,61,78,79,70,72,83,75,78,CM,4,3,Right,"176cm / 5'9""",75kg / 165lb,['CDM'],33,Spain,LaLiga,Ath Madrid,"['Long Ball Pass', 'Relentless']",,,,,
495,Robert Andrich,M,81,57,77,76,73,83,81,59,56,68,74,84,85,70,62,71,73,76,79,78,80,74,63,59,82,76,75,85,74,85,83,77,80,67,84,91,CDM,4,2,Right,"186cm / 6'1""",85kg / 187lb,"['CM', 'CB']",31,Germany,Bundesliga,Leverkusen,"['Bruiser', 'Power Shot', 'Relentless']",,,,,
498,Youssouf Fofana,M,81,68,68,75,78,79,77,67,69,74,66,76,70,46,64,66,78,56,81,79,66,78,70,76,80,80,78,81,63,80,83,74,73,85,73,80,CDM,3,3,Right,"181cm / 5'11""",75kg / 165lb,['CM'],26,France,Serie A,Milan,"['Anticipate', 'Incisive Pass', 'Jockey', 'Relentless']",,,,,
499,Rayan Aït-Nouri,M,81,84,53,76,84,77,70,85,84,75,50,61,48,48,42,80,75,58,79,72,72,87,81,77,80,84,80,78,66,77,78,80,78,80,65,69,LB,3,5,Left,"180cm / 5'11""",70kg / 154lb,['LM'],24,Algeria,Premier League,Man City,"['First Touch', 'Jockey', 'Trickster']",,,,,
501,Gayà,M,81,80,61,76,77,77,72,79,81,75,61,62,59,58,60,80,74,49,78,75,80,75,82,80,82,78,75,80,58,77,79,81,73,80,66,77,LB,3,4,Left,"172cm / 5'8""",66kg / 146lb,['LM'],30,Spain,LaLiga,Valencia,"['Anticipate', 'Technical']",,,,,
502,Gabriel Martinelli,M,81,90,77,75,83,46,72,92,89,80,79,77,73,81,62,77,77,68,77,65,74,85,87,81,78,82,79,39,72,44,44,43,83,82,63,80,LW,3,4,Right,"178cm / 5'10""",75kg / 165lb,['LM'],24,Brazil,Premier League,Arsenal,"['Finesse Shot', 'Inventive', 'Quick Step']",,,,,
503,Giuliano Simeone,M,81,91,73,72,81,45,81,92,91,78,76,76,66,62,62,76,76,46,77,66,56,82,85,83,79,78,77,44,69,42,43,39,87,84,79,81,RM,3,3,Right,"173cm / 5'8""",75kg / 165lb,"['ST', 'LM', 'RW']",22,Argentina,LaLiga,Ath Madrid,['Rapid'],,,,,
504,Kevin Trapp,M,81,82,80,74,84,46,76,43,50,12,13,56,13,12,17,13,48,12,25,14,14,10,42,37,82,24,65,22,11,15,14,10,68,45,75,30,GK,4,1,Right,"189cm / 6'2""",84kg / 185lb,,35,Germany,Ligue 1,Paris FC,"['Far Throw', 'Footwork']",82.0,80.0,74.0,76.0,84.0
506,Nadiem Amiri,M,81,65,79,82,82,62,72,76,56,82,77,83,84,70,67,79,85,79,82,80,81,83,83,80,83,82,81,69,42,67,65,44,65,78,68,74,CM,3,4,Right,"180cm / 5'11""",76kg / 168lb,['CAM'],29,Germany,Bundesliga,Mainz,"['Dead Ball', 'Finesse Shot', 'Gamechanger', 'Pinged Pass', 'Technical']",,,,,
513,Nick Pope,M,81,81,81,68,82,49,78,50,47,13,14,51,15,14,22,11,50,12,42,52,13,15,36,42,78,25,63,23,11,19,15,14,71,35,75,36,GK,3,1,Right,"199cm / 6'6""",90kg / 198lb,,33,England,Premier League,Newcastle,['Footwork'],81.0,81.0,68.0,78.0,82.0
516,David Soria,M,81,81,79,74,82,41,80,46,34,12,19,56,18,19,23,15,51,11,30,33,23,16,48,40,79,20,61,21,23,22,13,13,74,43,76,26,GK,3,1,Right,"192cm / 6'4""",85kg / 187lb,,32,Spain,LaLiga,Getafe CF,"['Footwork', 'Long Ball Pass']",81.0,79.0,74.0,80.0,82.0
517,Federico Chiesa,M,81,87,80,75,83,44,68,88,87,81,80,84,79,78,62,75,77,62,77,74,78,84,89,84,80,81,80,46,53,42,44,39,74,63,67,74,RM,4,4,Right,"175cm / 5'9""",70kg / 154lb,"['LM', 'ST', 'RW']",28,Italy,Premier League,Liverpool,"['Finesse Shot', 'Quick Step', 'Rapid']",,,,,
518,Lisandro Martínez,M,81,67,59,75,75,81,80,70,65,62,52,73,64,56,55,72,76,55,79,76,74,74,69,75,80,77,79,84,75,81,81,84,88,73,77,92,CB,3,3,Left,"178cm / 5'10""",77kg / 170lb,,27,Argentina,Premier League,Man United,"['Bruiser', 'Intercept', 'Slide Tackle']",,,,,
521,Andriy Lunin,M,81,80,78,79,82,37,80,39,35,11,8,59,7,12,19,15,60,15,25,26,14,11,36,25,80,15,56,19,12,22,13,11,62,32,61,22,GK,3,1,Right,"191cm / 6'3""",78kg / 172lb,,26,Ukraine,LaLiga,Real Madrid,['Footwork'],80.0,78.0,79.0,80.0,82.0
522,Antony,M,81,84,78,78,83,43,70,85,83,79,77,83,78,75,66,80,79,70,80,71,84,82,90,91,78,83,78,50,45,40,45,28,68,75,61,86,RW,1,5,Left,"172cm / 5'8""",63kg / 139lb,['RM'],25,Brazil,LaLiga,Betis,"['Finesse Shot', 'Technical', 'Trickster']",,,,,
523,Matteo Darmian,M,81,71,62,74,76,81,71,68,74,78,60,69,60,65,49,74,70,40,81,74,75,72,79,75,83,79,79,79,76,83,84,79,77,75,64,84,RB,4,3,Right,"182cm / 6'0""",70kg / 154lb,"['CB', 'RM']",35,Italy,Serie A,Milano FC,[],,,,,
524,Matteo Politano,M,81,80,78,80,83,59,55,81,79,79,78,78,80,75,70,80,80,77,82,76,79,82,90,88,82,83,80,66,40,66,58,50,53,78,39,66,RW,4,4,Left,"171cm / 5'7""",65kg / 143lb,['RM'],32,Italy,Serie A,Napoli,"['Dead Ball', 'Gamechanger', 'Inventive', 'Long Ball Pass', 'Technical', 'Whipped Pass']",,,,,
525,Lucas Perri,M,81,80,79,79,82,35,80,32,39,12,11,59,13,15,19,19,65,20,45,48,22,18,37,27,77,14,44,25,13,10,18,14,69,38,83,35,GK,2,1,Right,"197cm / 6'6""",98kg / 216lb,,27,Brazil,Premier League,Leicester,['Far Throw'],80.0,79.0,79.0,80.0,82.0
527,Remo Freuler,M,81,58,72,76,77,77,74,63,53,78,70,75,74,68,61,65,78,70,83,78,61,76,67,65,82,83,83,79,48,80,84,75,62,91,67,71,CDM,3,4,Right,"180cm / 5'11""",80kg / 176lb,['CM'],33,Switzerland,Serie A,Bologna,"['Anticipate', 'Block', 'Intercept', 'Relentless']",,,,,
530,Gerard Moreno,M,81,77,82,77,80,46,71,77,77,82,83,82,81,79,85,77,77,62,79,75,77,81,76,72,80,81,78,42,78,44,41,41,85,76,72,61,ST,4,3,Left,"180cm / 5'11""",77kg / 170lb,"['RW', 'CAM']",33,Spain,LaLiga,Villarreal,"['Finesse Shot', 'Power Shot']",,,,,
532,Dani Ceballos,M,81,61,71,80,82,72,67,65,57,78,69,76,76,62,55,74,81,67,84,81,77,83,77,78,78,84,81,78,41,75,76,70,57,76,61,75,CM,3,4,Right,"179cm / 5'10""",70kg / 154lb,['CDM'],29,Spain,LaLiga,Real Madrid,"['Intercept', 'Jockey', 'Technical', 'Whipped Pass']",,,,,
535,Edmond Tapsoba,M,81,75,56,68,70,82,80,73,76,34,56,86,33,33,77,39,74,32,83,82,54,66,66,64,81,74,78,85,84,82,81,79,84,74,83,77,CB,4,2,Right,"192cm / 6'4""",84kg / 185lb,,26,Burkina Faso,Bundesliga,Leverkusen,"['Long Ball Pass', 'Pinged Pass', 'Precision Header']",,,,,
536,Karim Adeyemi,M,81,96,76,72,82,36,69,96,96,79,77,79,73,71,70,71,73,62,74,69,67,84,86,81,81,79,76,31,71,25,34,49,92,77,67,59,RM,4,4,Left,"180cm / 5'11""",77kg / 170lb,"['LW', 'CAM', 'RW']",23,Germany,Bundesliga,Dortmund,"['Quick Step+', 'Rapid']",,,,,
537,Anthony Elanga,M,81,92,72,76,82,39,70,93,91,80,77,72,67,64,56,80,79,66,76,66,79,83,85,79,79,81,79,31,67,38,38,33,84,75,72,55,RW,5,3,Right,"178cm / 5'10""",70kg / 154lb,['RM'],23,Sweden,Premier League,Newcastle,"['Enforcer', 'Low Driven Shot', 'Quick Step', 'Rapid']",,,,,
539,Lukáš Hrádecký,M,81,83,79,64,83,40,81,38,44,9,11,48,14,9,20,11,53,15,30,33,11,10,43,39,80,20,45,18,11,10,10,13,59,34,55,31,GK,3,1,Right,"192cm / 6'4""",85kg / 187lb,,36,Finland,Ligue 1,Monaco,['Footwork'],83.0,79.0,64.0,81.0,83.0
540,David Neres,M,81,86,76,75,86,46,61,87,85,78,76,79,75,74,69,74,79,52,78,69,79,86,92,82,80,85,85,48,45,48,45,38,67,69,59,53,LW,3,5,Left,"175cm / 5'9""",69kg / 152lb,['LM'],28,Brazil,Serie A,Napoli,"['Gamechanger', 'Inventive', 'Power Shot', 'Quick Step', 'Technical', 'Trickster', 'Whipped Pass']",,,,,
541,Evan Ndicka,M,81,74,53,69,69,81,82,69,78,68,49,65,54,43,33,68,64,30,78,74,59,69,50,55,81,75,80,80,79,81,85,76,85,83,81,81,CB,3,2,Left,"192cm / 6'4""",82kg / 181lb,,26,Côte d'Ivoire,Serie A,Roma,"['Block', 'Bruiser', 'Slide Tackle']",,,,,
543,Isi,M,81,84,77,80,82,39,65,85,84,77,75,78,81,68,78,82,81,76,81,78,77,82,86,81,77,82,78,41,35,39,41,37,64,75,64,55,CAM,3,3,Left,"169cm / 5'7""",71kg / 157lb,"['RM', 'ST', 'CM']",30,Spain,LaLiga,Vallecano,"['First Touch', 'Rapid']",,,,,
545,Wladimiro Falcone,M,81,83,81,75,84,27,76,26,28,5,19,56,20,13,29,17,45,12,25,26,16,13,33,34,73,20,44,8,13,6,13,18,59,28,62,15,GK,2,1,Right,"196cm / 6'5""",85kg / 187lb,,30,Italy,Serie A,Lecce,"['Footwork', 'Rush Out']",83.0,81.0,75.0,76.0,84.0
546,Lucas Hernández,M,81,71,54,72,70,82,77,68,74,66,53,62,51,46,42,78,71,39,78,66,59,65,69,69,81,76,80,80,80,82,84,82,84,65,78,89,CB,2,2,Left,"184cm / 6'0""",79kg / 174lb,"['LB', 'LM']",29,France,Ligue 1,Paris SG,"['Bruiser', 'Slide Tackle']",,,,,
547,Randal Kolo Muani,M,81,90,79,71,80,38,65,90,90,82,81,83,73,80,70,64,77,62,77,62,70,80,84,71,78,81,79,38,80,32,33,32,88,74,69,36,ST,4,3,Right,"187cm / 6'2""",73kg / 161lb,,26,France,Premier League,Tottenham,"['Finesse Shot', 'Quick Step', 'Rapid', 'Technical']",,,,,
548,Morata,M,81,78,81,74,80,31,78,79,78,84,82,82,76,82,75,72,77,52,77,72,78,80,76,63,81,83,79,26,84,37,14,20,91,79,79,69,ST,4,3,Right,"190cm / 6'3""",84kg / 185lb,['CAM'],33,Spain,Serie A,Como,"['Enforcer', 'Finesse Shot', 'Rapid', 'Relentless']",,,,,
554,Leonardo Balerdi,M,81,77,46,65,69,82,79,69,83,48,34,64,56,29,57,42,70,32,77,81,39,66,62,56,75,77,76,82,77,84,82,79,85,69,81,84,CB,3,2,Right,"187cm / 6'2""",85kg / 187lb,,26,Argentina,Ligue 1,Marseille,"['Aerial Fortress', 'Anticipate', 'Intercept', 'Jockey']",,,,,
556,Andrej Kramarić,M,81,67,82,78,84,33,73,70,65,84,83,82,79,81,92,73,81,77,82,73,82,84,80,84,83,85,82,29,69,35,25,26,73,85,68,71,CAM,4,4,Right,"177cm / 5'10""",73kg / 161lb,['CM'],34,Croatia,Bundesliga,Hoffenheim,"['Chip Shot', 'Finesse Shot', 'First Touch', 'Gamechanger', 'Incisive Pass', 'Technical']",,,,,
557,Christopher Nkunku,M,81,77,79,80,82,40,59,77,77,81,80,80,78,70,83,78,80,78,82,78,80,82,82,80,79,83,78,40,65,40,35,30,74,65,63,40,CAM,3,5,Right,"177cm / 5'10""",68kg / 150lb,"['LM', 'ST', 'CM']",28,France,Serie A,Milan,"['Finesse Shot', 'First Touch', 'Technical']",,,,,
560,Arda Güler,M,81,70,77,83,83,52,50,73,68,79,76,78,81,70,71,82,84,77,84,82,85,84,81,85,76,83,77,55,41,52,57,46,51,70,43,42,RM,3,4,Left,"175cm / 5'9""",70kg / 154lb,"['CAM', 'RW']",20,Turkey,LaLiga,Real Madrid,"['Finesse Shot', 'Incisive Pass', 'Inventive', 'Technical', 'Whipped Pass']",,,,,
561,Pierre-Emerick Aubameyang,M,81,82,83,72,78,36,63,76,87,88,85,82,79,80,81,72,71,76,74,64,80,78,70,67,83,82,79,44,76,22,35,29,82,61,70,43,ST,4,4,Right,"187cm / 6'2""",80kg / 176lb,,36,Gabon,Ligue 1,Marseille,"['Chip Shot', 'Finesse Shot', 'Precision Header', 'Rapid']",,,,,
562,Tim Kleindienst,M,81,67,82,62,70,45,88,59,74,86,83,84,77,85,70,50,65,53,68,63,54,68,51,52,81,79,85,52,91,36,39,25,89,92,87,84,ST,5,2,Left,"194cm / 6'4""",85kg / 187lb,,30,Germany,Bundesliga,M'gladbach,"['Enforcer+', 'Aerial Fortress', 'Precision Header', 'Relentless']",,,,,
564,Nayef Aguerd,M,81,72,50,67,65,82,77,65,78,52,40,69,54,41,48,48,68,41,78,76,55,60,54,49,80,75,74,82,81,82,83,80,84,72,78,81,CB,3,2,Left,"190cm / 6'3""",76kg / 168lb,,29,Morocco,Ligue 1,Marseille,"['Anticipate', 'Long Ball Pass', 'Precision Header']",,,,,
565,Victor Boniface,M,81,67,83,66,80,38,79,65,69,84,82,91,79,79,72,48,74,58,75,60,70,84,68,60,78,82,78,33,78,38,31,26,87,55,90,79,ST,3,4,Right,"190cm / 6'3""",91kg / 201lb,,24,Nigeria,Bundesliga,Werder Bremen,"['Aerial Fortress', 'Enforcer', 'Power Shot']",,,,,
567,Fikayo Tomori,M,81,81,40,60,67,82,78,78,84,37,33,56,45,32,27,53,48,40,75,65,38,61,74,67,83,70,81,81,80,81,86,78,88,74,76,86,CB,4,2,Right,"185cm / 6'1""",79kg / 174lb,,27,England,Serie A,Milan,['Bruiser'],,,,,
568,Niklas Süle,M,81,61,51,68,67,81,79,45,74,42,36,78,64,59,32,54,66,40,78,82,43,69,34,44,81,72,84,82,75,81,82,83,72,52,93,79,CB,3,3,Right,"195cm / 6'5""",99kg / 218lb,"['RB', 'RM']",30,Germany,Bundesliga,Dortmund,"['Anticipate', 'Bruiser', 'Intercept', 'Long Ball Pass', 'Pinged Pass', 'Slide Tackle']",,,,,
569,Rayan Cherki,M,81,75,75,80,88,21,65,75,75,73,75,80,75,71,66,76,86,73,82,76,80,91,81,86,78,88,86,22,28,19,23,15,59,68,67,59,RW,5,5,Left,"177cm / 5'10""",71kg / 157lb,"['RM', 'CAM']",22,France,Premier League,Man City,"['Trickster+', 'Chip Shot', 'First Touch', 'Incisive Pass', 'Inventive', 'Low Driven Shot', 'Technical']",,,,,
571,Edin Džeko,M,81,55,82,74,77,40,72,53,57,83,84,85,77,84,67,67,77,54,79,75,67,77,62,55,80,82,87,50,86,39,28,16,75,68,77,65,ST,5,3,Right,"193cm / 6'4""",80kg / 176lb,,39,Bosnia and Herzegovina,Serie A,Fiorentina,"['Finesse Shot', 'Incisive Pass', 'Low Driven Shot', 'Technical']",,,,,
577,Raíllo,M,81,41,36,59,62,83,84,41,41,51,25,54,39,37,43,29,56,36,79,69,42,63,32,49,80,70,66,81,85,84,82,81,79,89,81,85,CB,3,2,Right,"187cm / 6'2""",80kg / 176lb,,34,Spain,LaLiga,Mallorca,"['Aerial Fortress', 'Intercept', 'Precision Header']",,,,,
579,Ruben Loftus-Cheek,M,80,81,76,79,80,76,80,78,84,83,76,82,75,60,56,75,79,57,84,80,70,81,75,60,79,83,82,76,85,75,76,70,94,72,85,75,CM,4,4,Right,"191cm / 6'3""",88kg / 194lb,"['CAM', 'CDM']",29,England,Serie A,Milan,"['Aerial Fortress', 'Enforcer', 'Press Proven']",,,,,
582,Marcel Sabitzer,M,80,74,80,80,80,76,76,76,72,78,76,87,83,83,80,77,79,78,82,80,77,78,77,78,83,82,83,80,62,79,75,77,71,78,75,79,CDM,4,3,Right,"178cm / 5'10""",76kg / 168lb,['CM'],31,Austria,Bundesliga,Dortmund,"['Pinged Pass', 'Power Shot']",,,,,
583,André Onana,M,80,81,75,85,83,61,77,62,60,11,12,64,17,13,27,15,68,17,57,58,30,26,66,53,76,40,65,15,20,12,18,14,79,40,78,38,GK,3,1,Right,"190cm / 6'3""",93kg / 205lb,,29,Cameroon,Premier League,Man United,['Rush Out'],81.0,75.0,85.0,77.0,83.0
589,Lorenzo Pellegrini,M,80,75,77,80,80,73,73,76,74,77,76,79,76,74,80,74,83,79,84,80,74,78,79,72,79,84,78,69,74,73,74,72,81,77,70,74,CAM,4,3,Right,"186cm / 6'1""",77kg / 170lb,['CM'],29,Italy,Serie A,Roma,"['Finesse Shot', 'Press Proven']",,,,,
590,Maxim De Cuyper,M,80,76,73,80,79,75,75,78,75,75,70,78,74,68,78,85,81,73,78,79,78,78,79,78,77,80,82,75,65,76,76,75,76,87,67,79,LB,4,2,Left,"183cm / 6'0""",72kg / 159lb,"['RB', 'LM']",24,Belgium,Premier League,Brighton,"['Jockey', 'Long Ball Pass', 'Press Proven', 'Whipped Pass']",,,,,
591,Destiny Udogie,M,80,88,64,73,78,76,79,86,89,76,64,74,59,58,46,80,75,51,77,65,64,80,74,70,78,79,78,79,68,77,77,74,85,79,77,81,LB,3,3,Left,"186cm / 6'1""",73kg / 161lb,,22,Italy,Premier League,Tottenham,"['Block', 'Quick Step', 'Whipped Pass']",,,,,
592,Mohammed Kudus,M,80,89,76,72,86,60,74,91,88,77,76,81,74,76,64,70,75,49,76,68,67,88,86,92,77,83,80,59,55,60,66,46,74,73,76,68,RW,3,4,Left,"177cm / 5'10""",70kg / 154lb,"['LW', 'ST', 'RM']",25,Ghana,Premier League,Tottenham,['First Touch'],,,,,
593,Álvaro Carreras,M,80,85,65,75,79,73,80,84,86,76,65,75,60,48,43,78,76,45,76,76,77,79,80,74,79,80,76,78,55,72,76,75,79,89,76,81,LB,4,3,Left,"186cm / 6'1""",78kg / 172lb,['LM'],22,Spain,LaLiga,Real Madrid,"['Long Ball Pass', 'Relentless']",,,,,
596,Warren Zaïre-Emery,M,80,79,68,76,79,75,79,80,78,76,66,76,69,49,59,68,79,53,82,81,66,78,74,84,79,81,78,79,66,71,80,73,80,88,75,76,CM,4,3,Right,"178cm / 5'10""",68kg / 150lb,"['CDM', 'CAM']",19,France,Ligue 1,Paris SG,"['First Touch', 'Press Proven', 'Quick Step', 'Relentless', 'Tiki Taka']",,,,,
597,Mauro Arambarri,M,80,65,79,76,77,79,79,75,57,80,82,83,79,62,61,64,79,71,81,78,77,78,67,77,79,79,74,80,62,82,80,79,78,84,76,82,CM,3,3,Right,"175cm / 5'9""",74kg / 163lb,['CDM'],30,Uruguay,LaLiga,Getafe CF,"['Aerial Fortress', 'Precision Header']",,,,,
598,Curtis Jones,M,80,74,74,76,82,72,76,68,79,79,75,77,73,69,60,67,79,51,83,79,75,84,74,73,80,82,82,71,55,72,77,71,71,83,74,74,CAM,4,4,Right,"185cm / 6'1""",75kg / 165lb,"['CM', 'CDM']",24,England,Premier League,Liverpool,"['Finesse Shot', 'Press Proven']",,,,,
599,Elliot Anderson,M,80,71,68,79,81,77,78,75,68,76,66,74,64,63,65,77,79,57,82,79,78,82,76,84,80,81,80,78,76,75,79,77,84,86,73,77,CDM,4,3,Right,"179cm / 5'10""",71kg / 157lb,['CM'],23,England,Premier League,Nott'm Forest,"['Aerial Fortress', 'Block', 'Technical']",,,,,
601,Lucas Paquetá,M,80,68,78,78,84,69,75,69,67,77,78,77,77,74,82,74,80,74,80,80,77,86,75,76,79,85,86,71,68,67,73,63,75,76,73,78,CM,4,5,Left,"180cm / 5'11""",72kg / 159lb,"['LM', 'CAM']",28,Brazil,Premier League,West Ham,"['Aerial Fortress', 'First Touch', 'Long Ball Pass', 'Technical']",,,,,
602,Mingueza,M,80,80,66,77,77,76,76,78,82,75,62,73,70,53,55,79,76,70,79,76,78,77,75,62,80,79,77,77,75,76,76,75,84,82,73,75,RB,3,2,Right,"184cm / 6'0""",75kg / 165lb,"['RM', 'LM']",26,Spain,LaLiga,Celta,"['Bruiser', 'Long Ball Pass', 'Long Throw']",,,,,
604,Andrey Santos,M,80,74,69,74,78,77,80,77,71,77,69,73,72,53,54,56,79,52,82,79,68,77,77,69,79,80,80,78,81,69,81,81,88,91,75,78,CM,3,3,Right,"180cm / 5'11""",75kg / 165lb,['CDM'],21,Brazil,Premier League,Chelsea,"['Aerial Fortress', 'Precision Header', 'Slide Tackle', 'Tiki Taka']",,,,,
605,Brice Samba,M,80,78,80,80,80,53,80,49,60,11,9,60,10,13,15,10,48,13,48,45,14,14,39,54,78,36,66,18,15,12,14,12,73,37,78,26,GK,3,1,Left,"187cm / 6'2""",90kg / 198lb,,31,France,Ligue 1,Rennes,"['Footwork', 'Long Ball Pass']",78.0,80.0,80.0,80.0,80.0
607,Ola Aina,M,80,88,63,71,75,78,75,89,87,68,54,77,73,52,49,77,70,48,74,67,60,76,71,77,78,74,74,78,68,79,79,79,84,77,75,72,RB,4,3,Right,"184cm / 6'0""",82kg / 181lb,"['LB', 'RM']",29,Nigeria,Premier League,Nott'm Forest,"['Long Throw', 'Quick Step']",,,,,
608,Jonathan Clauss,M,80,85,69,76,78,73,69,81,88,75,68,77,68,56,52,84,75,76,76,67,77,76,83,77,82,79,77,74,62,72,76,74,75,82,63,67,RB,3,3,Right,"178cm / 5'10""",69kg / 152lb,['RM'],33,France,Ligue 1,Nice,"['Anticipate', 'Dead Ball', 'Intercept', 'Long Throw', 'Relentless', 'Whipped Pass']",,,,,
609,Bernd Leno,M,80,80,79,76,81,53,80,54,51,7,9,57,14,10,23,9,53,8,50,48,9,16,51,44,77,35,63,25,13,27,15,18,70,44,70,28,GK,3,1,Right,"189cm / 6'2""",83kg / 183lb,,33,Germany,Premier League,Fulham,"['Footwork', 'Rush Out']",80.0,79.0,76.0,80.0,81.0
610,Robin Gosens,M,80,72,74,73,76,77,77,76,69,80,78,76,68,69,55,76,67,58,77,75,69,76,71,67,79,78,77,77,82,74,78,80,87,86,71,80,LB,3,3,Left,"183cm / 6'0""",76kg / 168lb,['LM'],31,Germany,Serie A,Fiorentina,[],,,,,
611,Douglas Luiz,M,80,67,75,82,80,75,70,69,66,76,70,79,82,77,81,81,84,80,81,81,80,79,74,78,77,84,84,76,62,76,78,72,70,75,65,77,CM,2,3,Right,"175cm / 5'9""",66kg / 146lb,['CDM'],27,Brazil,Premier League,Nott'm Forest,['Press Proven'],,,,,
614,Raphaël Guerreiro,M,80,69,78,85,88,74,54,76,63,79,78,79,83,79,54,85,86,78,88,77,85,87,90,90,84,89,85,84,42,75,76,76,49,72,49,44,LB,2,4,Left,"170cm / 5'7""",71kg / 157lb,"['CM', 'RB', 'LM']",31,Portugal,Bundesliga,Bayern Munich,"['Inventive+', 'First Touch', 'Intercept', 'Technical', 'Tiki Taka']",,,,,
615,Mario Pašalić,M,80,69,78,77,81,67,76,68,69,85,80,78,76,73,61,68,78,59,83,80,69,83,72,57,74,86,77,72,65,61,72,61,74,83,72,76,CM,4,4,Right,"186cm / 6'1""",80kg / 176lb,['CAM'],30,Croatia,Serie A,Bergamo Calcio,['Aerial Fortress'],,,,,
616,Noussair Mazraoui,M,80,75,66,76,80,77,72,78,73,76,69,68,61,56,44,79,77,42,80,74,69,80,76,74,79,81,79,80,73,76,77,80,81,76,69,71,RB,3,3,Right,"183cm / 6'0""",65kg / 143lb,"['CB', 'RM']",28,Morocco,Premier League,Man United,"['Anticipate', 'Block', 'Jockey', 'Technical']",,,,,
617,Dominik Livaković,M,80,80,76,71,83,56,80,57,54,11,12,53,9,10,15,13,60,11,50,60,12,19,65,30,81,28,64,21,13,24,20,21,74,32,75,26,GK,2,1,Right,"188cm / 6'2""",79kg / 174lb,,30,Croatia,LaLiga,Girona,"['Far Throw', 'Footwork']",80.0,76.0,71.0,80.0,83.0
622,Xaver Schlager,M,80,69,70,74,78,75,78,74,64,75,66,78,76,60,56,59,78,60,80,80,73,78,75,78,80,78,74,82,44,77,78,73,68,77,77,84,CDM,3,3,Left,"174cm / 5'9""",78kg / 172lb,['CM'],28,Austria,Bundesliga,RB Leipzig,"['Bruiser', 'Incisive Pass', 'Jockey', 'Relentless']",,,,,
625,Lucas Digne,M,80,69,68,79,76,77,74,70,68,73,60,81,76,68,60,86,75,83,78,73,83,76,72,78,80,77,79,77,73,77,79,78,77,80,69,76,LB,1,3,Left,"178cm / 5'10""",74kg / 163lb,['LM'],32,France,Premier League,Aston Villa,"['Long Throw', 'Whipped Pass']",,,,,
626,Piotr Zieliński,M,80,76,76,80,82,70,59,78,75,76,74,79,82,75,62,73,84,65,84,81,80,82,82,79,81,84,82,74,52,69,75,72,66,65,56,58,CM,4,3,Right,"180cm / 5'11""",75kg / 165lb,,31,Poland,Serie A,Milano FC,['Technical'],,,,,
628,Kieran Trippier,M,80,66,65,83,77,80,71,68,64,74,54,81,71,58,66,89,81,87,80,83,87,76,67,79,81,79,80,80,79,80,80,79,78,74,66,76,RB,4,3,Right,"173cm / 5'8""",71kg / 157lb,['RM'],35,England,Premier League,Newcastle,"['Dead Ball', 'Long Ball Pass', 'Long Throw', 'Whipped Pass']",,,,,
629,Ruiz de Galarreta,M,80,69,65,77,79,76,76,73,66,74,60,73,70,61,47,74,79,62,80,80,73,77,81,87,79,80,82,78,51,79,80,80,69,84,70,82,CDM,3,3,Right,"175cm / 5'9""",69kg / 152lb,['CM'],32,Spain,LaLiga,Ath Bilbao,['Press Proven'],,,,,
635,Ellyes Skhiri,M,80,64,73,74,75,80,74,65,64,75,76,75,72,60,58,67,72,55,78,81,72,75,74,64,83,74,80,84,75,82,79,73,76,83,69,77,CDM,3,3,Right,"185cm / 6'1""",74kg / 163lb,['CM'],30,Tunisia,Bundesliga,Ein Frankfurt,"['Intercept', 'Press Proven', 'Relentless']",,,,,
636,Rodrigo Bentancur,M,80,64,68,78,79,78,72,63,65,73,68,71,65,71,67,74,78,68,82,80,71,81,64,69,78,81,82,83,64,78,80,77,70,72,70,78,CDM,4,3,Right,"187cm / 6'2""",73kg / 161lb,['CM'],28,Uruguay,Premier League,Tottenham,['First Touch'],,,,,
638,Bryan Cristante,M,80,52,74,78,75,78,81,53,52,76,68,83,78,72,68,70,80,66,82,83,68,75,62,58,79,79,82,76,76,79,80,74,78,89,78,78,CM,4,3,Right,"186cm / 6'1""",80kg / 176lb,['CDM'],30,Italy,Serie A,Roma,"['Aerial Fortress', 'Precision Header']",,,,,
640,Javi Galán,M,80,78,56,75,79,77,73,80,77,66,50,72,56,51,48,79,64,70,79,77,72,80,75,75,78,79,75,75,74,76,79,78,81,77,66,81,LB,2,4,Left,"172cm / 5'8""",70kg / 154lb,['LM'],31,Spain,LaLiga,Ath Madrid,['Anticipate'],,,,,
641,Alex Iwobi,M,80,76,74,77,81,56,73,77,75,77,74,75,75,80,64,78,81,56,79,74,81,84,75,77,79,81,81,59,45,52,64,50,69,88,72,59,LM,3,4,Right,"180cm / 5'11""",75kg / 165lb,"['RM', 'LW']",29,Nigeria,Premier League,Fulham,"['Gamechanger', 'Incisive Pass', 'Inventive', 'Relentless', 'Technical']",,,,,
642,Mikkel Damsgaard,M,80,68,73,82,81,66,67,70,66,78,74,72,74,68,64,79,84,78,83,82,82,81,82,86,80,80,81,69,52,60,74,64,65,78,62,68,CAM,3,4,Right,"180cm / 5'11""",70kg / 154lb,['CM'],25,Denmark,Premier League,Brentford,"['Incisive Pass', 'Inventive', 'Pinged Pass', 'Technical', 'Whipped Pass']",,,,,
644,Lewis Hall,M,80,77,62,78,79,77,64,78,76,68,60,65,62,62,55,83,77,70,78,76,81,79,80,85,79,79,75,77,64,77,79,80,71,80,56,60,LB,3,2,Left,"179cm / 5'10""",71kg / 157lb,,21,England,Premier League,Newcastle,"['Block', 'Press Proven', 'Whipped Pass']",,,,,
645,Frederik Rønnow,M,80,80,80,69,82,47,78,48,45,14,9,52,13,7,17,14,48,7,25,30,16,13,34,40,76,12,31,12,12,15,11,13,67,32,67,17,GK,2,1,Right,"188cm / 6'2""",81kg / 179lb,,33,Denmark,Bundesliga,Union Berlin,['Cross Claimer'],80.0,80.0,69.0,78.0,82.0
646,Mohamed Amoura,M,80,90,81,71,86,47,61,94,87,85,83,78,78,84,74,63,75,54,77,66,74,85,93,93,83,86,79,39,63,45,48,53,78,86,45,66,ST,3,4,Right,"170cm / 5'7""",61kg / 134lb,"['LW', 'LM', 'CAM']",25,Algeria,Bundesliga,Wolfsburg,"['Acrobatic', 'Chip Shot', 'Gamechanger', 'Quick Step', 'Rapid']",,,,,
650,Franck Honorat,M,80,84,78,79,78,53,63,82,85,77,74,88,79,74,68,92,76,60,76,74,87,79,78,76,72,80,74,59,59,53,46,51,71,80,56,57,RM,3,4,Right,"180cm / 5'11""",70kg / 154lb,"['RW', 'RB']",29,France,Bundesliga,M'gladbach,"['Power Shot', 'Technical', 'Whipped Pass']",,,,,
654,Pascal Groß,M,80,48,75,84,79,72,76,46,50,81,72,80,75,70,73,86,84,78,84,84,85,78,68,71,85,83,84,70,57,77,73,69,64,83,73,78,CDM,4,3,Right,"181cm / 5'11""",78kg / 172lb,['CM'],34,Germany,Bundesliga,Dortmund,"['Dead Ball', 'Incisive Pass', 'Long Ball Pass', 'Whipped Pass']",,,,,
655,Noni Madueke,M,80,88,75,74,83,45,69,89,88,79,75,79,74,65,75,74,75,65,76,67,76,85,81,79,76,83,77,45,55,45,45,30,76,75,67,67,RW,3,4,Left,"182cm / 6'0""",75kg / 165lb,['RM'],23,England,Premier League,Arsenal,"['Low Driven Shot', 'Quick Step', 'Technical']",,,,,
657,Jack Grealish,M,80,72,76,80,85,53,67,75,70,78,76,76,79,72,58,80,80,74,81,78,83,86,84,85,79,86,86,49,48,58,54,48,67,69,67,65,LW,3,4,Right,"180cm / 5'11""",81kg / 179lb,['LM'],30,England,Premier League,Everton,"['Press Proven+', 'Finesse Shot', 'First Touch', 'Inventive']",,,,,
658,Benjamin Henrichs,M,80,73,54,76,78,78,74,74,73,70,50,62,51,53,59,79,74,60,80,72,74,79,75,69,79,78,78,77,66,78,81,84,77,73,74,72,RB,4,3,Right,"185cm / 6'1""",84kg / 185lb,"['RM', 'LB']",28,Germany,Bundesliga,RB Leipzig,"['Block', 'Bruiser', 'Incisive Pass', 'Jockey', 'Slide Tackle']",,,,,
659,Tino Livramento,M,80,82,51,72,78,76,74,80,84,71,49,61,46,41,41,79,68,51,77,62,80,79,76,79,78,78,79,78,56,77,80,78,75,80,71,74,RB,4,3,Right,"181cm / 5'11""",71kg / 157lb,"['LB', 'RM']",23,England,Premier League,Newcastle,['Jockey'],,,,,
660,Noa Lang,M,80,80,77,73,84,50,68,84,76,75,80,74,76,80,73,69,77,57,77,68,75,84,87,83,82,84,83,57,49,47,51,43,68,78,60,74,LW,3,5,Right,"179cm / 5'10""",69kg / 152lb,['LM'],26,Holland,Serie A,Napoli,"['First Touch', 'Gamechanger', 'Incisive Pass', 'Quick Step', 'Technical']",,,,,
661,Benjamin Šeško,M,80,83,80,65,78,46,80,79,87,81,81,85,75,75,70,56,63,56,74,59,63,79,75,69,73,81,77,39,82,45,42,35,93,84,83,62,ST,4,4,Right,"195cm / 6'5""",86kg / 190lb,,22,Slovenia,Premier League,Man United,"['Acrobatic', 'Aerial Fortress', 'Gamechanger', 'Power Shot', 'Precision Header', 'Technical']",,,,,
663,Đorđe Petrović,M,80,80,78,73,82,41,78,40,43,11,11,55,11,11,13,11,50,12,47,50,12,20,45,34,79,45,62,15,13,20,15,17,67,37,73,27,GK,2,1,Right,"194cm / 6'4""",89kg / 196lb,,26,Serbia,Premier League,Bournemouth,['Footwork'],80.0,78.0,73.0,78.0,82.0
666,Pedro Neto,M,80,91,76,74,82,40,68,92,90,77,75,80,75,73,65,78,76,72,76,63,77,82,88,88,75,81,76,40,50,40,40,25,74,73,65,68,RM,4,4,Left,"174cm / 5'9""",62kg / 137lb,"['LM', 'ST', 'RW']",25,Portugal,Premier League,Chelsea,"['Quick Step', 'Rapid']",,,,,
667,Antoine Semenyo,M,80,80,78,73,81,40,79,78,82,81,83,81,69,69,69,74,76,61,74,69,74,82,79,74,79,81,79,34,64,34,44,31,81,84,79,71,RM,5,3,Right,"185cm / 6'1""",79kg / 174lb,"['LM', 'RW']",25,Ghana,Premier League,Bournemouth,"['Aerial Fortress', 'Enforcer', 'Long Throw', 'Low Driven Shot']",,,,,
670,Benjamin André,M,80,55,64,73,76,79,83,54,55,70,61,69,65,56,66,70,72,53,78,77,68,75,68,72,79,79,79,80,80,78,81,76,80,90,79,85,CDM,3,3,Right,"180cm / 5'11""",76kg / 168lb,['CM'],35,France,Ligue 1,Lille,"['Aerial Fortress', 'Intercept', 'Long Ball Pass', 'Precision Header']",,,,,
672,Gabriel Jesus,M,80,81,79,74,86,39,71,85,78,81,79,82,75,77,75,73,78,54,79,66,75,87,88,89,80,84,78,32,76,45,30,28,85,66,67,82,ST,3,4,Right,"175cm / 5'9""",73kg / 161lb,['CAM'],28,Brazil,Premier League,Arsenal,"['First Touch', 'Relentless', 'Technical']",,,,,
673,Harvey Barnes,M,80,83,80,75,81,43,68,80,85,81,80,82,83,68,65,75,80,69,76,68,79,82,78,77,79,82,77,43,46,44,43,40,70,74,71,53,LW,4,3,Right,"185cm / 6'1""",72kg / 159lb,['LM'],27,England,Premier League,Newcastle,['Finesse Shot'],,,,,
677,Aaron Wan-Bissaka,M,80,80,51,69,77,78,73,79,80,72,46,70,44,43,44,72,68,45,75,58,74,79,77,70,79,74,78,81,57,78,80,89,75,75,71,73,RB,2,3,Right,"183cm / 6'0""",72kg / 159lb,['RM'],27,Congo DR,Premier League,West Ham,"['Slide Tackle+', 'Anticipate', 'Block', 'Intercept', 'Rapid']",,,,,
678,Pierre Kalulu,M,80,80,53,68,70,81,76,76,83,60,43,66,59,54,49,70,59,44,77,65,65,64,73,69,80,74,80,82,75,82,83,79,83,76,73,80,CB,3,2,Right,"182cm / 6'0""",80kg / 176lb,,25,France,Serie A,Juventus,['Block'],,,,,
679,Valentin Castellanos,M,80,75,80,71,81,45,75,78,73,83,84,79,74,76,73,58,79,65,79,66,65,82,77,74,79,83,81,39,83,43,40,39,85,85,65,84,ST,3,3,Right,"178cm / 5'10""",70kg / 154lb,,27,Argentina,Serie A,Lazio,"['Finesse Shot', 'Incisive Pass', 'Technical']",,,,,
682,Nicolas Pépé,M,80,88,77,76,82,36,67,87,88,76,76,82,74,70,85,75,74,79,79,69,81,83,91,75,78,82,75,33,57,36,34,30,79,69,74,43,RM,2,4,Left,"183cm / 6'0""",73kg / 161lb,"['ST', 'RW']",30,Côte d'Ivoire,LaLiga,Villarreal,"['Finesse Shot', 'Inventive', 'Technical']",,,,,
683,Boulaye Dia,M,80,84,81,67,78,43,73,81,87,81,83,84,74,75,81,55,72,49,75,64,56,79,76,70,78,79,78,38,76,39,42,36,87,74,74,65,ST,4,3,Right,"180cm / 5'11""",75kg / 165lb,['CAM'],29,Senegal,Serie A,Lazio,['Low Driven Shot'],,,,,
684,Mario Hermoso,M,80,72,49,73,71,80,79,71,73,63,42,66,47,41,45,71,66,55,79,76,68,67,70,61,77,76,77,79,83,78,81,80,88,72,80,83,CB,3,2,Left,"184cm / 6'0""",76kg / 168lb,,30,Spain,Serie A,Roma,"['Aerial Fortress', 'Block', 'Long Ball Pass', 'Slide Tackle']",,,,,
686,Ermedin Demirović,M,80,72,81,73,78,42,78,68,75,83,84,85,78,76,62,69,78,53,79,66,73,78,70,71,82,81,73,36,71,38,39,42,80,80,77,77,ST,3,3,Right,"185cm / 6'1""",84kg / 185lb,,27,Bosnia and Herzegovina,Bundesliga,Stuttgart,"['Finesse Shot', 'Relentless']",,,,,
689,Nicolas Jackson,M,80,82,77,69,79,40,77,81,83,83,81,79,70,76,60,62,73,50,77,62,72,81,72,71,80,79,77,40,76,30,40,30,89,81,77,70,ST,3,3,Right,"187cm / 6'2""",78kg / 172lb,,24,Senegal,Bundesliga,Bayern Munich,"['Gamechanger', 'Low Driven Shot', 'Technical']",,,,,
692,Fermín,M,80,74,75,75,82,62,55,76,73,82,79,70,77,57,63,64,81,55,81,78,69,82,83,81,76,82,78,68,76,43,74,60,70,71,44,58,CAM,4,3,Right,"174cm / 5'9""",64kg / 141lb,"['CM', 'LW', 'ST']",22,Spain,LaLiga,Barcelona,['Precision Header'],,,,,
693,Marcus Rashford,M,80,87,82,77,80,33,63,87,87,80,79,93,80,73,85,78,80,75,78,72,80,83,77,69,77,80,76,27,71,30,29,24,82,64,65,52,LM,3,5,Right,"186cm / 6'1""",70kg / 154lb,"['LW', 'ST']",28,England,LaLiga,Barcelona,"['Power Shot', 'Quick Step', 'Rapid']",,,,,
697,Jérémy Doku,M,80,91,71,72,87,32,68,95,88,76,72,77,70,60,55,70,74,55,76,69,72,91,93,92,75,81,75,20,40,40,30,25,73,63,73,62,LW,3,4,Right,"173cm / 5'8""",66kg / 146lb,"['RW', 'LM']",23,Belgium,Premier League,Man City,"['Rapid+', 'Enforcer', 'Inventive', 'Quick Step', 'Trickster']",,,,,
698,Igor Paixão,M,80,83,80,75,81,32,70,83,83,79,80,82,82,72,64,75,75,67,76,72,79,82,81,89,79,80,74,22,75,21,37,29,90,76,68,62,LM,2,4,Right,"168cm / 5'6""",63kg / 139lb,['LW'],25,Brazil,Ligue 1,Marseille,"['Gamechanger', 'Technical', 'Whipped Pass']",,,,,
700,Gonçalo Ramos,M,80,73,79,64,77,48,79,73,73,85,82,82,68,75,75,58,63,48,72,63,64,76,77,71,81,78,75,44,83,43,47,34,89,79,79,78,ST,4,2,Right,"185cm / 6'1""",82kg / 181lb,,24,Portugal,Ligue 1,Paris SG,"['Aerial Fortress', 'Finesse Shot', 'Low Driven Shot', 'Precision Header', 'Press Proven']",,,,,
703,Dominic Solanke,M,80,71,80,66,77,42,83,68,74,83,81,82,73,77,82,55,70,48,77,60,57,78,67,68,80,79,78,43,83,40,35,22,88,87,84,75,ST,2,3,Right,"187cm / 6'2""",80kg / 176lb,,28,England,Premier League,Tottenham,"['Acrobatic', 'Precision Header']",,,,,
706,Vincenzo Grifo,M,80,70,76,82,81,43,66,73,68,79,73,85,75,73,74,88,78,88,81,76,89,81,78,76,82,82,77,45,47,48,41,30,65,81,65,52,LM,2,4,Right,"180cm / 5'11""",80kg / 176lb,"['CAM', 'LW']",32,Italy,Bundesliga,Freiburg,"['Dead Ball+', 'Finesse Shot', 'Gamechanger', 'Incisive Pass', 'Whipped Pass']",,,,,
707,Armand Laurienté,M,80,91,77,74,83,36,57,93,89,79,76,81,79,74,56,74,74,85,76,66,81,84,91,92,76,80,76,32,45,30,40,38,64,82,48,48,LW,3,4,Right,"171cm / 5'7""",59kg / 130lb,['LM'],26,France,Serie A,Empoli,"['Finesse Shot', 'Gamechanger', 'Incisive Pass', 'Quick Step', 'Rapid', 'Trickster']",,,,,
708,Christian Nørgaard,M,80,49,65,74,71,79,79,52,47,66,63,72,64,51,62,68,70,65,79,80,74,69,61,67,80,76,77,84,69,77,80,79,72,82,78,80,CDM,3,3,Right,"187cm / 6'2""",77kg / 170lb,['CM'],31,Denmark,Premier League,Arsenal,"['Aerial Fortress', 'Intercept', 'Precision Header']",,,,,
709,Levi Colwill,M,80,70,43,71,72,81,80,66,73,50,38,60,40,36,40,65,73,36,79,72,67,70,60,62,78,77,79,81,79,81,81,80,84,77,79,84,CB,3,2,Left,"187cm / 6'2""",83kg / 183lb,,22,England,Premier League,Chelsea,['Block'],,,,,
712,Maghnes Akliouche,M,80,74,70,78,83,48,62,75,74,74,72,66,71,59,70,76,82,67,80,74,80,84,84,75,78,84,81,48,46,46,52,44,62,77,58,54,RM,3,4,Left,"183cm / 6'0""",63kg / 139lb,"['CAM', 'RW']",23,France,Ligue 1,Monaco,"['Inventive', 'Low Driven Shot']",,,,,
715,Jan Paul van Hecke,M,80,67,46,72,70,80,78,66,68,35,35,70,50,30,55,50,74,65,80,80,70,70,55,60,79,73,78,79,77,80,80,83,90,70,79,83,CB,3,2,Right,"189cm / 6'2""",79kg / 174lb,,25,Holland,Premier League,Brighton,"['Aerial Fortress', 'Long Ball Pass']",,,,,
716,Álvaro García,M,80,88,70,77,81,51,45,90,87,77,74,71,65,65,55,82,77,50,78,75,78,80,87,93,77,79,77,64,49,55,45,32,58,75,34,34,LM,3,3,Left,"167cm / 5'6""",61kg / 134lb,['LW'],33,Spain,LaLiga,Vallecano,"['Intercept', 'Low Driven Shot', 'Quick Step']",,,,,
717,Deniz Undav,M,80,66,82,74,80,33,77,67,65,83,83,84,80,83,72,67,82,66,80,64,74,78,73,86,80,83,82,18,75,25,37,29,82,70,80,79,ST,5,3,Right,"179cm / 5'10""",86kg / 190lb,['CAM'],29,Germany,Bundesliga,Stuttgart,"['Acrobatic', 'Chip Shot', 'Finesse Shot', 'Gamechanger', 'Incisive Pass', 'Low Driven Shot']",,,,,
718,Samuel Chukwueze,M,80,88,74,74,83,36,57,91,86,78,75,78,72,70,55,76,76,58,77,66,73,86,85,82,77,82,72,33,44,40,32,33,66,62,58,47,RW,2,4,Left,"172cm / 5'8""",70kg / 154lb,['RM'],26,Nigeria,Premier League,Fulham,"['Finesse Shot', 'Quick Step', 'Rapid']",,,,,
719,Castello Lukeba,M,80,72,43,68,73,81,75,73,71,46,41,55,38,42,39,59,72,26,76,75,54,73,70,68,79,74,80,80,81,80,85,77,88,65,78,78,CB,2,2,Left,"183cm / 6'0""",84kg / 185lb,['LB'],22,France,Bundesliga,RB Leipzig,[],,,,,
720,Casemiro,M,80,36,74,76,69,80,76,35,36,71,69,82,78,77,66,68,76,70,79,80,75,68,48,51,79,77,77,77,80,78,83,83,75,54,81,90,CDM,3,2,Right,"185cm / 6'1""",84kg / 185lb,['CM'],33,Brazil,Premier League,Man United,"['Aerial Fortress', 'Block', 'Bruiser', 'Long Ball Pass', 'Slide Tackle']",,,,,
721,Evanilson,M,80,76,79,66,77,37,76,75,76,84,81,81,73,79,69,47,70,50,75,67,68,78,69,69,83,79,78,37,77,22,41,26,86,74,78,73,ST,4,3,Right,"183cm / 6'0""",80kg / 176lb,,26,Brazil,Premier League,Bournemouth,[],,,,,
723,Arthur Theate,M,80,67,40,70,71,80,82,66,68,29,23,70,58,24,32,68,70,37,77,76,53,70,64,56,80,75,77,83,75,81,81,77,82,82,82,82,CB,3,2,Left,"185cm / 6'1""",78kg / 172lb,"['LB', 'LM']",25,Belgium,Bundesliga,Ein Frankfurt,"['Aerial Fortress', 'Precision Header']",,,,,
724,Jadon Sancho,M,80,79,73,77,87,35,58,82,77,78,74,75,70,70,73,73,80,67,80,70,81,87,90,90,78,87,83,33,40,38,35,25,62,64,58,47,LW,3,5,Right,"180cm / 5'11""",76kg / 168lb,"['RW', 'LM']",25,England,Premier League,Aston Villa,"['Finesse Shot', 'Trickster']",,,,,
726,Pau Torres,M,80,67,41,75,69,82,73,66,67,66,31,58,40,41,42,64,77,54,81,80,74,64,56,52,80,79,82,81,85,83,82,81,84,71,73,73,CB,2,2,Left,"191cm / 6'3""",80kg / 176lb,,28,Spain,Premier League,Aston Villa,['Pinged Pass'],,,,,
728,Borja Iglesias,M,80,62,82,71,74,40,77,59,65,85,83,85,76,75,90,54,80,68,78,72,51,74,53,67,80,80,80,32,83,40,36,27,85,64,84,73,ST,3,3,Right,"187cm / 6'2""",86kg / 190lb,,32,Spain,LaLiga,Celta,['Enforcer'],,,,,
729,Odilon Kossounou,M,80,80,32,64,67,81,78,74,84,44,26,52,24,28,32,58,57,23,76,74,33,66,62,56,76,69,73,81,79,80,83,80,80,76,79,78,CB,3,2,Right,"191cm / 6'3""",82kg / 181lb,,24,Côte d'Ivoire,Serie A,Bergamo Calcio,[],,,,,
730,Florentino,M,80,55,47,65,73,81,80,55,55,67,35,65,58,36,38,41,69,44,77,76,44,72,73,68,76,74,75,84,67,81,82,81,73,85,78,78,CDM,2,2,Right,"184cm / 6'0""",76kg / 168lb,"['CM', 'CB']",26,Portugal,Premier League,Burnley,"['Anticipate', 'Bruiser', 'Intercept', 'Pinged Pass', 'Precision Header', 'Press Proven', 'Slide Tackle']",,,,,
733,Yeremy Pino,M,80,77,73,78,81,38,53,78,77,81,76,73,69,67,54,79,78,60,81,76,76,82,80,80,78,81,68,29,46,31,48,41,58,69,45,53,RM,4,3,Right,"172cm / 5'8""",65kg / 143lb,"['LM', 'LW', 'RW']",23,Spain,Premier League,Crystal Palace,['Rapid'],,,,,
735,Federico Gatti,M,80,76,42,53,65,81,80,73,78,45,30,68,39,42,49,38,40,46,68,61,38,62,56,59,79,68,78,80,80,82,83,78,88,74,81,84,CB,3,2,Right,"190cm / 6'3""",80kg / 176lb,,27,Italy,Serie A,Juventus,"['Bruiser', 'Slide Tackle']",,,,,
736,Diego Llorente,M,80,64,41,63,69,81,76,65,64,43,39,45,37,47,53,55,60,35,75,72,30,65,60,62,80,76,70,82,77,81,83,78,82,65,78,84,CB,3,2,Right,"186cm / 6'1""",75kg / 165lb,,32,Spain,LaLiga,Betis,[],,,,,
739,Clément Lenglet,M,80,54,45,69,64,82,76,52,56,54,39,58,46,37,49,55,69,31,81,75,59,57,60,58,82,73,77,83,80,83,82,80,79,71,79,75,CB,4,2,Left,"186cm / 6'1""",81kg / 179lb,,30,France,LaLiga,Ath Madrid,[],,,,,
741,Harry Maguire,M,80,35,57,70,65,80,82,37,34,61,48,82,50,49,68,51,69,46,79,82,67,68,33,33,78,71,79,82,84,80,80,75,80,66,89,84,CB,3,2,Right,"193cm / 6'4""",100kg / 220lb,,32,England,Premier League,Man United,['Aerial Fortress'],,,,,
742,Alexsandro,M,80,66,40,63,59,80,81,56,74,15,34,62,37,32,48,44,64,34,75,72,51,56,38,35,79,68,77,80,80,79,82,76,83,72,84,82,CB,5,2,Left,"191cm / 6'3""",92kg / 203lb,,26,Brazil,Ligue 1,Lille,"['Aerial Fortress', 'Anticipate', 'Block', 'Intercept']",,,,,
743,Andreas Christensen,M,80,64,32,67,70,81,74,52,73,32,36,37,20,25,36,51,62,39,81,79,41,67,60,61,80,77,79,82,78,82,82,80,78,67,78,73,CB,3,2,Right,"187cm / 6'2""",82kg / 181lb,['CM'],29,Denmark,LaLiga,Barcelona,[],,,,,
745,James Tarkowski,M,80,45,47,64,59,81,82,41,49,43,40,69,38,50,52,59,62,53,66,73,54,55,52,47,79,64,75,78,82,81,83,84,80,68,86,89,CB,4,2,Right,"188cm / 6'2""",81kg / 179lb,,33,England,Premier League,Everton,"['Aerial Fortress', 'Block', 'Intercept', 'Long Ball Pass']",,,,,
752,Kouadio Manu Koné,M,79,74,74,75,81,74,82,77,72,75,71,86,76,55,54,70,75,53,80,76,70,82,79,72,79,83,75,76,68,69,79,71,83,82,82,82,CM,3,4,Right,"185cm / 6'1""",80kg / 176lb,,24,France,Serie A,Roma,"['Pinged Pass', 'Power Shot', 'Relentless', 'Technical']",,,,,
754,Matheus Nunes,M,79,85,70,76,79,73,76,78,91,75,69,77,68,59,62,73,77,58,80,79,74,79,78,71,78,80,75,78,53,74,75,74,74,79,74,76,RB,3,3,Right,"184cm / 6'0""",78kg / 172lb,"['CM', 'RM']",27,Portugal,Premier League,Man City,['Press Proven'],,,,,
757,Yuri Berchiche,M,79,79,68,74,75,77,82,81,77,62,61,82,76,65,59,77,71,55,77,72,80,72,74,81,80,76,78,77,73,77,78,73,88,79,81,85,LB,3,3,Left,"181cm / 5'11""",80kg / 176lb,['LM'],35,Spain,LaLiga,Ath Bilbao,['Slide Tackle'],,,,,
758,Diogo Dalot,M,79,85,63,74,77,76,78,84,86,75,54,81,69,44,47,75,75,52,76,74,79,78,74,74,75,76,76,78,71,74,76,78,85,81,74,82,RB,4,4,Right,"183cm / 6'0""",76kg / 168lb,"['LB', 'RM']",26,Portugal,Premier League,Man United,"['Intercept', 'Long Ball Pass', 'Long Throw', 'Slide Tackle']",,,,,
760,Stefan Ortega,M,79,78,77,85,81,52,78,51,53,10,15,64,12,13,24,18,66,12,50,60,30,26,42,54,75,41,56,27,20,29,12,15,73,33,73,29,GK,4,1,Right,"185cm / 6'1""",88kg / 194lb,,33,Germany,Premier League,Man City,"['Far Reach', 'Footwork']",78.0,77.0,85.0,78.0,81.0
761,Paulo Gazzaniga,M,79,79,78,81,78,57,78,57,56,15,12,61,19,13,40,23,64,21,49,52,31,20,65,60,77,31,61,19,14,23,21,14,66,42,55,40,GK,3,1,Right,"196cm / 6'5""",90kg / 198lb,,33,Argentina,LaLiga,Girona,"['Cross Claimer', 'Footwork']",79.0,78.0,81.0,78.0,78.0
762,Kyle Walker,M,79,80,64,75,76,77,78,78,81,68,51,87,69,57,63,76,69,71,78,78,76,78,66,66,78,78,75,77,72,75,79,80,85,72,77,84,RB,2,3,Right,"183cm / 6'0""",83kg / 183lb,['RM'],35,England,Premier League,Burnley,"['Jockey', 'Long Throw', 'Power Shot', 'Rapid']",,,,,
764,Andrei Rațiu,M,79,92,60,74,79,74,71,93,92,75,56,66,63,59,36,79,75,45,77,66,75,82,81,64,72,79,69,72,75,75,74,70,85,80,65,69,RB,3,3,Right,"183cm / 6'0""",79kg / 174lb,['RM'],27,Romania,LaLiga,Vallecano,"['Block', 'Long Throw', 'Quick Step', 'Rapid']",,,,,
766,Maximilian Arnold,M,79,64,80,79,76,75,75,63,64,75,74,91,87,84,54,69,78,84,82,83,84,76,69,64,81,79,79,77,58,78,76,72,70,78,74,77,CDM,2,3,Left,"184cm / 6'0""",74kg / 163lb,['CM'],31,Germany,Bundesliga,Wolfsburg,"['Power Shot+', 'Dead Ball', 'Gamechanger', 'Long Ball Pass']",,,,,
768,Andrea Cambiaso,M,79,78,70,77,79,75,70,79,78,78,68,75,75,72,46,79,79,60,79,75,76,80,78,71,78,80,78,74,62,76,79,76,75,76,66,71,LB,5,3,Left,"182cm / 6'0""",77kg / 170lb,"['RB', 'LM']",25,Italy,Serie A,Juventus,"['Anticipate', 'Jockey', 'Relentless']",,,,,
770,Davide Zappacosta,M,79,76,73,77,77,76,69,78,74,79,71,79,75,69,59,84,70,59,79,75,78,79,71,69,76,78,74,77,69,75,78,78,75,80,61,75,LM,3,3,Right,"182cm / 6'0""",75kg / 165lb,"['RM', 'LW']",33,Italy,Serie A,Bergamo Calcio,['Whipped Pass'],,,,,
772,Ramy Bensebaini,M,79,73,70,70,77,78,79,72,73,66,72,70,65,57,85,73,63,62,76,68,67,78,67,67,75,82,74,74,82,73,80,87,88,77,78,82,LB,4,3,Left,"187cm / 6'2""",82kg / 181lb,"['CB', 'LM']",30,Algeria,Bundesliga,Dortmund,"['Slide Tackle+', 'Bruiser', 'Chip Shot']",,,,,
773,Ferdi Kadıoğlu,M,79,82,68,74,80,76,67,88,77,73,65,73,72,63,52,75,73,63,78,70,73,79,89,86,75,78,73,75,66,77,77,77,71,79,62,62,RB,4,3,Right,"174cm / 5'9""",68kg / 150lb,"['LB', 'RM']",26,Turkey,Premier League,Brighton,"['First Touch', 'Jockey', 'Quick Step', 'Rapid', 'Relentless', 'Whipped Pass']",,,,,
777,Luis Milla,M,79,69,72,80,76,75,73,72,67,77,70,76,75,56,75,76,79,78,82,81,76,75,68,77,79,78,81,81,49,78,79,72,66,82,68,75,CM,3,3,Right,"175cm / 5'9""",67kg / 148lb,['CDM'],31,Spain,LaLiga,Getafe CF,"['Aerial Fortress', 'Long Ball Pass', 'Press Proven', 'Relentless']",,,,,
778,Nico González,M,79,67,70,77,77,74,80,66,67,72,70,76,68,58,60,70,79,59,83,79,62,78,67,57,76,81,75,73,69,74,79,70,77,80,79,85,CDM,3,3,Right,"188cm / 6'2""",88kg / 194lb,['CM'],23,Spain,Premier League,Man City,['Press Proven'],,,,,
781,Ryan Christie,M,79,69,70,77,78,74,76,73,66,74,68,77,70,50,73,72,77,70,80,79,75,77,78,80,80,77,79,81,53,74,76,74,69,85,69,82,CDM,4,3,Left,"178cm / 5'10""",70kg / 154lb,['CM'],30,Scotland,Premier League,Bournemouth,"['Intercept', 'Relentless']",,,,,
782,Pablo Fornals,M,79,65,75,80,80,73,71,66,65,78,76,76,75,70,55,80,84,70,80,80,74,79,75,73,78,83,82,75,50,75,77,75,64,81,66,74,CDM,3,4,Right,"178cm / 5'10""",67kg / 148lb,"['CM', 'RM']",29,Spain,LaLiga,Betis,['Technical'],,,,,
783,Nahuel Molina,M,79,82,67,73,76,75,71,79,84,77,67,70,67,62,45,78,76,44,76,69,68,75,81,76,76,76,74,77,63,75,77,76,74,85,63,74,RB,3,3,Right,"175cm / 5'9""",70kg / 154lb,['RM'],27,Argentina,LaLiga,Ath Madrid,"['Block', 'Whipped Pass']",,,,,
784,Ian Maatsen,M,79,87,65,75,81,73,63,88,87,68,64,72,68,57,45,77,72,62,79,70,71,81,86,86,78,80,76,76,58,74,72,78,70,74,52,73,LB,2,3,Left,"178cm / 5'10""",68kg / 150lb,['LM'],23,Holland,Premier League,Aston Villa,"['Rapid', 'Slide Tackle']",,,,,
786,Angeliño,M,79,69,70,81,80,74,69,77,62,78,68,82,67,63,55,86,78,76,82,80,83,78,84,83,77,83,80,75,63,76,75,74,71,87,56,76,LB,3,4,Left,"171cm / 5'7""",69kg / 152lb,['LM'],28,Spain,Serie A,Roma,"['Anticipate', 'Long Throw', 'Relentless', 'Whipped Pass']",,,,,
787,Vanja Milinković-Savić,M,79,79,77,84,79,43,81,41,45,12,20,63,20,16,24,18,58,40,31,30,40,15,38,38,72,18,65,21,12,11,15,19,67,33,73,34,GK,3,1,Right,"202cm / 6'8""",99kg / 218lb,,28,Serbia,Serie A,Napoli,"['Far Throw', 'Footwork', 'Long Ball Pass']",79.0,77.0,84.0,81.0,79.0
788,Julian Ryerson,M,79,74,63,71,76,77,82,77,72,63,62,73,61,55,44,79,63,54,76,69,63,76,76,77,77,76,74,74,64,83,75,80,74,83,80,86,RB,3,2,Right,"183cm / 6'0""",82kg / 181lb,"['LB', 'RM']",28,Norway,Bundesliga,Dortmund,"['Bruiser', 'Jockey', 'Relentless']",,,,,
790,Anton Stach,M,79,70,68,75,72,78,80,68,71,74,59,85,78,54,51,75,76,64,76,75,71,74,62,48,79,77,68,88,76,70,79,78,85,82,81,74,CDM,4,3,Right,"194cm / 6'4""",88kg / 194lb,"['CM', 'CB']",27,Germany,Premier League,Leicester,"['Aerial Fortress', 'Bruiser', 'Intercept', 'Power Shot', 'Relentless', 'Slide Tackle']",,,,,
791,Jordan Henderson,M,79,65,71,80,74,75,77,62,67,75,69,77,72,70,67,81,78,70,81,83,80,74,62,65,79,78,78,78,63,77,76,74,74,77,77,80,CDM,3,3,Right,"182cm / 6'0""",80kg / 176lb,['CM'],35,England,Premier League,Brentford,"['Anticipate', 'Incisive Pass', 'Long Ball Pass']",,,,,
792,Marcos Alonso,M,79,57,74,80,74,80,77,58,56,77,70,82,75,76,75,83,76,83,82,76,84,76,63,56,79,77,79,81,79,80,80,79,80,74,76,80,CB,3,3,Left,"188cm / 6'2""",81kg / 179lb,['LB'],34,Spain,LaLiga,Celta,[],,,,,
793,Paul Pogba,M,79,64,76,81,83,60,78,60,68,73,68,88,81,81,77,72,83,79,84,86,84,87,68,65,71,86,82,60,73,52,63,61,82,56,88,77,CM,4,5,Right,"191cm / 6'3""",84kg / 185lb,"['CDM', 'CAM']",32,France,Ligue 1,Monaco,"['Dead Ball', 'Inventive', 'Long Ball Pass', 'Technical']",,,,,
795,Sergio Gómez,M,79,73,74,80,79,71,65,76,70,75,73,77,75,69,78,81,80,76,81,76,78,79,82,83,75,79,76,75,47,72,74,72,64,78,58,68,LM,3,4,Left,"173cm / 5'8""",71kg / 157lb,"['CM', 'LB']",25,Spain,LaLiga,Sociedad,"['Dead Ball', 'Inventive']",,,,,
796,Dan Ndoye,M,79,89,72,70,81,62,68,86,92,76,74,75,68,67,60,76,70,57,71,63,74,83,84,74,75,81,74,62,53,59,67,65,73,81,65,59,LM,3,3,Right,"184cm / 6'0""",79kg / 174lb,"['RM', 'LW']",25,Switzerland,Premier League,Nott'm Forest,"['Gamechanger', 'Incisive Pass', 'Quick Step', 'Rapid']",,,,,
798,Pape Matar Sarr,M,79,68,66,76,78,77,76,71,66,73,65,69,67,54,54,72,77,60,81,79,67,79,75,72,82,79,79,80,66,77,79,74,76,85,71,76,CM,3,2,Right,"184cm / 6'0""",70kg / 154lb,['CDM'],23,Senegal,Premier League,Tottenham,[],,,,,
800,Nicolò Rovella,M,79,76,63,77,78,75,71,75,77,68,52,72,76,68,60,67,79,71,82,80,74,78,79,77,77,80,74,78,62,76,77,76,72,85,62,78,CDM,4,3,Right,"179cm / 5'10""",70kg / 154lb,['CM'],23,Italy,Serie A,Lazio,"['Anticipate', 'Incisive Pass', 'Intercept', 'Inventive', 'Relentless']",,,,,
801,Amadou Onana,M,79,74,62,72,73,78,81,64,82,67,57,75,67,51,39,58,76,42,80,77,72,76,49,52,75,78,74,76,78,78,80,79,85,76,83,83,CDM,4,3,Right,"192cm / 6'4""",76kg / 168lb,['CM'],24,Belgium,Premier League,Aston Villa,"['Aerial Fortress', 'Enforcer', 'Precision Header', 'Press Proven', 'Slide Tackle']",,,,,
806,Hamari Traoré,M,79,82,57,72,75,74,78,80,83,72,52,72,58,32,47,80,66,42,75,73,74,75,74,80,74,75,72,72,71,72,77,76,83,90,73,75,RB,3,3,Right,"175cm / 5'9""",64kg / 141lb,['RM'],33,Mali,Ligue 1,Paris FC,"['Long Throw', 'Rapid']",,,,,
807,Pau López,M,79,77,77,78,79,48,79,45,52,20,19,59,18,17,25,24,69,21,63,55,23,18,40,57,76,43,62,16,15,19,20,11,60,42,52,39,GK,3,1,Left,"189cm / 6'2""",77kg / 170lb,,30,Spain,LaLiga,Betis,"['Deflector', 'Far Throw']",77.0,77.0,78.0,79.0,79.0
808,Matty Cash,M,79,75,66,71,75,75,76,74,75,71,66,77,64,55,44,77,66,48,74,71,70,75,73,67,79,76,72,76,49,77,80,80,67,86,68,84,RB,3,3,Right,"185cm / 6'1""",74kg / 163lb,['RM'],28,Poland,Premier League,Aston Villa,['Long Throw'],,,,,
813,Alexandr Golovin,M,79,73,76,79,82,61,66,73,73,77,74,78,84,72,60,76,80,81,80,75,82,82,85,77,77,83,80,71,46,45,72,66,61,79,56,76,LM,4,4,Right,"178cm / 5'10""",69kg / 152lb,"['CAM', 'LW']",29,Russia,Ligue 1,Monaco,"['Finesse Shot', 'First Touch', 'Incisive Pass', 'Technical']",,,,,
817,Juan Musso,M,79,79,77,73,82,44,81,46,42,19,18,55,14,15,25,20,48,12,31,24,16,16,32,39,70,20,67,18,15,12,14,16,68,35,70,27,GK,3,1,Right,"191cm / 6'3""",93kg / 205lb,,31,Argentina,LaLiga,Ath Madrid,[],79.0,77.0,73.0,81.0,82.0
818,Sergio Herrera,M,79,79,78,75,80,47,77,45,50,13,16,56,14,16,32,20,37,21,24,21,21,15,45,45,77,27,53,12,14,15,17,18,66,42,67,25,GK,3,1,Right,"192cm / 6'4""",82kg / 181lb,,32,Spain,LaLiga,Osasuna,"['Cross Claimer', 'Far Throw', 'Footwork', 'Long Ball Pass']",79.0,78.0,75.0,77.0,80.0
819,Rasmus Kristensen,M,79,69,65,70,72,79,81,66,72,74,60,75,67,59,58,77,66,56,72,67,66,72,61,64,81,75,74,78,78,80,79,74,83,84,78,85,RB,4,3,Right,"187cm / 6'2""",75kg / 165lb,"['RM', 'CB']",28,Denmark,Bundesliga,Ein Frankfurt,"['Bruiser', 'Relentless']",,,,,
821,Mario Gila,M,79,85,53,67,75,80,76,83,87,42,48,68,56,51,38,64,62,48,74,66,64,72,74,72,79,78,76,81,79,81,78,80,88,82,71,76,CB,4,2,Right,"185cm / 6'1""",80kg / 176lb,,25,Spain,Serie A,Lazio,"['Jockey', 'Long Ball Pass']",,,,,
822,Łukasz Skorupski,M,79,79,76,68,83,51,78,51,51,13,11,51,15,17,22,19,40,19,35,26,12,18,48,38,76,23,58,17,10,18,15,14,63,31,58,33,GK,3,1,Right,"188cm / 6'2""",90kg / 198lb,,34,Poland,Serie A,Bologna,['Far Throw'],79.0,76.0,68.0,78.0,83.0
823,Kepa,M,79,77,78,82,81,40,77,38,42,10,11,62,10,10,23,13,60,15,60,60,20,20,45,38,77,33,62,20,15,20,17,18,60,35,55,20,GK,4,1,Right,"189cm / 6'2""",89kg / 196lb,,31,Spain,Premier League,Arsenal,['Footwork'],77.0,78.0,82.0,77.0,81.0
824,Tyler Adams,M,79,79,56,71,75,79,75,85,74,65,52,68,58,40,52,63,72,42,78,74,68,73,77,85,77,76,77,83,65,77,82,79,79,79,68,85,CDM,3,3,Right,"175cm / 5'9""",72kg / 159lb,['CM'],26,United States,Premier League,Bournemouth,[],,,,,
825,Nicolás Domínguez,M,79,69,65,72,76,76,77,72,67,66,63,72,67,52,51,60,73,52,80,77,69,74,82,80,75,77,70,78,68,72,80,77,74,89,67,88,CDM,4,3,Right,"179cm / 5'10""",73kg / 161lb,['CM'],27,Argentina,Premier League,Nott'm Forest,"['Relentless', 'Slide Tackle']",,,,,
826,Pervis Estupiñán,M,79,76,57,77,78,75,72,77,76,70,48,67,65,38,65,79,72,79,79,72,78,80,74,73,77,79,72,77,70,72,78,76,77,81,68,70,LB,3,3,Left,"175cm / 5'9""",79kg / 174lb,['LM'],27,Ecuador,Serie A,Milan,[],,,,,
827,Álvaro Valles,M,79,78,78,78,80,41,80,40,42,9,6,59,8,8,14,16,67,8,58,56,15,12,38,35,70,14,45,15,10,9,10,9,63,40,65,22,GK,4,1,Right,"191cm / 6'3""",82kg / 181lb,,28,Spain,LaLiga,Betis,"['Cross Claimer', 'Deflector']",78.0,78.0,78.0,80.0,80.0
830,Lewis Cook,M,79,69,63,77,77,75,73,68,69,65,60,67,65,57,60,76,77,65,79,77,78,77,76,82,79,78,75,82,50,75,78,80,64,85,65,80,CDM,4,3,Right,"175cm / 5'9""",71kg / 157lb,"['RB', 'RM']",28,England,Premier League,Bournemouth,"['Aerial Fortress', 'Intercept', 'Press Proven']",,,,,
832,Nikola Vlašić,M,79,74,76,76,81,57,70,77,72,76,74,80,80,68,66,71,78,72,80,74,70,82,77,81,75,83,77,62,65,54,62,37,75,76,65,75,CAM,4,3,Right,"179cm / 5'10""",79kg / 174lb,['CM'],28,Croatia,Serie A,Torino,"['Intercept', 'Technical']",,,,,
834,Sergi Cardona,M,79,82,56,71,75,75,75,84,80,68,50,75,54,45,44,74,73,34,76,67,66,75,70,74,74,77,73,76,65,74,80,73,80,85,71,73,LB,3,3,Left,"185cm / 6'1""",77kg / 170lb,['LM'],26,Spain,LaLiga,Villarreal,"['Anticipate', 'Intercept']",,,,,
835,Valentin Rongier,M,79,62,66,75,78,74,78,67,58,68,62,72,68,66,65,68,78,55,81,77,62,78,78,85,77,76,77,78,53,73,80,73,71,81,78,76,CDM,4,3,Right,"174cm / 5'9""",67kg / 148lb,['CM'],30,France,Ligue 1,Rennes,"['Incisive Pass', 'Press Proven', 'Relentless']",,,,,
837,Kamil Grabara,M,79,80,76,73,84,42,78,42,42,16,15,55,16,15,24,18,57,24,48,49,20,20,45,48,66,35,56,23,24,25,19,18,70,38,71,36,GK,3,1,Right,"195cm / 6'5""",85kg / 187lb,,26,Poland,Bundesliga,Wolfsburg,"['Cross Claimer', 'Far Throw', 'Footwork']",80.0,76.0,73.0,78.0,84.0
838,Reinildo,M,79,81,55,68,74,77,78,81,81,69,57,60,47,53,44,74,64,36,75,60,68,74,76,71,76,75,73,76,76,77,78,78,88,81,75,80,LB,3,3,Left,"180cm / 5'11""",73kg / 161lb,"['CB', 'LM']",31,Mozambique,Premier League,Sunderland,"['Block', 'Bruiser']",,,,,
839,Caoimhin Kelleher,M,79,77,76,79,80,43,78,45,39,4,6,59,8,9,30,13,56,11,48,50,12,25,44,48,77,37,66,12,13,18,10,14,68,19,71,21,GK,4,1,Right,"188cm / 6'2""",81kg / 179lb,,27,Republic of Ireland,Premier League,Brentford,[],77.0,76.0,79.0,78.0,80.0
840,Alexis Saelemaekers,M,79,80,67,75,81,66,63,83,77,75,68,64,74,65,44,80,71,67,77,70,76,81,86,78,79,81,74,67,45,69,69,66,63,77,54,69,RM,4,4,Right,"180cm / 5'11""",72kg / 159lb,"['LM', 'RW']",26,Belgium,Serie A,Milan,['Relentless'],,,,,
842,Amine Gouiri,M,79,77,82,76,80,45,71,79,75,83,85,80,80,73,78,77,76,76,78,69,78,81,79,74,76,80,79,44,68,45,41,32,79,76,71,61,ST,3,4,Right,"181cm / 5'11""",80kg / 176lb,['CAM'],25,Algeria,Ligue 1,Marseille,"['Finesse Shot', 'Gamechanger', 'Technical']",,,,,
844,Luke Shaw,M,79,69,57,78,75,79,72,69,69,71,46,80,56,65,38,82,77,67,79,77,81,75,60,73,78,78,76,79,76,79,79,78,83,51,77,85,CB,2,3,Left,"181cm / 5'11""",75kg / 165lb,"['LB', 'LM']",30,England,Premier League,Man United,['Jockey'],,,,,
845,Augusto Batalla,M,79,78,78,74,80,43,77,43,42,17,14,56,15,13,23,17,51,17,40,36,13,17,37,43,77,27,34,23,16,18,18,17,69,31,72,26,GK,3,1,Right,"186cm / 6'1""",77kg / 170lb,,29,Argentina,LaLiga,Vallecano,"['Cross Claimer', 'Far Throw', 'Footwork']",78.0,78.0,74.0,77.0,80.0
846,Marko Dmitrović,M,79,76,79,78,80,37,80,39,35,9,20,59,17,20,58,30,45,18,40,40,20,8,32,37,70,10,59,17,20,19,22,20,71,45,79,20,GK,2,1,Left,"194cm / 6'4""",91kg / 201lb,,33,Serbia,LaLiga,Espanol,"['Far Throw', 'Footwork']",76.0,79.0,78.0,80.0,80.0
847,Guruzeta,M,79,73,78,72,78,51,78,75,71,78,79,82,74,80,71,69,74,52,79,62,72,78,76,73,79,81,75,49,79,45,48,50,87,78,79,72,ST,4,3,Right,"188cm / 6'2""",80kg / 176lb,,29,Spain,LaLiga,Ath Bilbao,"['Acrobatic', 'First Touch', 'Precision Header']",,,,,
848,Fran García,M,79,89,50,70,78,72,71,90,89,70,42,63,53,39,39,75,67,36,78,62,69,76,80,91,72,79,69,74,54,67,79,76,75,83,66,66,LB,3,3,Left,"169cm / 5'7""",62kg / 137lb,['LM'],26,Spain,LaLiga,Real Madrid,"['Quick Step', 'Rapid', 'Whipped Pass']",,,,,
849,Aleksandar Pavlović,M,79,62,64,79,78,76,71,69,56,62,66,64,65,66,50,73,77,66,85,85,73,77,72,70,80,83,79,74,71,79,74,77,78,77,72,57,CDM,4,3,Right,"188cm / 6'2""",75kg / 165lb,['CM'],21,Germany,Bundesliga,Bayern Munich,['Tiki Taka'],,,,,
850,Malo Gusto,M,79,84,45,75,78,73,74,87,81,75,30,65,50,45,45,79,74,50,76,74,76,77,84,77,76,77,76,76,53,75,76,75,74,85,68,76,RB,3,3,Right,"178cm / 5'10""",74kg / 163lb,['RM'],22,France,Premier League,Chelsea,"['Block', 'Jockey', 'Rapid', 'Slide Tackle']",,,,,
856,Manuel Ugarte,M,79,62,65,72,76,77,75,62,62,70,65,67,65,45,62,62,73,58,77,79,70,77,68,72,78,76,79,83,55,77,81,78,69,70,74,87,CDM,3,3,Right,"182cm / 6'0""",77kg / 170lb,['CM'],24,Uruguay,Premier League,Man United,"['Bruiser', 'Intercept', 'Slide Tackle']",,,,,
857,Arnau Martínez,M,79,79,54,75,74,74,71,83,75,62,55,59,50,40,50,80,74,40,80,70,72,74,74,66,79,77,68,74,75,73,76,74,83,80,66,67,RB,3,2,Right,"182cm / 6'0""",72kg / 159lb,"['RM', 'CB', 'RW']",22,Spain,LaLiga,Girona,"['Jockey', 'Whipped Pass']",,,,,
858,Kaishū Sano,M,79,79,51,67,76,78,75,76,81,64,43,65,51,46,49,53,67,45,77,74,45,76,78,78,78,75,76,86,74,79,77,67,79,92,65,77,CDM,3,2,Right,"176cm / 5'9""",67kg / 148lb,['CM'],24,Japan,Bundesliga,Mainz,['Aerial Fortress'],,,,,
860,Wataru Endo,M,79,58,68,71,77,79,73,66,52,68,67,76,73,36,62,58,75,49,79,78,45,76,72,81,77,78,79,78,79,80,79,73,85,77,67,82,CDM,4,3,Right,"178cm / 5'10""",77kg / 170lb,['CM'],32,Japan,Premier League,Liverpool,"['Press Proven', 'Relentless']",,,,,
861,Adam Wharton,M,79,62,62,81,77,75,69,60,63,66,60,67,63,51,53,77,83,71,83,84,77,76,69,71,78,80,82,77,62,74,78,76,68,69,66,76,CDM,4,3,Left,"182cm / 6'0""",70kg / 154lb,['CM'],21,England,Premier League,Crystal Palace,"['First Touch', 'Press Proven', 'Slide Tackle']",,,,,
864,Albert Guðmundsson,M,79,87,79,70,83,37,69,86,87,75,81,79,75,70,80,63,73,63,75,64,74,84,83,74,79,83,80,29,72,25,39,43,85,71,71,55,ST,4,3,Right,"178cm / 5'10""",78kg / 172lb,['CAM'],28,Iceland,Serie A,Fiorentina,[],,,,,
866,Moleiro,M,79,83,70,75,81,51,65,84,83,74,70,74,71,53,59,68,81,52,78,74,75,83,85,83,72,81,71,48,57,47,55,53,73,76,60,60,LM,4,4,Right,"171cm / 5'7""",68kg / 150lb,"['CAM', 'LW']",22,Spain,LaLiga,Villarreal,"['First Touch', 'Incisive Pass', 'Technical']",,,,,
868,Walter Benítez,M,79,79,78,72,80,37,78,38,35,17,14,54,14,13,25,12,46,17,28,27,20,19,45,45,76,20,62,21,13,17,20,17,69,40,80,28,GK,2,1,Right,"191cm / 6'3""",93kg / 205lb,,32,Argentina,Premier League,Crystal Palace,['Rush Out'],79.0,78.0,72.0,78.0,80.0
869,Olivier Boscagli,M,79,65,50,77,77,79,76,68,62,62,33,72,69,29,41,72,77,56,82,84,52,74,73,71,81,82,79,82,76,77,79,78,84,68,80,73,CB,3,3,Left,"181cm / 5'11""",68kg / 150lb,,28,France,Premier League,Brighton,"['Intercept', 'Long Ball Pass']",,,,,
870,Sander Berge,M,79,55,65,74,71,75,84,54,55,70,63,78,62,51,54,66,75,51,80,78,72,75,47,33,77,78,78,76,74,76,76,72,81,81,89,76,CDM,3,2,Right,"195cm / 6'5""",96kg / 212lb,"['CM', 'CB']",27,Norway,Premier League,Fulham,"['Aerial Fortress', 'Pinged Pass']",,,,,
871,Thiago Almada,M,79,79,74,79,83,51,58,86,74,76,70,78,76,73,75,74,81,83,80,74,85,82,92,93,74,83,80,58,39,44,57,51,53,69,50,64,CAM,4,4,Right,"171cm / 5'7""",62kg / 137lb,['CM'],24,Argentina,LaLiga,Ath Madrid,"['Finesse Shot', 'First Touch', 'Incisive Pass', 'Quick Step']",,,,,
872,Evann Guessand,M,79,83,76,73,79,36,77,79,86,81,79,78,72,71,61,77,69,52,78,69,68,81,75,59,76,80,80,25,76,32,39,18,91,76,84,58,RW,3,3,Right,"188cm / 6'2""",79kg / 174lb,"['ST', 'RM']",24,Côte d'Ivoire,Premier League,Aston Villa,"['Low Driven Shot', 'Precision Header', 'Rapid']",,,,,
873,Lee Kang In,M,79,72,75,80,82,50,64,75,69,78,75,79,73,75,70,81,80,77,80,79,82,82,86,87,76,82,81,53,65,45,51,42,70,73,56,72,RW,3,4,Left,"173cm / 5'8""",66kg / 146lb,"['CM', 'RM']",24,Korea Republic,Ligue 1,Paris SG,"['Dead Ball', 'Inventive', 'Technical', 'Whipped Pass']",,,,,
874,Amad,M,79,85,74,75,83,54,52,88,82,78,77,78,69,54,63,75,77,60,76,71,77,83,92,89,77,80,78,59,53,51,57,49,65,70,45,42,CAM,4,4,Left,"173cm / 5'8""",67kg / 148lb,"['RW', 'RM', 'CM']",23,Côte d'Ivoire,Premier League,Man United,['Technical'],,,,,
876,Nico Paz,M,79,78,71,77,82,51,64,76,79,71,76,64,78,51,53,67,78,67,84,79,64,85,78,61,68,85,73,58,48,35,65,44,67,75,66,42,CAM,3,4,Left,"186cm / 6'1""",81kg / 179lb,['CM'],21,Argentina,Serie A,Como,"['Finesse Shot', 'Incisive Pass', 'Inventive', 'Technical']",,,,,
877,Sead Kolašinac,M,79,61,63,68,69,79,82,54,67,69,60,75,58,55,54,73,65,42,74,63,61,67,57,58,79,74,72,78,76,80,81,78,81,78,83,84,CB,2,2,Left,"183cm / 6'0""",85kg / 187lb,,32,Bosnia and Herzegovina,Serie A,Bergamo Calcio,"['Anticipate', 'Jockey']",,,,,
878,Stole Dimitrievski,M,79,79,78,74,78,36,77,35,38,15,20,56,17,15,21,11,51,17,23,27,17,18,44,43,77,19,53,21,14,19,19,17,66,40,72,17,GK,2,1,Right,"188cm / 6'2""",84kg / 185lb,,31,North Macedonia,LaLiga,Valencia,"['Far Throw', 'Footwork']",79.0,78.0,74.0,77.0,78.0
879,Justin Kluivert,M,79,87,78,76,81,38,62,89,86,78,75,84,81,67,84,77,78,63,77,75,72,82,87,83,78,80,72,30,57,43,35,30,71,76,53,65,CAM,4,4,Right,"172cm / 5'8""",67kg / 148lb,"['LM', 'CM']",26,Holland,Premier League,Bournemouth,['Rapid'],,,,,
881,Stephan El Shaarawy,M,79,78,75,76,83,49,59,81,76,76,72,75,78,85,72,76,78,72,77,70,85,83,89,76,80,83,77,36,65,65,42,35,75,61,60,51,LM,3,4,Right,"178cm / 5'10""",73kg / 161lb,['LW'],33,Italy,Serie A,Roma,[],,,,,
883,Donyell Malen,M,79,86,78,72,82,35,67,89,84,80,79,84,71,81,74,72,71,61,77,61,76,83,86,86,78,81,79,31,67,29,33,35,73,69,66,65,RM,4,4,Right,"176cm / 5'9""",68kg / 150lb,"['RW', 'LM']",26,Holland,Premier League,Aston Villa,"['First Touch', 'Quick Step', 'Technical']",,,,,
884,Ismaïla Sarr,M,79,91,78,76,78,28,69,89,93,80,79,83,75,74,68,75,80,60,78,71,78,77,77,74,78,79,82,24,44,25,29,21,72,72,72,57,CAM,2,3,Right,"185cm / 6'1""",70kg / 154lb,"['RW', 'CM']",27,Senegal,Premier League,Crystal Palace,"['Quick Step', 'Rapid']",,,,,
885,Facundo Medina,M,79,74,44,70,72,79,81,67,79,63,44,45,41,29,44,64,70,32,79,76,52,71,62,67,80,76,79,79,74,78,81,80,82,78,81,84,CB,2,3,Left,"184cm / 6'0""",77kg / 170lb,"['LB', 'LM']",26,Argentina,Ligue 1,Marseille,"['Bruiser', 'Jockey', 'Slide Tackle']",,,,,
886,Santiago Giménez,M,79,78,80,70,77,46,69,77,79,84,82,83,76,70,81,64,75,52,74,69,72,77,75,71,75,78,78,51,80,45,39,22,77,64,68,78,ST,4,3,Left,"183cm / 6'0""",68kg / 150lb,,24,Mexico,Serie A,Milan,['Precision Header'],,,,,
889,Kenan Yıldız,M,79,84,78,74,83,35,66,85,84,78,78,79,79,78,70,74,77,67,75,70,80,85,83,74,72,85,75,35,69,32,30,26,80,72,67,50,CAM,5,4,Right,"185cm / 6'1""",75kg / 165lb,"['LM', 'LW', 'CM']",20,Turkey,Serie A,Juventus,"['Gamechanger', 'Incisive Pass', 'Technical', 'Whipped Pass']",,,,,
890,Marc Bartra,M,79,64,59,70,71,80,75,62,65,50,55,73,63,43,52,57,70,51,78,77,66,68,67,70,80,75,75,81,78,81,79,79,82,67,77,76,CB,3,3,Right,"184cm / 6'0""",73kg / 161lb,,34,Spain,LaLiga,Betis,['Slide Tackle'],,,,,
891,Martin Terrier,M,79,78,79,75,80,36,71,81,75,78,80,79,79,79,73,73,77,58,78,72,77,81,72,73,77,82,79,27,75,34,31,34,85,73,74,57,ST,3,3,Right,"184cm / 6'0""",71kg / 157lb,"['LM', 'LW', 'CAM']",28,France,Bundesliga,Leverkusen,"['Aerial Fortress', 'Finesse Shot', 'Gamechanger', 'Rapid']",,,,,
896,Stefan Posch,M,79,75,55,68,66,80,74,71,78,71,52,63,54,51,38,73,55,45,74,70,65,65,36,60,76,75,70,78,80,79,82,78,85,70,75,73,RB,3,2,Right,"190cm / 6'3""",82kg / 181lb,['RM'],28,Austria,Serie A,Como,"['Anticipate', 'Bruiser']",,,,,
898,Maximilian Beier,M,79,86,79,68,80,43,62,86,86,82,82,80,76,75,65,67,68,51,74,60,74,80,82,77,79,82,73,43,72,45,39,21,77,82,53,54,ST,3,4,Right,"185cm / 6'1""",72kg / 159lb,"['RM', 'LM', 'RW']",23,Germany,Bundesliga,Dortmund,"['Finesse Shot', 'Gamechanger', 'Quick Step', 'Rapid']",,,,,
899,Emmanuel Agbadou,M,79,80,48,63,66,78,83,69,89,55,51,61,33,28,46,48,63,30,73,77,49,69,51,40,79,66,78,77,78,79,79,76,89,68,90,84,CB,3,2,Right,"192cm / 6'4""",86kg / 190lb,,28,Côte d'Ivoire,Premier League,Wolves,"['Block', 'Bruiser', 'Jockey', 'Precision Header']",,,,,
901,Leon Bailey,M,79,87,74,73,84,38,61,91,84,76,76,72,74,73,71,75,75,72,75,65,76,85,91,88,77,81,73,28,57,45,34,29,75,64,61,55,RM,2,4,Left,"178cm / 5'10""",77kg / 170lb,['RW'],28,Jamaica,Serie A,Roma,['Quick Step'],,,,,
902,Viktor Tsygankov,M,79,82,75,79,78,43,60,82,82,75,74,77,76,72,81,80,78,74,80,76,79,78,81,72,76,79,75,43,45,48,39,37,62,75,52,63,RM,4,4,Left,"178cm / 5'10""",73kg / 161lb,"['RW', 'CAM']",28,Ukraine,LaLiga,Girona,"['Quick Step', 'Technical']",,,,,
903,Iliman Ndiaye,M,79,84,76,70,84,40,63,83,85,79,78,76,70,71,80,70,74,55,75,58,68,86,84,77,79,83,82,49,59,44,28,26,75,71,65,47,LM,4,4,Right,"180cm / 5'11""",70kg / 154lb,['LW'],25,Senegal,Premier League,Everton,['Technical'],,,,,
906,Nordi Mukiele,M,79,72,49,67,71,80,77,76,69,60,40,67,52,39,45,71,64,33,71,69,68,70,65,65,76,74,71,81,73,80,81,85,78,68,79,83,RB,3,3,Right,"187cm / 6'2""",84kg / 185lb,"['CB', 'RM']",28,France,Premier League,Sunderland,['Slide Tackle'],,,,,
907,Trevoh Chalobah,M,79,66,53,69,70,80,78,64,68,50,46,65,62,47,45,62,67,44,77,75,65,70,52,60,78,74,78,81,77,80,80,78,84,67,83,76,CB,3,3,Right,"192cm / 6'4""",75kg / 165lb,"['RB', 'RM']",26,England,Premier League,Chelsea,"['Intercept', 'Slide Tackle']",,,,,
908,João Pedro,M,79,78,78,72,81,37,70,79,77,80,79,80,71,74,86,66,75,54,78,69,73,83,76,77,79,81,78,38,77,39,27,23,84,75,70,61,ST,4,4,Right,"188cm / 6'2""",82kg / 181lb,['CAM'],24,Brazil,Premier League,Chelsea,['Rapid'],,,,,
912,Maxence Lacroix,M,79,88,40,57,67,80,82,82,93,32,29,75,37,28,38,35,55,26,71,72,45,66,64,56,80,69,75,82,75,80,80,78,83,77,84,81,CB,2,2,Right,"190cm / 6'3""",88kg / 194lb,,25,France,Premier League,Crystal Palace,"['Jockey', 'Long Ball Pass']",,,,,
913,Brennan Johnson,M,79,86,76,72,78,43,59,87,85,83,82,74,68,73,67,78,78,43,74,63,64,78,81,66,78,78,79,23,58,45,45,53,70,78,52,48,RW,4,3,Right,"186cm / 6'1""",73kg / 161lb,['RM'],24,Wales,Premier League,Tottenham,"['Quick Step', 'Rapid']",,,,,
916,Juan Foyth,M,79,68,47,71,71,80,76,67,68,62,43,56,42,43,47,73,66,47,79,69,61,69,67,69,78,75,68,79,78,79,81,80,83,68,77,80,CB,3,3,Right,"187cm / 6'2""",83kg / 183lb,['RB'],27,Argentina,LaLiga,Villarreal,"['Block', 'Bruiser', 'Slide Tackle']",,,,,
918,Bafodé Diakité,M,79,72,46,65,71,79,80,66,77,64,41,62,36,39,48,67,59,36,73,65,52,68,69,65,78,74,76,77,84,77,81,80,86,78,79,81,CB,4,2,Right,"184cm / 6'0""",82kg / 181lb,,24,France,Premier League,Bournemouth,"['Aerial Fortress', 'Jockey', 'Precision Header']",,,,,
919,Idrissa Gueye,M,79,60,59,70,73,80,70,66,55,58,52,76,65,33,55,65,65,66,77,72,66,68,77,76,81,76,75,83,69,79,84,80,75,82,58,83,CDM,3,3,Right,"174cm / 5'9""",66kg / 146lb,['CM'],36,Senegal,Premier League,Everton,"['Aerial Fortress', 'Intercept', 'Slide Tackle']",,,,,
921,Fábio Silva,M,79,81,77,64,79,32,79,79,83,81,80,79,69,75,75,45,69,46,75,70,52,79,79,69,78,81,76,18,80,32,28,26,89,83,77,77,ST,3,4,Right,"185cm / 6'1""",75kg / 165lb,['LW'],23,Portugal,Bundesliga,Dortmund,[],,,,,
923,Marc Casadó,M,79,57,64,72,80,77,62,66,49,69,64,68,65,53,51,53,76,53,82,79,64,79,78,84,78,82,78,77,62,78,80,79,63,67,53,79,CDM,4,3,Right,"172cm / 5'8""",66kg / 146lb,['CM'],22,Spain,LaLiga,Barcelona,"['First Touch', 'Press Proven']",,,,,
928,Eric Dier,M,79,54,62,67,62,80,82,35,69,48,52,81,71,51,74,60,56,67,72,80,66,66,34,47,73,65,71,76,82,84,78,77,80,64,90,85,CB,2,2,Right,"191cm / 6'3""",91kg / 201lb,,31,England,Ligue 1,Monaco,['Bruiser'],,,,,
929,Wesley Fofana,M,79,74,41,62,71,80,78,69,78,40,38,48,38,40,46,42,60,44,75,69,50,71,65,60,77,72,76,81,77,79,81,80,78,67,81,83,CB,3,2,Right,"185cm / 6'1""",84kg / 185lb,,24,France,Premier League,Chelsea,['Jockey'],,,,,
931,Eric García,M,79,63,48,70,71,80,73,55,69,45,50,51,44,31,44,54,70,31,82,81,65,69,64,60,78,77,78,80,77,80,82,79,77,68,73,79,CB,3,2,Right,"182cm / 6'0""",76kg / 168lb,"['RB', 'CDM', 'RM']",24,Spain,LaLiga,Barcelona,"['Anticipate', 'Long Ball Pass', 'Precision Header']",,,,,
933,Nick Woltemade,M,79,67,78,65,79,41,74,64,69,82,82,81,66,73,70,46,74,42,77,63,51,83,69,57,79,80,77,35,77,32,44,30,84,71,81,60,ST,3,4,Right,"199cm / 6'6""",90kg / 198lb,['CAM'],23,Germany,Premier League,Newcastle,"['Gamechanger', 'Technical']",,,,,
934,Niclas Füllkrug,M,79,57,82,71,73,43,77,53,60,82,81,86,78,80,88,65,76,68,77,59,72,74,51,61,80,77,79,24,87,41,46,30,86,55,86,82,ST,4,3,Right,"188cm / 6'2""",83kg / 183lb,,32,Germany,Premier League,West Ham,['Precision Header'],,,,,
936,Edon Zhegrova,M,79,84,71,76,85,25,62,90,79,75,69,78,75,62,51,78,77,74,76,70,82,87,90,84,74,82,78,20,36,32,21,18,66,65,63,54,RM,2,4,Left,"180cm / 5'11""",74kg / 163lb,['RW'],26,Kosovo,Serie A,Juventus,"['Finesse Shot', 'First Touch', 'Gamechanger', 'Technical', 'Whipped Pass']",,,,,
939,Illia Zabarnyi,M,79,80,37,64,64,80,78,76,84,35,33,50,34,28,40,55,57,40,76,76,36,60,64,56,79,67,72,79,77,81,80,79,88,73,80,76,CB,3,2,Right,"189cm / 6'2""",80kg / 176lb,,23,Ukraine,Ligue 1,Paris SG,"['Aerial Fortress', 'Intercept', 'Jockey', 'Long Ball Pass']",,,,,
941,Thilo Kehrer,M,79,69,44,66,66,80,77,62,75,53,37,65,40,32,41,64,60,39,74,68,54,64,62,63,79,66,73,79,76,80,81,81,82,71,79,78,CB,5,2,Right,"186cm / 6'1""",76kg / 168lb,,29,Germany,Ligue 1,Monaco,"['Bruiser', 'Precision Header']",,,,,
945,Francisco Conceição,M,79,87,68,73,85,36,50,88,87,76,68,72,65,71,59,74,71,58,77,69,77,85,93,90,79,83,72,31,36,34,41,37,54,69,40,49,RM,2,4,Left,"168cm / 5'6""",61kg / 134lb,"['RW', 'CAM']",22,Portugal,Serie A,Juventus,"['Finesse Shot', 'Quick Step', 'Technical']",,,,,
948,Joe Gomez,M,79,74,29,70,71,79,73,72,76,56,20,51,22,34,26,73,65,29,77,75,55,71,61,64,78,75,75,79,76,79,81,78,85,57,78,77,CB,3,3,Right,"188cm / 6'2""",77kg / 170lb,"['RB', 'LB', 'RM']",28,England,Premier League,Liverpool,['Long Throw'],,,,,
952,Toluwalase Arokodare,M,79,75,80,57,70,31,81,71,79,76,85,79,75,72,66,35,52,55,75,52,57,75,41,36,72,79,65,18,78,22,35,21,91,71,91,64,ST,3,2,Right,"197cm / 6'6""",97kg / 214lb,,25,Nigeria,Premier League,Wolves,"['Enforcer', 'Low Driven Shot', 'Power Shot', 'Precision Header']",,,,,
953,Gianluca Scamacca,M,79,65,81,67,74,36,70,61,69,80,83,83,78,79,68,44,71,68,75,70,69,74,61,54,76,80,79,26,83,40,28,20,86,51,83,58,ST,3,3,Right,"196cm / 6'5""",85kg / 187lb,,26,Italy,Serie A,Bergamo Calcio,['Enforcer'],,,,,
954,Olivier Giroud,M,79,48,80,71,73,41,79,45,51,86,80,83,73,85,88,64,78,65,75,64,73,71,55,53,84,80,84,42,86,37,37,20,84,61,88,76,ST,3,3,Left,"193cm / 6'4""",91kg / 201lb,,39,France,Ligue 1,Lille,"['Aerial Fortress', 'Enforcer', 'Gamechanger', 'Precision Header']",,,,,
956,Arkadiusz Milik,M,79,50,82,72,77,40,67,48,52,83,83,84,78,81,79,63,78,81,75,64,76,76,69,62,78,83,84,36,85,35,34,32,80,45,76,67,ST,3,3,Left,"186cm / 6'1""",80kg / 176lb,,31,Poland,Serie A,Juventus,['Power Shot'],,,,,
959,Jarrad Branthwaite,M,79,71,39,58,60,80,78,65,75,43,35,59,29,34,33,34,52,24,78,69,29,57,34,43,79,69,76,78,80,81,81,82,78,72,82,75,CB,5,2,Left,"195cm / 6'5""",74kg / 163lb,,23,England,Premier League,Everton,"['Aerial Fortress', 'Intercept', 'Slide Tackle']",,,,,
960,Kevin Danso,M,79,73,32,57,62,78,83,65,79,43,26,49,25,31,42,44,52,31,69,62,46,59,53,46,77,68,72,77,81,77,80,76,89,66,90,85,CB,3,2,Right,"190cm / 6'3""",85kg / 187lb,,27,Austria,Premier League,Tottenham,"['Aerial Fortress', 'Bruiser', 'Long Ball Pass']",,,,,
963,Philipp Lienhart,M,79,67,28,59,64,81,78,62,71,35,24,29,34,21,41,41,53,40,74,70,28,59,63,62,78,69,75,80,84,83,80,74,85,75,79,77,CB,3,2,Right,"189cm / 6'2""",87kg / 192lb,,29,Austria,Bundesliga,Freiburg,['Long Ball Pass'],,,,,
964,Berat Djimsiti,M,79,64,39,60,53,81,79,63,65,55,36,52,30,32,38,53,56,30,71,68,42,41,40,51,79,67,74,80,81,84,81,77,84,77,79,80,CB,3,2,Right,"190cm / 6'3""",83kg / 183lb,,32,Albania,Serie A,Bergamo Calcio,"['Aerial Fortress', 'Intercept', 'Long Ball Pass']",,,,,
965,Vedat Muriqi,M,79,50,81,63,71,29,82,34,63,80,82,82,79,71,81,35,66,58,77,64,58,75,36,33,82,81,75,18,88,23,25,22,82,71,91,74,ST,3,3,Left,"194cm / 6'4""",92kg / 203lb,,31,Kosovo,LaLiga,Mallorca,"['Enforcer', 'Power Shot', 'Precision Header']",,,,,
967,Catena,M,79,64,39,63,53,79,78,64,64,33,38,52,32,29,44,39,55,31,80,81,42,35,58,52,76,71,71,78,82,79,80,79,84,78,77,78,CB,3,2,Right,"194cm / 6'4""",82kg / 181lb,,31,Spain,LaLiga,Osasuna,"['Aerial Fortress', 'Long Ball Pass']",,,,,
968,Nathan Collins,M,79,62,31,58,63,80,81,55,68,33,29,46,19,22,35,50,50,25,70,66,39,64,46,47,78,66,75,79,81,80,79,80,84,80,83,77,CB,3,2,Right,"193cm / 6'4""",81kg / 179lb,,24,Republic of Ireland,Premier League,Brentford,"['Aerial Fortress', 'Anticipate', 'Block', 'Intercept']",,,,,
969,Dan Burn,M,79,42,36,67,64,79,85,34,49,61,26,60,29,22,48,68,61,46,75,69,49,69,32,32,77,69,76,76,78,81,79,80,70,78,90,86,CB,3,2,Left,"201cm / 6'7""",104kg / 229lb,,33,England,Premier League,Newcastle,"['Aerial Fortress', 'Precision Header']",,,,,
973,Weston McKennie,M,78,77,71,77,77,80,80,75,78,78,68,76,73,77,61,78,76,63,78,77,77,78,68,69,77,78,78,78,86,78,82,75,91,81,77,82,CM,3,3,Right,"180cm / 5'11""",86kg / 190lb,"['CDM', 'CAM']",27,United States,Serie A,Juventus,"['Aerial Fortress', 'Incisive Pass', 'Long Throw']",,,,,
977,Nuno Tavares,M,78,88,67,72,80,70,77,87,89,76,61,83,74,51,42,86,62,66,73,67,79,83,79,63,75,79,75,65,58,69,76,74,82,81,77,73,LB,4,3,Left,"183cm / 6'0""",75kg / 165lb,['LM'],25,Portugal,Serie A,Lazio,"['Anticipate', 'Long Throw', 'Quick Step', 'Rapid', 'Whipped Pass']",,,,,
978,Ridle Baku,M,78,81,72,73,81,71,75,85,78,76,71,77,73,63,60,75,75,48,75,70,79,82,84,85,75,78,76,75,49,72,74,74,74,76,74,74,RM,4,3,Right,"176cm / 5'9""",79kg / 174lb,"['RB', 'RW']",27,Germany,Bundesliga,RB Leipzig,['Rapid'],,,,,
980,Cameron Puertas,M,78,74,75,79,79,69,76,75,73,73,73,78,78,65,77,80,84,82,79,73,74,81,77,74,74,80,75,70,47,72,74,67,69,80,73,80,CAM,4,4,Right,"178cm / 5'10""",74kg / 163lb,['CM'],27,Spain,Bundesliga,Werder Bremen,"['Dead Ball', 'Inventive', 'Rapid']",,,,,
983,Lewis Ferguson,M,78,72,78,74,78,72,75,72,72,84,78,78,76,76,80,67,76,67,79,76,69,78,78,73,72,81,75,74,76,67,76,68,81,77,70,85,CM,4,3,Right,"181cm / 5'11""",75kg / 165lb,"['CDM', 'CAM']",26,Scotland,Serie A,Bologna,['Aerial Fortress'],,,,,
990,Luka Sučić,M,78,76,76,78,77,68,72,80,73,78,73,84,77,72,65,75,78,74,80,78,77,79,73,65,76,79,77,73,62,65,70,67,78,77,72,65,CM,3,4,Left,"185cm / 6'1""",71kg / 157lb,"['CAM', 'CDM']",23,Croatia,LaLiga,Sociedad,"['Incisive Pass', 'Power Shot', 'Technical']",,,,,
991,Hugo Larsson,M,78,77,73,71,78,71,77,72,81,76,77,74,69,67,53,47,78,53,83,77,64,75,79,73,79,80,85,77,61,76,70,60,75,83,74,75,CM,3,3,Right,"187cm / 6'2""",74kg / 163lb,['CDM'],21,Sweden,Bundesliga,Ein Frankfurt,"['Intercept', 'Pinged Pass', 'Press Proven', 'Relentless', 'Tiki Taka']",,,,,
993,Robert Sánchez,M,78,79,77,75,79,59,77,55,65,12,12,56,12,12,17,13,55,13,52,50,13,20,45,35,74,45,55,15,15,20,17,15,75,40,77,35,GK,4,1,Right,"197cm / 6'6""",90kg / 198lb,,28,Spain,Premier League,Chelsea,"['Cross Claimer', 'Footwork']",79.0,77.0,75.0,77.0,79.0
996,Mahdi Camara,M,78,74,68,74,77,77,76,68,78,76,69,70,69,54,55,63,78,47,81,79,67,77,75,71,79,78,77,80,69,76,79,76,76,81,74,76,CM,2,3,Right,"178cm / 5'10""",73kg / 161lb,['CAM'],27,France,Ligue 1,Rennes,[],,,,,
997,Jacob Ramsey,M,78,77,75,73,80,68,72,76,77,78,77,78,75,65,53,71,75,54,77,69,73,81,79,84,79,78,78,67,56,69,73,64,72,79,68,73,LM,4,3,Right,"180cm / 5'11""",72kg / 159lb,['LW'],24,England,Premier League,Newcastle,['Rapid'],,,,,
998,Leonardo Spinazzola,M,78,85,65,73,77,76,67,84,86,76,60,71,68,64,59,79,74,45,76,69,66,78,76,66,74,78,75,77,68,75,78,74,78,67,64,71,LB,4,4,Right,"186cm / 6'1""",75kg / 165lb,['LM'],32,Italy,Serie A,Napoli,['Rapid'],,,,,
999,Johan Mojica,M,78,88,65,73,73,74,70,86,90,71,62,80,61,43,60,77,65,64,77,72,74,75,69,58,74,75,70,75,65,73,77,75,80,63,69,77,LB,2,3,Left,"185cm / 6'1""",66kg / 146lb,['LM'],33,Colombia,LaLiga,Mallorca,"['Quick Step', 'Rapid']",,,,,
1000,Zubeldia,M,78,76,63,73,72,78,81,73,78,63,62,75,60,47,51,65,72,65,78,76,73,71,73,74,79,72,73,80,73,79,77,75,85,77,81,85,CB,3,2,Right,"181cm / 5'11""",73kg / 161lb,,28,Spain,LaLiga,Sociedad,"['Aerial Fortress', 'Bruiser', 'Intercept']",,,,,
1001,Bart Verbruggen,M,78,79,76,76,81,56,75,57,55,4,8,57,7,6,21,10,43,15,40,35,11,15,52,45,76,23,35,19,15,12,17,14,73,30,72,17,GK,4,1,Right,"193cm / 6'4""",89kg / 196lb,,23,Holland,Premier League,Brighton,['Footwork'],79.0,76.0,76.0,75.0,81.0
1003,Cristiano Biraghi,M,78,72,69,78,76,76,71,73,71,73,58,82,80,54,75,85,72,88,77,75,82,76,71,70,77,78,82,77,70,78,76,74,75,76,66,75,LB,3,3,Left,"185cm / 6'1""",78kg / 172lb,['LM'],33,Italy,Serie A,Torino,"['Dead Ball', 'Long Throw']",,,,,
1004,Luis Henrique,M,78,90,73,71,77,54,77,85,94,77,74,77,73,59,63,75,73,52,74,63,63,80,71,73,75,75,73,55,67,53,52,46,86,75,81,65,RM,3,3,Right,"181cm / 5'11""",85kg / 187lb,"['LM', 'RW']",23,Brazil,Serie A,Milano FC,"['Quick Step', 'Rapid']",,,,,
1006,Jauregizar,M,78,71,70,75,79,72,75,74,69,75,68,75,75,53,55,64,78,66,79,78,72,78,78,83,76,79,79,75,48,75,77,66,68,81,71,77,CM,4,3,Right,"177cm / 5'10""",74kg / 163lb,['CDM'],22,Spain,LaLiga,Ath Bilbao,['Relentless'],,,,,
1007,Mattia Perin,M,78,78,78,71,78,57,79,57,56,12,11,53,17,19,21,11,45,13,33,31,15,19,53,30,74,23,65,19,12,20,12,19,63,30,52,25,GK,3,1,Right,"188cm / 6'2""",77kg / 170lb,,33,Italy,Serie A,Juventus,[],78.0,78.0,71.0,79.0,78.0
1008,Jens Stage,M,78,63,73,74,77,75,79,67,60,77,74,77,70,70,60,68,76,56,79,77,62,76,69,73,79,80,77,75,83,72,76,70,86,82,78,78,CM,3,3,Right,"185cm / 6'1""",83kg / 183lb,['CDM'],29,Denmark,Bundesliga,Werder Bremen,"['Acrobatic', 'Aerial Fortress', 'Precision Header', 'Relentless']",,,,,
1009,Matt O'Riley,M,78,68,78,79,76,67,73,67,68,78,77,81,76,74,77,74,81,74,81,79,78,76,70,78,79,78,79,67,66,66,70,65,74,78,72,71,CAM,4,3,Left,"188cm / 6'2""",77kg / 170lb,['CM'],25,Denmark,Ligue 1,Marseille,"['Chip Shot', 'Finesse Shot', 'First Touch', 'Incisive Pass', 'Slide Tackle', 'Technical']",,,,,
1013,Mitchell Weiser,M,78,78,63,74,82,71,72,78,78,76,65,60,61,62,58,76,78,52,77,69,69,83,84,82,80,80,76,75,66,67,72,72,75,92,64,66,RB,4,4,Right,"177cm / 5'10""",70kg / 154lb,['RM'],31,Germany,Bundesliga,Werder Bremen,"['Jockey', 'Whipped Pass']",,,,,
1016,Myles Lewis-Skelly,M,78,76,60,74,77,75,78,77,76,72,55,69,62,58,55,73,76,45,78,75,74,77,68,84,77,77,79,76,70,74,77,75,83,75,79,80,LB,3,3,Left,"178cm / 5'10""",72kg / 159lb,['CM'],19,England,Premier League,Arsenal,['Press Proven'],,,,,
1018,Adam Marušić,M,78,80,66,67,74,75,77,79,80,69,56,79,77,68,58,76,60,54,71,55,76,75,64,70,76,76,75,75,74,74,76,75,86,77,77,76,RB,4,3,Right,"185cm / 6'1""",81kg / 179lb,"['LB', 'RM']",33,Montenegro,Serie A,Lazio,"['Quick Step', 'Rapid']",,,,,
1019,Dodô,M,78,86,59,74,79,72,69,84,87,78,60,66,50,49,50,79,72,52,78,68,71,78,81,87,76,80,76,74,55,74,75,71,71,84,59,74,RB,3,3,Right,"166cm / 5'5""",68kg / 150lb,['RM'],27,Brazil,Serie A,Fiorentina,"['Anticipate', 'Jockey', 'Rapid', 'Whipped Pass']",,,,,
1020,Manuel Lazzari,M,78,90,61,75,81,71,61,89,90,72,67,53,57,59,55,80,74,58,76,73,68,80,89,84,78,79,76,74,44,74,75,69,63,76,52,66,RB,3,3,Right,"174cm / 5'9""",67kg / 148lb,['RM'],31,Italy,Serie A,Lazio,"['Quick Step', 'Rapid', 'Whipped Pass']",,,,,
1024,Yacine Adli,M,78,70,69,80,78,73,68,72,69,71,66,73,75,68,60,74,82,75,82,86,77,78,71,66,78,81,81,73,62,76,76,68,73,64,67,76,CDM,3,3,Right,"186cm / 6'1""",78kg / 172lb,['CM'],25,France,Serie A,Milan,['Long Ball Pass'],,,,,
1026,Riccardo Calafiori,M,78,72,66,71,75,77,77,74,70,70,62,75,70,57,50,73,66,65,76,67,72,75,69,69,78,77,75,77,75,76,78,79,84,73,77,79,LB,4,3,Left,"188cm / 6'2""",86kg / 190lb,['CB'],23,Italy,Premier League,Arsenal,['Long Ball Pass'],,,,,
1028,Geoffrey Kondogbia,M,78,65,69,73,71,78,81,64,66,66,67,78,70,56,53,64,73,63,79,78,64,70,65,57,70,77,77,77,74,80,79,76,83,74,84,81,CB,3,3,Left,"188cm / 6'2""",80kg / 176lb,"['CDM', 'CM']",32,Central African Republic,Ligue 1,Marseille,"['Anticipate', 'Bruiser', 'Jockey', 'Power Shot']",,,,,
1029,Pape Gueye,M,78,67,65,75,75,76,79,66,68,75,56,81,72,49,52,67,79,55,81,79,51,76,67,68,77,78,76,76,68,77,77,74,77,80,78,79,CM,3,2,Left,"189cm / 6'2""",79kg / 174lb,['CDM'],26,Senegal,LaLiga,Villarreal,['Aerial Fortress'],,,,,
1030,Ladislav Krejčí,M,78,72,68,68,69,76,84,68,75,73,62,78,68,65,76,56,70,54,75,74,55,69,55,65,75,72,75,77,82,75,76,74,89,79,85,88,CB,3,3,Left,"191cm / 6'3""",87kg / 192lb,['CDM'],26,Czech Republic,Premier League,Wolves,"['Bruiser', 'Pinged Pass']",,,,,
1037,Lovro Majer,M,78,70,73,80,83,60,70,76,65,76,71,76,72,67,80,79,78,77,82,79,86,83,84,76,78,84,78,63,55,58,58,66,71,84,65,63,CM,3,4,Left,"178cm / 5'10""",76kg / 168lb,"['CAM', 'RM']",27,Croatia,Bundesliga,Wolfsburg,"['First Touch', 'Inventive', 'Relentless', 'Technical']",,,,,
1039,Sofyan Amrabat,M,78,61,70,73,74,75,82,62,61,66,65,81,73,68,57,64,75,65,77,78,73,74,62,76,74,77,76,77,65,74,78,76,76,79,82,86,CDM,2,3,Right,"183cm / 6'0""",77kg / 170lb,"['CM', 'CB']",29,Morocco,LaLiga,Betis,"['Press Proven', 'Relentless', 'Slide Tackle']",,,,,
1041,Emil Audero,M,78,79,74,72,81,53,76,55,49,8,16,54,19,18,22,13,40,12,29,19,12,19,53,51,75,18,56,11,19,10,12,12,66,25,55,24,GK,3,1,Right,"192cm / 6'4""",83kg / 183lb,,28,Indonesia,Serie A,Monza,['Cross Claimer'],79.0,74.0,72.0,76.0,81.0
1044,Yehvann Diouf,M,78,78,75,76,80,50,76,52,48,6,8,57,8,7,11,13,41,13,35,30,12,13,48,38,75,21,46,15,14,13,11,16,67,44,62,26,GK,3,1,Right,"190cm / 6'3""",74kg / 163lb,,26,Senegal,Ligue 1,Nice,"['Cross Claimer', 'Far Throw']",78.0,75.0,76.0,76.0,80.0
1045,Yves Bissouma,M,78,66,66,74,79,76,74,65,67,69,58,78,75,65,58,65,74,75,80,78,62,80,73,77,77,79,79,78,65,76,77,75,74,74,74,76,CDM,3,3,Right,"182cm / 6'0""",78kg / 172lb,['CM'],29,Mali,Premier League,Tottenham,[],,,,,
1047,Mats Wieffer,M,78,67,66,74,74,76,78,67,67,63,62,75,69,68,55,68,74,52,79,78,69,73,67,65,75,78,78,79,76,73,78,72,82,77,76,84,CDM,3,3,Right,"188cm / 6'2""",78kg / 172lb,['CM'],26,Holland,Premier League,Brighton,"['Block', 'Bruiser', 'Intercept', 'Press Proven']",,,,,
1048,Conor Bradley,M,78,80,61,70,75,75,74,80,80,74,62,68,56,55,40,77,69,34,74,65,60,75,72,67,76,77,68,75,65,75,77,75,76,84,65,84,RB,3,3,Right,"181cm / 5'11""",75kg / 165lb,['RM'],22,Northern Ireland,Premier League,Liverpool,['Relentless'],,,,,
1051,Saša Lukić,M,78,60,69,76,74,76,79,63,58,68,65,75,70,68,70,77,74,70,78,75,78,74,65,68,72,77,75,80,62,75,78,75,72,84,75,83,CDM,3,2,Right,"183cm / 6'0""",77kg / 170lb,['CM'],29,Serbia,Premier League,Fulham,[],,,,,
1052,Cucho,M,78,81,77,75,81,42,78,84,79,78,76,79,78,73,70,68,75,70,79,76,72,82,81,80,78,82,77,23,77,44,43,40,90,79,76,78,ST,4,4,Right,"176cm / 5'9""",73kg / 161lb,['CAM'],26,Colombia,LaLiga,Betis,"['Acrobatic', 'Quick Step']",,,,,
1057,Raoul Bellanova,M,78,86,54,72,76,71,74,82,90,69,61,55,40,35,41,80,68,33,78,72,60,79,65,62,75,78,66,70,68,72,73,71,81,81,71,70,RM,3,3,Right,"188cm / 6'2""",85kg / 187lb,"['RB', 'RW']",25,Italy,Serie A,Bergamo Calcio,"['Long Throw', 'Rapid', 'Whipped Pass']",,,,,
1058,Martin Baturina,M,78,77,70,78,83,59,66,77,77,68,67,75,72,70,70,73,79,73,81,77,74,84,78,86,76,83,79,58,51,62,60,58,70,76,67,49,CAM,4,3,Right,"172cm / 5'8""",68kg / 150lb,['CM'],22,Croatia,Serie A,Como,"['Finesse Shot', 'First Touch', 'Incisive Pass', 'Inventive', 'Technical']",,,,,
1061,Richarlison,M,78,76,78,72,78,53,75,77,75,79,78,83,72,78,77,73,74,65,76,61,74,80,72,65,76,79,79,46,82,43,58,48,89,68,74,84,ST,4,4,Right,"184cm / 6'0""",71kg / 157lb,"['LW', 'LM']",28,Brazil,Premier League,Tottenham,"['Acrobatic', 'Precision Header', 'Technical']",,,,,
1062,Nicolas Kühn,M,78,91,73,70,81,46,71,90,92,75,74,75,73,65,58,67,75,66,71,67,77,81,89,85,79,78,78,40,51,43,52,47,74,82,67,65,RW,5,4,Left,"175cm / 5'9""",69kg / 152lb,['RM'],25,Germany,Serie A,Como,"['Quick Step', 'Technical']",,,,,
1063,Lutsharel Geertruida,M,78,72,59,70,75,78,78,76,69,69,66,65,45,38,45,70,69,30,76,74,56,76,69,68,75,77,75,77,79,76,81,78,89,76,80,73,CB,3,2,Right,"185cm / 6'1""",84kg / 185lb,"['RB', 'LB']",25,Holland,Premier League,Sunderland,"['Intercept', 'Jockey', 'Pinged Pass']",,,,,
1064,Samuele Ricci,M,78,73,60,75,79,73,72,74,72,68,53,70,69,54,52,62,78,62,83,79,60,78,76,75,76,81,80,75,57,74,76,76,70,84,65,74,CDM,3,3,Right,"181cm / 5'11""",76kg / 168lb,['CM'],24,Italy,Serie A,Milan,"['Inventive', 'Jockey']",,,,,
1065,Ilaix Moriba,M,78,67,71,71,75,74,74,66,68,73,73,73,73,52,49,47,78,59,80,78,59,78,65,59,77,77,78,77,67,72,77,71,73,81,71,73,CM,4,4,Right,"185cm / 6'1""",73kg / 161lb,,22,Guinea,LaLiga,Celta,['Technical'],,,,,
1069,Robin Zentner,M,78,81,74,59,83,62,72,60,64,10,14,44,13,15,25,17,22,16,29,26,14,11,30,45,77,16,46,18,18,17,17,13,80,29,83,42,GK,3,1,Right,"194cm / 6'4""",96kg / 212lb,,31,Germany,Bundesliga,Mainz,"['Far Throw', 'Footwork']",81.0,74.0,59.0,72.0,83.0
1073,Puado,M,78,80,77,72,78,49,74,79,81,82,79,76,72,74,80,68,77,50,76,68,65,78,81,75,77,79,77,47,73,45,48,44,84,82,73,66,ST,3,4,Right,"177cm / 5'10""",69kg / 152lb,"['LM', 'CAM']",27,Spain,LaLiga,Espanol,"['Precision Header', 'Quick Step', 'Rapid', 'Relentless']",,,,,
1075,Jonas Hofmann,M,78,64,76,78,79,64,68,69,60,81,77,74,75,85,71,75,80,75,79,76,77,78,77,79,81,81,79,75,48,70,57,57,63,73,66,70,CAM,4,3,Right,"176cm / 5'9""",72kg / 159lb,"['ST', 'CM']",33,Germany,Bundesliga,Leverkusen,['Incisive Pass'],,,,,
1076,Pierre Lees-Melou,M,78,57,72,77,77,73,73,61,54,75,70,77,78,58,65,76,77,68,79,78,78,77,71,65,78,80,77,79,58,76,74,65,69,80,71,71,CDM,4,3,Right,"186cm / 6'1""",70kg / 154lb,['CM'],32,France,Ligue 1,Paris FC,"['Long Ball Pass', 'Pinged Pass', 'Relentless']",,,,,
1077,Matvey Safonov,M,78,79,74,75,80,44,77,46,42,8,8,56,7,7,12,13,58,11,39,26,15,15,55,34,70,26,59,15,13,20,14,12,65,34,65,38,GK,2,1,Right,"192cm / 6'4""",82kg / 181lb,,26,Russia,Ligue 1,Paris SG,['Far Throw'],79.0,74.0,75.0,77.0,80.0
1079,Beñat Prados,M,78,68,61,72,75,76,77,70,66,66,59,70,62,52,47,65,76,49,77,75,60,72,78,82,78,77,77,76,70,77,78,72,76,83,73,80,CDM,3,2,Right,"180cm / 5'11""",70kg / 154lb,"['CM', 'CB']",24,Spain,LaLiga,Ath Bilbao,"['Aerial Fortress', 'Long Ball Pass', 'Slide Tackle']",,,,,
1080,Guillaume Restes,M,78,78,74,80,80,40,77,38,44,9,9,60,7,7,15,17,62,13,51,48,13,8,38,42,72,17,55,13,12,11,16,14,62,39,65,22,GK,3,1,Left,"188cm / 6'2""",82kg / 181lb,,20,France,Ligue 1,Toulouse,['Footwork'],78.0,74.0,80.0,77.0,80.0
1082,Marco Bizot,M,78,78,75,72,78,46,79,45,47,13,15,54,14,13,36,20,56,15,28,33,20,12,50,40,76,32,47,17,16,11,12,14,65,31,63,39,GK,2,1,Right,"193cm / 6'4""",88kg / 194lb,,34,Holland,Premier League,Aston Villa,"['Deflector', 'Far Throw', 'Footwork', 'Long Ball Pass']",78.0,75.0,72.0,79.0,78.0
1083,Joakim Mæhle,M,78,75,57,71,75,74,76,77,73,76,50,65,62,63,33,75,66,40,77,69,63,74,70,65,79,79,73,75,64,75,74,74,79,83,74,73,LB,3,3,Right,"185cm / 6'1""",79kg / 174lb,"['RB', 'LM']",28,Denmark,Bundesliga,Wolfsburg,['Anticipate'],,,,,
1084,Djed Spence,M,78,88,44,71,79,74,72,87,88,75,38,54,45,27,37,76,72,28,77,65,65,82,78,67,75,78,78,72,69,75,75,73,83,76,72,65,RB,3,3,Right,"184cm / 6'0""",71kg / 157lb,"['LB', 'RM']",25,England,Premier League,Tottenham,['Rapid'],,,,,
1089,Pietro Terracciano,M,78,79,75,72,82,41,78,40,42,12,11,54,11,16,22,13,45,12,27,21,12,15,48,45,70,22,65,16,15,20,11,19,62,33,60,21,GK,2,1,Right,"193cm / 6'4""",78kg / 172lb,,35,Italy,Serie A,Milan,"['Footwork', 'Rush Out']",79.0,75.0,72.0,78.0,82.0
1090,Pablo Maffeo,M,78,81,52,70,78,76,70,83,79,67,53,57,52,21,37,79,64,34,75,68,71,80,74,81,73,79,62,71,70,74,82,78,80,71,69,67,RB,3,3,Right,"172cm / 5'8""",70kg / 154lb,['RM'],28,Argentina,LaLiga,Mallorca,['Block'],,,,,
1092,Hiroki Ito,M,78,74,57,71,72,80,72,74,74,56,48,78,64,45,47,68,66,45,77,80,52,69,66,67,82,77,76,81,74,83,78,77,84,59,77,72,CB,3,2,Left,"188cm / 6'2""",84kg / 185lb,"['LB', 'LM']",26,Japan,Bundesliga,Bayern Munich,"['Block', 'Jockey']",,,,,
1093,Santi Comesaña,M,78,55,72,72,75,77,75,54,56,74,73,74,75,51,53,54,76,55,81,80,50,77,59,55,79,78,78,76,67,77,80,79,70,75,74,77,CM,4,3,Right,"188cm / 6'2""",75kg / 165lb,['CDM'],29,Spain,LaLiga,Villarreal,"['Bruiser', 'Precision Header']",,,,,
1094,Callum Hudson-Odoi,M,78,82,75,75,81,50,63,85,79,75,75,78,80,60,60,76,76,70,75,70,80,82,83,78,75,80,77,47,52,50,53,45,71,73,62,53,LM,3,4,Right,"182cm / 6'0""",76kg / 168lb,['LW'],25,England,Premier League,Nott'm Forest,['Technical'],,,,,
1095,Moncayola,M,78,63,67,75,78,73,70,64,63,74,68,70,67,50,50,67,77,57,82,79,56,82,66,65,76,78,73,76,55,72,78,77,66,74,66,75,CM,4,3,Right,"182cm / 6'0""",78kg / 172lb,"['CDM', 'RB']",27,Spain,LaLiga,Osasuna,['Slide Tackle'],,,,,
1096,Hákon Arnar Haraldsson,M,78,77,67,75,81,57,69,77,77,76,69,66,66,64,58,70,79,68,79,74,67,81,86,82,76,81,78,61,45,60,56,58,63,85,57,82,CAM,4,3,Right,"178cm / 5'10""",71kg / 157lb,"['LM', 'CM']",22,Iceland,Ligue 1,Lille,"['Incisive Pass', 'Technical']",,,,,
1105,Marc Roca,M,78,59,66,75,74,75,75,53,64,62,63,75,68,44,68,67,78,52,80,80,66,74,65,65,76,77,77,76,69,76,77,74,71,75,75,74,CDM,3,3,Left,"184cm / 6'0""",81kg / 179lb,['CM'],28,Spain,LaLiga,Betis,[],,,,,
1106,Dwight McNeil,M,78,67,76,79,79,55,68,68,67,75,73,83,85,57,62,82,80,74,78,75,81,81,75,72,76,79,76,46,59,57,60,51,68,84,64,57,LM,2,3,Left,"183cm / 6'0""",68kg / 150lb,"['CAM', 'RM', 'LW']",26,England,Premier League,Everton,"['Incisive Pass', 'Technical', 'Whipped Pass']",,,,,
1107,Melvin Bard,M,78,78,52,69,74,75,76,77,78,69,45,70,52,40,45,75,64,33,74,68,70,73,73,80,75,75,70,76,59,76,78,75,76,81,74,77,LB,3,3,Left,"173cm / 5'8""",65kg / 143lb,"['LM', 'CB']",25,France,Ligue 1,Nice,"['Intercept', 'Long Throw', 'Slide Tackle', 'Whipped Pass']",,,,,
1109,Mark Flekken,M,78,79,76,80,80,32,76,29,36,14,16,60,11,14,23,14,51,12,54,56,19,12,34,38,74,34,62,12,11,15,13,20,63,28,72,32,GK,4,1,Right,"195cm / 6'5""",87kg / 192lb,,32,Holland,Bundesliga,Leverkusen,"['Footwork', 'Long Ball Pass']",79.0,76.0,80.0,76.0,80.0
1110,Anthony Caci,M,78,72,56,72,72,75,76,70,73,69,57,63,47,47,52,75,68,48,74,74,72,71,68,70,76,76,70,73,73,74,77,76,79,90,72,68,RB,5,3,Right,"185cm / 6'1""",76kg / 168lb,"['RM', 'CB']",28,France,Bundesliga,Mainz,['Long Ball Pass'],,,,,
1111,Jhon Arias,M,78,85,75,74,79,42,68,86,85,75,75,79,75,68,70,76,77,63,76,69,71,78,90,88,76,76,76,55,48,45,32,33,74,78,72,45,RW,4,3,Right,"168cm / 5'6""",70kg / 154lb,"['CAM', 'LW', 'RM']",28,Colombia,Premier League,Wolves,"['Press Proven', 'Relentless']",,,,,
1112,Amine Adli,M,78,84,76,70,82,42,69,87,82,78,79,79,72,67,68,66,73,52,75,63,73,83,86,84,76,82,71,30,74,44,38,35,91,64,67,73,ST,3,4,Left,"174cm / 5'9""",72kg / 159lb,"['LM', 'CAM']",25,Morocco,Premier League,Bournemouth,"['Gamechanger', 'Technical']",,,,,
1116,Nicolás Tagliafico,M,78,67,56,70,76,77,76,74,61,70,57,65,46,51,46,74,68,40,74,72,66,73,77,83,79,77,77,78,77,75,79,76,84,78,72,81,LB,2,3,Left,"172cm / 5'8""",65kg / 143lb,['LM'],33,Argentina,Ligue 1,Lyon,['Slide Tackle'],,,,,
1118,Romeo Lavia,M,78,69,52,72,77,77,75,71,68,60,43,63,60,43,50,62,75,50,79,76,70,77,76,77,77,78,78,78,70,78,78,77,80,65,77,79,CDM,3,3,Right,"181cm / 5'11""",76kg / 168lb,['CM'],21,Belgium,Premier League,Chelsea,['Technical'],,,,,
1123,Lukas Klostermann,M,78,82,50,64,70,80,75,81,83,68,55,58,31,41,32,70,55,22,74,62,47,71,62,60,80,72,69,81,75,81,80,79,88,72,78,70,CB,3,2,Right,"189cm / 6'2""",90kg / 198lb,['RB'],29,Germany,Bundesliga,RB Leipzig,['Quick Step'],,,,,
1125,Fran Beltrán,M,78,56,67,76,77,76,69,56,56,70,65,68,74,63,49,72,78,55,81,81,62,76,77,88,76,78,67,76,60,77,78,78,65,77,64,70,CM,3,3,Right,"165cm / 5'5""",64kg / 141lb,['CDM'],26,Spain,LaLiga,Celta,['Tiki Taka'],,,,,
1127,Samú Costa,M,78,61,65,70,71,75,79,65,57,64,59,79,72,50,54,58,71,52,79,76,47,69,67,64,74,76,66,75,71,74,78,75,79,82,76,81,CDM,2,2,Left,"183cm / 6'0""",75kg / 165lb,['CM'],24,Portugal,LaLiga,Mallorca,"['Aerial Fortress', 'Intercept', 'Press Proven']",,,,,
1131,Calvin Bassey,M,78,81,44,63,68,77,87,75,86,57,36,65,36,49,44,68,55,37,71,60,63,69,67,66,77,66,70,76,75,79,78,76,82,86,88,85,CB,3,2,Left,"185cm / 6'1""",88kg / 194lb,,25,Nigeria,Premier League,Fulham,[],,,,,
1133,João Gomes,M,78,54,68,72,75,77,74,56,52,68,65,75,69,55,69,64,73,63,78,77,60,73,74,82,75,77,72,79,70,74,81,77,69,78,68,84,CDM,3,3,Right,"176cm / 5'9""",74kg / 163lb,['CM'],24,Brazil,Premier League,Wolves,"['Press Proven', 'Slide Tackle']",,,,,
1135,Romano Schmid,M,78,77,67,78,83,56,58,78,76,77,62,76,72,55,52,83,78,65,80,72,75,84,87,90,79,83,72,64,39,60,57,39,55,88,49,44,CAM,3,3,Right,"168cm / 5'6""",73kg / 161lb,['CM'],25,Austria,Bundesliga,Werder Bremen,['Incisive Pass'],,,,,
1136,Vitaliy Mykolenko,M,78,74,55,71,71,77,71,70,77,65,44,70,59,64,50,74,70,42,74,69,74,70,66,68,76,74,72,77,65,78,80,78,72,79,69,64,LB,2,2,Left,"180cm / 5'11""",71kg / 157lb,['LM'],26,Ukraine,Premier League,Everton,['Intercept'],,,,,
1146,Malick Thiaw,M,78,72,47,69,72,78,80,72,72,42,43,56,46,44,64,55,65,44,81,78,58,70,67,54,78,76,78,76,78,78,78,77,88,76,82,76,CB,4,2,Right,"194cm / 6'4""",89kg / 196lb,,24,Germany,Premier League,Newcastle,['Slide Tackle'],,,,,
1150,Jorrel Hato,M,78,85,41,70,74,75,73,87,84,61,39,55,30,36,34,66,67,31,79,74,59,70,76,78,79,78,78,77,69,74,77,73,91,69,73,72,LB,3,2,Left,"182cm / 6'0""",76kg / 168lb,['CB'],19,Holland,Premier League,Chelsea,"['Intercept', 'Jockey', 'Pinged Pass', 'Quick Step']",,,,,
1154,Tomáš Souček,M,78,45,72,71,68,78,82,42,47,76,72,73,70,79,70,68,71,53,75,75,63,71,34,48,78,75,73,77,84,75,79,79,79,87,80,79,CDM,3,3,Right,"192cm / 6'4""",86kg / 190lb,['CM'],30,Czech Republic,Premier League,West Ham,"['Aerial Fortress', 'Precision Header']",,,,,
1158,Luis Rioja,M,78,77,76,74,79,53,56,79,75,79,76,78,77,63,74,77,70,68,76,72,77,80,79,80,75,79,72,58,36,62,49,49,56,77,50,46,RM,4,3,Left,"176cm / 5'9""",70kg / 154lb,"['LM', 'RW']",32,Spain,LaLiga,Valencia,['Whipped Pass'],,,,,
1159,Nathan Tella,M,78,83,75,71,80,46,60,85,81,78,77,80,70,73,52,74,74,45,74,65,64,82,85,84,66,79,73,41,58,55,41,30,69,78,52,54,RM,3,3,Right,"173cm / 5'8""",68kg / 150lb,"['ST', 'CAM', 'RW']",26,Nigeria,Bundesliga,Leverkusen,"['Quick Step', 'Rapid']",,,,,
1162,André,M,78,58,58,74,77,75,72,62,55,65,53,69,61,53,54,66,74,52,78,80,74,77,74,79,76,77,78,79,58,73,78,79,67,76,67,82,CDM,3,2,Right,"177cm / 5'10""",77kg / 170lb,['CM'],24,Brazil,Premier League,Wolves,['Press Proven'],,,,,
1164,Nico Gonzalez,M,78,82,75,73,78,45,61,79,84,81,78,75,69,68,81,76,69,54,79,68,70,79,79,75,75,79,76,39,80,38,46,39,78,73,51,67,RM,2,4,Left,"180cm / 5'11""",72kg / 159lb,"['LM', 'LW', 'RW']",27,Argentina,LaLiga,Ath Madrid,"['Aerial Fortress', 'Finesse Shot', 'First Touch', 'Precision Header', 'Technical']",,,,,
1165,Oumar Solet,M,78,79,43,62,68,77,85,70,86,59,35,64,39,33,42,31,66,34,79,76,35,69,60,51,75,72,70,78,70,80,78,74,82,85,88,77,CB,4,2,Right,"192cm / 6'4""",88kg / 194lb,,25,France,Serie A,Udinese,"['Block', 'Long Ball Pass']",,,,,
1166,Hugo Duro,M,78,71,78,68,75,47,75,69,72,81,80,77,75,75,69,66,72,51,73,66,52,75,68,69,80,76,79,50,81,44,40,40,86,76,76,68,ST,4,3,Left,"177cm / 5'10""",70kg / 154lb,,26,Spain,LaLiga,Valencia,['Precision Header'],,,,,
1167,Ali Al Musrati,M,78,52,66,71,68,75,82,49,55,69,61,79,69,55,57,60,76,48,77,84,43,69,46,46,75,75,79,76,72,75,77,74,71,80,86,79,CDM,2,2,Right,"189cm / 6'2""",83kg / 183lb,['CM'],29,Libya,Serie A,Verona,"['Bruiser', 'Intercept', 'Long Ball Pass', 'Pinged Pass', 'Relentless']",,,,,
1170,Kevin Schade,M,78,92,75,70,78,30,68,93,92,78,78,77,68,67,68,72,71,55,73,64,66,79,77,78,75,78,76,23,79,20,30,23,95,72,64,68,LM,4,3,Right,"185cm / 6'1""",74kg / 163lb,['LW'],23,Germany,Premier League,Brentford,"['Aerial Fortress', 'Chip Shot', 'Long Throw', 'Precision Header', 'Quick Step', 'Rapid']",,,,,
1173,Chidera Ejuke,M,78,90,69,71,82,37,63,91,89,70,67,77,70,59,62,72,71,64,74,66,74,82,92,93,74,80,70,33,37,30,46,38,66,74,61,54,LM,2,5,Right,"176cm / 5'9""",72kg / 159lb,"['RM', 'LW']",27,Nigeria,LaLiga,Sevilla,"['Finesse Shot', 'Inventive', 'Quick Step', 'Technical', 'Trickster']",,,,,
1174,Mathías Olivera,M,78,70,51,69,72,77,73,69,71,64,50,56,48,38,42,76,62,41,73,69,67,73,65,48,79,76,68,79,68,78,78,75,72,78,67,80,LB,3,3,Left,"184cm / 6'0""",78kg / 172lb,,28,Uruguay,Serie A,Napoli,"['Block', 'Bruiser']",,,,,
1175,Neco Williams,M,78,72,49,71,74,77,69,70,73,66,45,60,47,36,45,77,68,55,74,69,67,74,73,73,77,74,73,76,66,77,78,82,78,74,64,75,LB,3,2,Right,"183cm / 6'0""",72kg / 159lb,"['RB', 'LM']",24,Wales,Premier League,Nott'm Forest,[],,,,,
1176,Danny Welbeck,M,78,60,78,74,77,45,77,60,60,83,81,81,70,75,77,70,75,79,78,65,71,78,65,65,81,81,80,40,78,45,40,35,83,68,81,78,ST,4,3,Right,"185cm / 6'1""",73kg / 161lb,,34,England,Premier League,Brighton,['Enforcer'],,,,,
1179,Takumi Minamino,M,78,77,74,75,81,40,64,84,71,77,76,71,73,72,72,73,79,69,79,67,76,81,89,87,77,80,78,49,53,34,39,33,69,74,58,64,LM,4,3,Right,"172cm / 5'8""",67kg / 148lb,"['CAM', 'LW']",30,Japan,Ligue 1,Monaco,['Incisive Pass'],,,,,
1180,De Frutos,M,78,81,74,74,78,41,63,80,82,76,76,80,69,66,58,77,76,56,75,70,77,79,79,81,75,77,76,41,55,44,38,29,69,79,57,58,RM,4,4,Right,"173cm / 5'8""",72kg / 159lb,"['LM', 'RW']",28,Spain,LaLiga,Vallecano,"['First Touch', 'Quick Step']",,,,,
1185,Dilane Bakwa,M,78,88,72,73,81,30,66,90,86,73,72,74,74,63,59,74,76,63,75,64,81,82,84,76,75,80,79,35,44,27,26,28,70,74,69,48,RM,2,4,Left,"180cm / 5'11""",77kg / 170lb,['RW'],23,France,Premier League,Nott'm Forest,"['Dead Ball', 'Gamechanger', 'Technical']",,,,,
1187,Estêvão,M,78,90,74,73,82,33,57,91,89,75,73,79,75,66,68,77,75,71,73,66,78,82,91,93,74,79,80,34,52,28,34,27,66,67,49,62,RM,2,4,Left,"176cm / 5'9""",70kg / 154lb,"['CAM', 'RW']",18,Brazil,Premier League,Chelsea,"['Finesse Shot', 'Inventive', 'Quick Step', 'Technical']",,,,,
1189,Omar Alderete,M,78,60,61,62,69,79,78,56,63,62,55,74,67,48,45,58,51,53,70,66,56,70,68,58,75,69,68,78,79,80,79,75,82,71,81,79,CB,3,2,Left,"188cm / 6'2""",77kg / 170lb,,28,Paraguay,Premier League,Sunderland,"['Aerial Fortress', 'Long Ball Pass', 'Precision Header']",,,,,
1190,Fábio Vieira,M,78,71,73,78,78,56,53,73,70,73,71,77,76,65,69,74,82,68,80,79,74,79,77,71,76,80,76,58,46,57,60,48,56,63,48,51,CAM,3,3,Left,"176cm / 5'9""",61kg / 134lb,"['RM', 'CM']",25,Portugal,Bundesliga,Hamburger SV,"['Dead Ball', 'Tiki Taka']",,,,,
1191,Dominik Greif,M,78,77,76,78,77,24,77,25,22,7,9,59,5,5,14,14,34,10,25,17,12,10,21,21,75,17,32,14,10,8,11,11,56,17,60,16,GK,3,1,Right,"197cm / 6'6""",82kg / 181lb,,28,Slovakia,Ligue 1,Lyon,['Far Throw'],77.0,76.0,78.0,77.0,77.0
1198,Joël Veltman,M,78,63,49,68,70,80,77,64,62,55,50,60,41,38,42,73,55,34,77,73,51,68,65,66,78,74,79,80,74,81,83,77,80,73,77,83,RB,4,2,Right,"184cm / 6'0""",75kg / 165lb,['RM'],33,Holland,Premier League,Brighton,[],,,,,
1200,Denis Vavro,M,78,69,60,58,57,80,83,64,73,55,46,88,67,46,60,48,46,63,66,70,56,54,55,65,72,58,67,75,85,78,86,72,88,79,84,82,CB,2,2,Right,"189cm / 6'2""",81kg / 179lb,,29,Slovakia,Bundesliga,Wolfsburg,"['Aerial Fortress', 'Anticipate', 'Jockey', 'Long Ball Pass', 'Power Shot', 'Slide Tackle']",,,,,
1204,Jean-Clair Todibo,M,78,75,47,63,69,79,73,70,79,45,44,60,45,35,52,49,58,41,76,72,52,69,54,55,77,72,78,80,78,78,80,77,79,54,81,73,CB,2,3,Right,"190cm / 6'3""",88kg / 194lb,,25,France,Premier League,West Ham,"['Anticipate', 'Jockey']",,,,,
1205,Liam Delap,M,78,79,80,60,76,30,81,76,81,79,80,85,74,78,77,55,59,52,69,50,68,78,70,63,77,78,77,22,73,29,25,23,88,70,84,83,ST,5,3,Right,"186cm / 6'1""",90kg / 198lb,,22,England,Premier League,Chelsea,"['Enforcer', 'Power Shot']",,,,,
1207,Rubén García,M,78,74,76,79,78,45,53,81,69,74,77,76,78,59,69,80,78,79,80,79,77,78,80,86,73,79,67,38,54,45,47,41,61,66,44,58,RM,2,4,Left,"172cm / 5'8""",71kg / 157lb,"['RW', 'ST', 'RB']",32,Spain,LaLiga,Osasuna,"['Incisive Pass', 'Technical']",,,,,
1210,Paul Nebel,M,78,71,75,72,82,45,60,79,65,79,78,75,74,68,54,68,77,50,76,69,70,82,91,91,77,78,74,46,39,49,42,50,55,90,48,54,CAM,4,3,Right,"169cm / 5'7""",67kg / 148lb,"['CM', 'RM']",23,Germany,Bundesliga,Mainz,"['Incisive Pass', 'Low Driven Shot', 'Relentless', 'Technical']",,,,,
1213,Josip Stanišić,M,78,73,44,65,69,79,74,68,77,53,44,52,37,29,37,72,58,23,74,60,67,68,66,64,76,73,66,78,77,80,79,81,82,71,75,75,CB,4,2,Right,"187cm / 6'2""",77kg / 170lb,"['RB', 'RM']",25,Croatia,Bundesliga,Bayern Munich,"['Anticipate', 'Long Ball Pass']",,,,,
1215,Senne Lammens,M,78,79,77,71,77,21,79,19,25,6,10,53,8,8,11,14,30,11,40,39,12,15,40,27,73,19,36,15,14,7,15,12,64,29,79,29,GK,4,1,Right,"193cm / 6'4""",92kg / 203lb,,23,Belgium,Premier League,Man United,"['Cross Claimer', 'Footwork']",79.0,77.0,71.0,79.0,77.0
1216,Johan Bakayoko,M,78,85,72,70,81,33,63,87,83,74,74,69,74,64,59,73,74,57,72,58,78,83,86,77,73,81,71,33,58,24,35,27,70,70,68,40,RW,3,4,Left,"179cm / 5'10""",73kg / 161lb,['RM'],22,Belgium,Bundesliga,RB Leipzig,"['Finesse Shot', 'Gamechanger', 'Quick Step', 'Technical', 'Whipped Pass']",,,,,
1217,Matías Soulé,M,78,79,74,76,81,36,58,83,76,74,75,72,77,69,69,75,76,76,77,72,79,83,83,78,73,81,70,30,58,28,40,38,68,86,51,38,CAM,4,4,Left,"176cm / 5'9""",69kg / 152lb,"['RM', 'CM']",22,Argentina,Serie A,Roma,"['Dead Ball', 'Finesse Shot', 'Incisive Pass', 'Technical']",,,,,
1218,Tyrick Mitchell,M,78,75,41,68,73,76,70,74,75,70,41,42,34,30,45,78,71,37,67,62,76,72,76,74,76,75,69,78,56,78,80,77,69,85,61,73,LB,3,2,Left,"175cm / 5'9""",66kg / 146lb,['LM'],26,England,Premier League,Crystal Palace,"['Anticipate', 'Block', 'Jockey', 'Whipped Pass']",,,,,
1219,Harvey Elliott,M,78,72,70,77,81,53,50,76,69,80,64,78,80,62,59,77,80,62,79,72,71,81,90,90,75,79,78,54,40,52,58,48,48,72,34,61,CAM,3,3,Left,"168cm / 5'6""",64kg / 141lb,"['CM', 'RW']",22,England,Premier League,Aston Villa,['Finesse Shot'],,,,,
1220,Emanuel Emegha,M,78,89,76,58,70,31,79,81,95,82,79,78,69,74,68,47,64,53,65,49,63,69,69,42,77,76,75,35,77,26,21,23,92,84,82,64,ST,5,3,Left,"195cm / 6'5""",82kg / 181lb,,22,Holland,Ligue 1,Strasbourg,"['Enforcer', 'Gamechanger', 'Low Driven Shot']",,,,,
1221,Diego López,M,78,81,75,72,76,37,62,80,81,80,80,72,70,65,65,74,75,52,75,68,65,77,76,73,77,78,63,35,59,41,30,30,72,75,60,47,LM,4,3,Right,"172cm / 5'8""",63kg / 139lb,"['RM', 'LW']",23,Spain,LaLiga,Valencia,"['Low Driven Shot', 'Rapid']",,,,,
1223,Callum Wilson,M,78,73,79,67,76,42,65,73,73,81,80,80,74,78,87,61,69,52,73,62,63,76,69,70,78,78,80,40,79,39,40,27,83,45,70,75,ST,3,3,Right,"180cm / 5'11""",66kg / 146lb,,33,England,Premier League,West Ham,[],,,,,
1224,Raheem Sterling,M,78,82,74,74,82,42,48,86,78,77,75,77,72,65,70,75,74,78,75,68,79,82,91,92,76,79,76,38,48,38,48,40,59,52,44,52,LW,3,4,Right,"172cm / 5'8""",69kg / 152lb,"['LM', 'RM']",30,England,Premier League,Chelsea,"['Finesse Shot', 'Quick Step', 'Rapid']",,,,,
1226,Jørgen Strand Larsen,M,78,75,79,62,70,32,83,72,78,82,82,76,79,74,69,45,70,55,73,54,57,69,55,58,79,78,73,26,75,29,27,23,87,84,86,72,ST,3,3,Right,"194cm / 6'4""",79kg / 174lb,,25,Norway,Premier League,Wolves,[],,,,,
1227,Óscar Valentín,M,78,64,50,67,68,76,76,64,64,65,35,72,64,35,40,54,69,41,77,73,55,64,63,69,76,74,70,78,63,76,79,78,72,82,71,82,CDM,3,2,Right,"177cm / 5'10""",72kg / 159lb,['CM'],31,Spain,LaLiga,Vallecano,"['Aerial Fortress', 'Bruiser']",,,,,
1228,Arnaud Kalimuendo,M,78,80,80,63,78,29,71,82,78,80,81,79,78,75,78,57,68,56,69,54,67,78,75,86,77,78,79,23,72,32,21,17,85,73,72,64,ST,3,3,Right,"175cm / 5'9""",79kg / 174lb,,23,France,Premier League,Nott'm Forest,['Low Driven Shot'],,,,,
1230,Jamie Gittens,M,78,92,73,66,84,27,59,94,90,77,75,79,68,65,53,69,64,44,71,57,72,87,90,87,77,80,73,29,42,26,22,30,64,79,54,43,LM,4,4,Right,"179cm / 5'10""",77kg / 170lb,['LW'],21,England,Premier League,Chelsea,"['Quick Step', 'Rapid']",,,,,
1231,Tosin Adarabioyo,M,78,70,46,63,64,78,79,63,76,35,40,60,54,30,37,43,60,33,77,73,53,62,42,35,76,75,77,77,76,78,80,77,84,68,84,78,CB,3,2,Right,"197cm / 6'6""",80kg / 176lb,,28,England,Premier League,Chelsea,[],,,,,
1233,Ciro Immobile,M,78,68,79,66,76,39,71,68,68,85,79,82,74,76,88,55,71,58,75,57,70,76,68,75,77,77,76,40,77,34,33,32,81,67,72,73,ST,4,3,Right,"185cm / 6'1""",85kg / 187lb,['CAM'],35,Italy,Serie A,Bologna,"['Finesse Shot', 'Power Shot', 'Press Proven']",,,,,
1234,Jonas Wind,M,78,57,79,72,77,37,77,66,50,81,82,82,73,76,73,58,78,65,79,70,73,77,71,69,81,81,77,35,81,35,29,22,87,73,82,67,ST,3,4,Right,"190cm / 6'3""",82kg / 181lb,['CAM'],26,Denmark,Bundesliga,Wolfsburg,"['Gamechanger', 'Incisive Pass', 'Press Proven']",,,,,
1236,Florian Lejeune,M,78,49,61,67,65,78,78,50,48,50,52,83,72,42,43,51,55,75,78,76,57,62,52,52,77,73,76,80,76,78,78,77,80,66,83,80,CB,3,2,Right,"190cm / 6'3""",81kg / 179lb,,34,France,LaLiga,Vallecano,"['Aerial Fortress', 'Dead Ball', 'Intercept', 'Long Ball Pass', 'Precision Header']",,,,,
1238,Giacomo Raspadori,M,78,78,78,71,84,28,58,83,74,81,79,76,78,79,76,56,76,60,80,66,69,85,80,83,79,84,80,26,69,24,23,21,75,60,55,59,ST,5,4,Right,"172cm / 5'8""",69kg / 152lb,"['CAM', 'LW']",25,Italy,LaLiga,Ath Madrid,"['Gamechanger', 'Technical']",,,,,
1241,Malick Fofana,M,78,86,69,70,82,40,48,87,86,74,74,64,66,62,58,71,71,52,74,64,64,84,89,89,75,79,77,35,32,41,43,41,51,69,36,51,LM,5,4,Right,"170cm / 5'7""",60kg / 132lb,['LW'],20,Belgium,Ligue 1,Lyon,"['Gamechanger', 'Technical']",,,,,
1242,Mika Biereth,M,78,75,78,63,72,31,76,69,79,82,83,78,70,76,72,57,68,50,69,58,62,70,64,68,78,75,77,24,79,29,23,28,85,73,79,69,ST,3,3,Right,"187cm / 6'2""",78kg / 172lb,,22,Denmark,Ligue 1,Monaco,[],,,,,
1243,Marcos Senesi,M,78,56,42,70,72,79,75,62,51,32,32,55,52,58,40,63,75,32,76,81,42,73,65,60,76,75,76,79,76,79,79,79,82,63,78,80,CB,4,3,Left,"185cm / 6'1""",80kg / 176lb,,28,Argentina,Premier League,Bournemouth,['Long Ball Pass'],,,,,
1245,Diego Carlos,M,78,63,47,62,67,78,76,54,70,52,32,73,57,34,41,35,63,69,73,72,54,65,62,47,74,71,75,78,77,79,79,77,83,50,87,80,CB,4,3,Right,"186cm / 6'1""",79kg / 174lb,,32,Brazil,Serie A,Como,"['Anticipate', 'Long Ball Pass']",,,,,
1246,Joachim Andersen,M,78,39,57,71,65,78,82,36,42,45,51,75,58,55,44,54,69,56,77,86,67,66,47,50,78,68,78,79,77,79,78,78,70,70,87,86,CB,4,2,Right,"192cm / 6'4""",90kg / 198lb,,29,Denmark,Premier League,Fulham,"['Aerial Fortress', 'Bruiser', 'Intercept', 'Long Ball Pass']",,,,,
1247,Lucas Beraldo,M,78,66,38,66,68,79,75,61,70,35,34,56,31,30,46,59,59,34,78,72,58,66,60,60,77,72,70,77,76,80,82,77,81,63,76,84,CB,2,2,Left,"182cm / 6'0""",78kg / 172lb,"['LB', 'LM']",22,Brazil,Ligue 1,Paris SG,"['Pinged Pass', 'Slide Tackle']",,,,,
1249,Lucas Torró,M,78,39,63,69,68,76,75,46,34,59,59,73,69,46,57,52,69,52,80,78,58,64,63,40,74,78,69,75,75,74,79,76,73,78,75,73,CDM,3,2,Right,"190cm / 6'3""",77kg / 170lb,['CM'],31,Spain,LaLiga,Osasuna,"['Aerial Fortress', 'Intercept', 'Press Proven']",,,,,
1250,Danilho Doekhi,M,78,63,42,59,65,78,83,57,68,49,39,61,31,39,33,46,57,29,70,68,39,60,64,59,76,69,75,75,83,79,79,74,86,80,86,76,CB,3,2,Right,"190cm / 6'3""",86kg / 190lb,,27,Holland,Bundesliga,Union Berlin,"['Aerial Fortress', 'Anticipate', 'Intercept', 'Precision Header']",,,,,
1251,Carlos Vicente,M,78,79,72,74,76,31,58,80,79,76,75,73,70,60,63,78,74,56,76,73,68,78,68,75,74,78,69,27,56,26,30,36,69,74,58,36,RM,3,3,Right,"179cm / 5'10""",69kg / 152lb,"['RW', 'RB']",26,Spain,LaLiga,Alaves,[],,,,,
1253,Tyrone Mings,M,78,58,44,67,64,78,76,49,66,53,37,61,42,34,45,70,57,37,75,75,53,68,34,42,75,67,71,76,77,78,78,80,80,51,85,86,CB,2,2,Left,"196cm / 6'5""",77kg / 170lb,,32,England,Premier League,Aston Villa,"['Bruiser', 'Long Ball Pass']",,,,,
1255,Bryan Gil,M,78,84,70,75,81,31,45,86,82,75,73,69,68,66,52,78,75,72,76,72,75,81,88,79,75,79,81,30,34,31,32,30,50,54,32,64,LM,3,3,Left,"175cm / 5'9""",60kg / 132lb,"['LW', 'RM']",24,Spain,LaLiga,Girona,['Technical'],,,,,
1257,Leny Yoro,M,78,69,41,60,64,79,73,65,72,41,38,51,37,35,40,47,60,32,75,58,37,60,55,61,79,69,72,79,76,77,82,80,81,69,75,73,CB,3,2,Right,"190cm / 6'3""",75kg / 165lb,,20,France,Premier League,Man United,[],,,,,
1258,Carl Starfelt,M,78,74,31,56,68,78,78,68,78,32,25,52,23,26,39,27,56,24,76,66,33,68,67,65,77,69,67,77,77,77,79,77,84,74,80,78,CB,3,2,Right,"187cm / 6'2""",80kg / 176lb,,30,Sweden,LaLiga,Celta,"['Aerial Fortress', 'Block', 'Intercept']",,,,,
1260,Loïc Badé,M,78,61,45,56,66,78,78,54,66,33,45,59,44,24,33,31,57,23,74,63,35,63,56,37,75,75,73,78,76,77,81,77,81,65,84,78,CB,3,2,Right,"191cm / 6'3""",89kg / 196lb,,25,France,Bundesliga,Leverkusen,"['Aerial Fortress', 'Anticipate', 'Intercept', 'Jockey']",,,,,
1261,Sam Beukema,M,78,49,55,61,62,80,76,42,54,57,50,67,61,35,47,42,57,50,73,74,47,59,52,59,79,67,72,81,80,80,80,76,74,79,74,80,CB,3,2,Right,"188cm / 6'2""",77kg / 170lb,,27,Holland,Serie A,Napoli,"['Block', 'Long Ball Pass']",,,,,
1263,Diogo Leite,M,78,64,38,52,63,80,78,55,71,32,30,59,38,32,38,31,36,20,73,70,35,59,63,58,76,68,69,80,79,80,81,77,80,80,78,74,CB,3,2,Left,"188cm / 6'2""",83kg / 183lb,,26,Portugal,Bundesliga,Union Berlin,"['Aerial Fortress', 'Intercept', 'Long Ball Pass']",,,,,
1264,Flavien-Enzo Boyomo,M,78,74,38,52,51,79,81,72,75,29,35,52,32,29,50,34,43,28,70,60,34,31,61,57,70,70,63,77,76,79,80,78,88,80,83,76,CB,2,2,Right,"181cm / 5'11""",86kg / 190lb,['RB'],24,Cameroon,LaLiga,Osasuna,['Long Ball Pass'],,,,,
1265,Isak Hien,M,78,69,37,49,58,79,82,63,74,39,30,49,39,33,45,28,49,25,62,58,29,54,48,49,77,64,60,80,72,81,81,75,83,66,89,83,CB,3,2,Right,"191cm / 6'3""",90kg / 198lb,,26,Sweden,Serie A,Bergamo Calcio,"['Anticipate', 'Long Ball Pass']",,,,,
1266,Dante,M,78,32,52,69,65,80,75,32,32,43,47,62,53,48,60,58,65,55,79,77,51,61,35,55,78,77,79,81,77,85,78,75,74,61,82,76,CB,4,3,Left,"188cm / 6'2""",89kg / 196lb,,42,Brazil,Ligue 1,Nice,"['Aerial Fortress', 'Anticipate', 'Block', 'Bruiser', 'Intercept']",,,,,
1267,Aitor Paredes,M,78,68,39,51,56,79,75,59,76,33,29,55,44,46,40,30,40,21,72,64,24,46,59,63,80,65,63,78,76,77,83,78,80,70,77,77,CB,3,2,Right,"186cm / 6'1""",79kg / 174lb,,25,Spain,LaLiga,Ath Bilbao,['Precision Header'],,,,,
1269,Natan,M,78,56,33,55,66,79,77,56,56,29,27,51,26,33,47,39,44,37,74,62,35,66,56,52,76,70,62,78,77,80,80,80,80,73,77,82,CB,2,2,Left,"188cm / 6'2""",85kg / 187lb,,24,Brazil,LaLiga,Betis,[],,,,,
1270,Matteo Gabbia,M,78,49,35,54,60,81,76,43,53,23,22,59,41,34,42,41,41,28,71,61,47,53,56,55,78,70,62,79,84,80,84,78,74,81,70,83,CB,3,2,Right,"185cm / 6'1""",78kg / 172lb,,26,Italy,Serie A,Milan,"['Long Ball Pass', 'Precision Header', 'Slide Tackle']",,,,,
1272,Julian Chabot,M,78,47,29,48,56,78,85,33,58,23,21,49,23,36,38,33,35,30,65,60,31,55,34,33,70,65,64,77,76,79,78,80,70,72,91,91,CB,2,2,Left,"195cm / 6'5""",95kg / 209lb,,27,Germany,Bundesliga,Stuttgart,"['Aerial Fortress', 'Block', 'Bruiser', 'Intercept']",,,,,
1277,Wesley,M,77,89,62,70,78,73,76,91,88,81,62,60,64,49,56,71,64,58,75,71,68,79,90,76,72,74,71,71,66,74,76,75,84,78,74,74,RB,3,3,Right,"178cm / 5'10""",75kg / 165lb,['RM'],22,Brazil,Serie A,Roma,['Quick Step'],,,,,
1279,Aitor Ruibal,M,77,82,74,73,76,72,69,80,84,75,72,80,78,57,61,75,74,54,76,69,67,77,71,69,74,79,66,72,72,68,74,76,81,67,68,72,RB,3,3,Right,"176cm / 5'9""",74kg / 163lb,"['RM', 'ST', 'RW']",29,Spain,LaLiga,Betis,"['Anticipate', 'Block', 'Bruiser', 'Intercept', 'Quick Step']",,,,,
1282,Timothy Weah,M,77,87,75,72,78,68,65,86,88,75,74,79,76,74,60,75,69,53,75,72,74,77,86,74,75,78,74,66,67,68,69,70,76,70,59,72,RM,3,3,Right,"182cm / 6'0""",66kg / 146lb,['RB'],25,United States,Ligue 1,Marseille,"['Finesse Shot', 'Quick Step', 'Rapid']",,,,,
1283,Seko Fofana,M,77,68,75,74,76,71,80,67,68,75,72,83,82,68,56,62,78,62,80,72,72,78,69,61,75,77,76,74,58,68,78,70,75,76,82,79,CM,4,3,Right,"185cm / 6'1""",74kg / 163lb,"['CDM', 'CAM']",30,Côte d'Ivoire,Ligue 1,Rennes,"['Incisive Pass', 'Power Shot', 'Relentless']",,,,,
1284,Ardon Jashari,M,77,75,67,75,73,72,82,77,74,65,64,76,70,63,60,68,76,62,80,76,64,70,77,80,74,75,76,74,62,76,72,68,81,91,80,78,CDM,4,2,Left,"181cm / 5'11""",82kg / 181lb,['CM'],23,Switzerland,Serie A,Milan,"['Long Ball Pass', 'Relentless']",,,,,
1287,Gabriel Gudmundsson,M,77,87,64,71,75,70,75,85,88,68,59,75,69,56,46,77,68,50,73,69,66,76,74,68,74,75,72,72,51,70,74,74,76,79,73,74,LB,3,3,Left,"180cm / 5'11""",78kg / 172lb,"['LM', 'CB']",26,Sweden,Premier League,Leicester,"['Long Throw', 'Rapid']",,,,,
1289,Georginio Rutter,M,77,77,75,75,80,60,74,76,77,77,76,76,71,71,70,73,77,68,76,74,75,80,77,79,77,81,77,56,73,58,62,50,85,79,76,59,CAM,5,5,Left,"182cm / 6'0""",83kg / 183lb,['ST'],23,France,Premier League,Brighton,"['Enforcer', 'Incisive Pass', 'Trickster']",,,,,
1290,Hicham Boudaoui,M,77,73,67,74,77,74,76,74,73,74,68,70,67,51,54,68,75,58,78,75,77,77,79,77,77,78,75,73,73,72,76,75,79,93,67,75,CM,3,3,Right,"175cm / 5'9""",61kg / 134lb,['CDM'],26,Algeria,Ligue 1,Nice,['Technical'],,,,,
1291,Javi Guerra,M,77,74,73,75,76,73,70,73,74,77,75,73,74,52,63,63,80,62,81,78,65,76,77,71,74,78,74,75,68,74,75,69,75,73,69,67,CM,4,3,Right,"187cm / 6'2""",77kg / 170lb,['CDM'],22,Spain,LaLiga,Valencia,"['Incisive Pass', 'Inventive']",,,,,
1292,Nicolae Stanciu,M,77,76,74,79,78,62,71,79,74,73,72,77,77,70,68,76,78,82,79,80,81,75,90,89,75,78,78,60,66,62,62,58,75,91,62,69,CM,4,4,Right,"170cm / 5'7""",70kg / 154lb,['CAM'],32,Romania,Serie A,Genoa,"['Dead Ball', 'Incisive Pass', 'Inventive', 'Power Shot', 'Technical']",,,,,
1295,Lamine Camara,M,77,79,66,78,77,71,69,82,76,72,65,72,66,52,55,80,77,74,80,78,71,76,79,80,76,77,75,74,48,70,76,72,68,81,61,74,CM,3,3,Right,"173cm / 5'8""",65kg / 143lb,['CDM'],21,Senegal,Ligue 1,Monaco,"['Dead Ball', 'Long Ball Pass']",,,,,
1297,Kobbie Mainoo,M,77,68,69,74,81,73,74,70,66,74,73,69,62,58,58,65,76,55,79,78,76,82,80,88,78,80,82,74,64,70,77,75,74,74,73,74,CM,3,3,Right,"181cm / 5'11""",80kg / 176lb,['CDM'],20,England,Premier League,Man United,"['Finesse Shot', 'Press Proven']",,,,,
1298,Christian Günter,M,77,83,60,69,71,73,82,76,88,63,51,84,63,39,46,77,58,72,72,64,77,73,64,63,76,71,71,74,65,74,75,73,83,83,82,82,LB,2,3,Left,"184cm / 6'0""",83kg / 183lb,['LM'],32,Germany,Bundesliga,Freiburg,"['Rapid', 'Relentless', 'Slide Tackle', 'Whipped Pass']",,,,,
1299,Jefferson Lerma,M,77,68,71,70,74,76,79,65,71,60,65,83,75,78,58,65,63,61,74,80,67,74,65,75,77,75,72,77,77,75,76,76,88,80,73,88,CDM,3,3,Right,"179cm / 5'10""",70kg / 154lb,"['CM', 'CB']",31,Colombia,Premier League,Crystal Palace,"['Aerial Fortress', 'Anticipate', 'Bruiser', 'Intercept', 'Relentless', 'Slide Tackle']",,,,,
1300,Alessio Castro-Montes,M,77,74,72,74,75,71,72,74,74,76,74,72,70,62,66,76,76,70,75,72,70,76,74,76,72,76,71,72,66,71,72,72,74,86,66,70,RM,4,3,Right,"175cm / 5'9""",67kg / 148lb,"['LM', 'RB', 'RW']",28,Belgium,Bundesliga,1. FC Köln,"['Long Throw', 'Rapid']",,,,,
1301,Carlos Soler,M,77,70,75,78,78,69,68,74,67,76,75,77,74,66,74,77,79,76,79,77,80,78,75,73,75,79,76,72,56,67,73,68,71,67,69,65,CM,4,3,Right,"180cm / 5'11""",76kg / 168lb,['CAM'],28,Spain,LaLiga,Sociedad,[],,,,,
1302,Rocco Reitz,M,77,71,70,74,78,77,68,73,69,74,73,70,68,57,61,68,75,53,78,77,72,77,82,79,73,78,74,86,68,73,77,78,70,79,55,84,CM,4,3,Right,"176cm / 5'9""",72kg / 159lb,['CDM'],23,Germany,Bundesliga,M'gladbach,"['Incisive Pass', 'Intercept', 'Jockey', 'Press Proven', 'Relentless']",,,,,
1303,Clinton Mata,M,77,79,61,68,74,77,78,74,83,67,53,76,67,46,49,65,61,70,72,71,71,74,74,69,78,73,77,78,74,78,77,76,83,84,75,76,CB,3,3,Right,"180cm / 5'11""",73kg / 161lb,['RB'],33,Angola,Ligue 1,Lyon,"['Block', 'Intercept', 'Jockey']",,,,,
1305,Ainsley Maitland-Niles,M,77,77,65,73,76,72,74,74,80,67,66,63,63,61,82,72,75,50,76,74,68,75,73,69,76,78,80,73,55,71,76,77,73,77,73,72,RB,3,3,Right,"180cm / 5'11""",71kg / 157lb,"['RM', 'RW']",28,England,Ligue 1,Lyon,['Rapid'],,,,,
1306,Pepelu,M,77,64,70,78,74,73,78,61,67,69,66,73,74,65,83,74,76,78,80,78,78,74,68,68,73,78,74,73,62,70,78,74,72,89,75,73,CM,3,3,Right,"186cm / 6'1""",73kg / 161lb,['CDM'],27,Spain,LaLiga,Valencia,"['Aerial Fortress', 'Finesse Shot', 'Long Ball Pass']",,,,,
1307,Alexis Claude-Maurice,M,77,75,74,73,81,68,66,78,73,74,73,76,78,58,65,64,76,69,77,70,82,82,87,84,73,80,74,68,59,69,71,66,72,74,61,69,CAM,3,4,Right,"175cm / 5'9""",62kg / 137lb,"['CM', 'LW']",27,France,Bundesliga,Augsburg,['Technical'],,,,,
1308,Diego Moreira,M,77,90,67,69,79,64,68,87,92,73,66,70,68,58,60,71,70,49,72,61,74,80,84,83,74,78,76,69,48,63,66,62,70,83,62,65,LM,3,4,Left,"179cm / 5'10""",73kg / 161lb,['LB'],21,Belgium,Ligue 1,Strasbourg,"['Gamechanger', 'Rapid', 'Relentless']",,,,,
1309,Alphonse Areola,M,77,78,75,74,78,55,76,56,54,17,19,56,14,16,25,20,59,16,48,55,16,15,58,58,74,22,64,23,14,13,18,12,75,38,79,26,GK,3,1,Right,"195cm / 6'5""",94kg / 207lb,,32,France,Premier League,West Ham,"['Far Throw', 'Footwork']",78.0,75.0,74.0,76.0,78.0
1311,Pep Chavarría,M,77,83,62,71,74,71,75,81,84,75,63,60,65,55,46,75,72,51,73,68,72,75,72,71,70,75,65,73,60,69,75,72,79,86,72,67,LB,1,3,Left,"174cm / 5'9""",70kg / 154lb,['LM'],27,Spain,LaLiga,Vallecano,"['Quick Step', 'Relentless']",,,,,
1312,Danilo Cataldi,M,77,68,71,77,77,73,69,72,64,67,66,82,79,65,52,69,77,80,81,76,80,77,73,75,80,79,79,76,66,75,73,71,72,76,62,75,CDM,4,3,Right,"180cm / 5'11""",70kg / 154lb,['CM'],31,Italy,Serie A,Lazio,[],,,,,
1314,Finn Dahmen,M,77,76,70,81,80,52,76,52,53,9,8,61,6,5,11,14,54,12,42,37,13,25,52,56,77,30,33,13,12,19,12,11,63,33,55,20,GK,3,1,Right,"188cm / 6'2""",80kg / 176lb,,27,Germany,Bundesliga,Augsburg,['Footwork'],76.0,70.0,81.0,76.0,80.0
1315,Lucas Bergvall,M,77,75,63,76,77,71,73,77,73,73,63,66,61,49,53,68,78,65,79,79,73,78,73,73,76,77,80,77,54,69,75,72,72,78,70,75,CM,3,3,Right,"186cm / 6'1""",74kg / 163lb,"['CDM', 'CAM']",19,Sweden,Premier League,Tottenham,['Press Proven'],,,,,
1317,Aaron Ramsdale,M,77,77,76,80,79,48,74,47,50,18,14,60,15,16,25,15,65,16,56,55,17,23,53,49,73,36,60,24,15,24,16,15,66,40,64,35,GK,3,1,Right,"191cm / 6'3""",77kg / 170lb,,27,England,Premier League,Newcastle,"['Cross Claimer', 'Deflector']",77.0,76.0,80.0,74.0,79.0
1318,Kiernan Dewsbury-Hall,M,77,66,72,77,78,70,71,67,65,75,70,75,73,70,65,73,77,70,79,77,77,78,77,78,76,79,77,71,65,70,72,68,71,75,66,77,CM,3,3,Left,"176cm / 5'9""",80kg / 176lb,"['CAM', 'CDM']",27,England,Premier League,Everton,['Incisive Pass'],,,,,
1319,Vanderson,M,77,78,62,74,77,72,71,79,78,72,63,62,59,61,49,77,74,72,76,67,69,78,76,79,75,76,74,72,68,71,74,74,77,77,67,71,RB,3,3,Right,"173cm / 5'8""",74kg / 163lb,,24,Brazil,Ligue 1,Monaco,"['Intercept', 'Jockey', 'Technical']",,,,,
1321,Maxence Caqueret,M,77,75,62,75,78,76,67,77,73,69,60,63,63,53,70,67,77,69,80,79,66,77,85,83,76,78,78,78,48,77,83,71,63,80,55,81,CM,3,3,Right,"174cm / 5'9""",63kg / 139lb,['CDM'],25,France,Serie A,Como,"['Incisive Pass', 'Pinged Pass', 'Press Proven', 'Relentless']",,,,,
1324,Thomas Lemar,M,77,72,75,79,80,67,59,72,72,77,73,78,76,75,69,79,79,80,80,77,84,80,79,79,77,81,80,75,54,55,76,69,64,60,57,63,CM,3,4,Left,"171cm / 5'7""",63kg / 139lb,['LM'],30,France,LaLiga,Girona,['Jockey'],,,,,
1326,Nicolas Seiwald,M,77,72,62,74,74,74,76,74,70,68,58,70,66,58,54,73,74,60,75,79,73,72,77,76,78,75,70,79,63,71,77,72,76,81,72,78,CDM,3,2,Right,"180cm / 5'11""",80kg / 176lb,"['CM', 'CB']",24,Austria,Bundesliga,RB Leipzig,"['Anticipate', 'Press Proven']",,,,,
1327,Noah Atubolu,M,77,76,73,75,79,55,74,52,59,9,8,56,9,8,14,12,50,12,27,31,13,11,32,31,77,14,46,13,13,12,12,12,73,29,79,26,GK,3,1,Right,"190cm / 6'3""",99kg / 218lb,,23,Germany,Bundesliga,Freiburg,"['Far Reach', 'Footwork']",76.0,73.0,75.0,74.0,79.0
1328,Quilindschy Hartman,M,77,78,55,75,74,73,77,80,76,73,59,50,54,42,47,69,75,68,78,77,75,73,74,66,79,77,75,74,52,75,77,75,76,74,76,84,LB,3,3,Left,"183cm / 6'0""",77kg / 170lb,['LM'],24,Holland,Premier League,Burnley,"['Bruiser', 'Incisive Pass', 'Slide Tackle']",,,,,
1330,Aitor,M,77,77,74,68,80,56,76,58,53,15,12,51,12,15,24,30,50,14,38,35,34,22,55,48,76,14,55,24,20,14,13,12,65,39,52,15,GK,2,1,Right,"182cm / 6'0""",78kg / 172lb,,34,Spain,LaLiga,Osasuna,[],77.0,74.0,68.0,76.0,80.0
1331,Matías Vecino,M,77,53,73,75,76,79,75,52,54,79,68,82,77,68,56,69,79,58,79,75,64,76,67,62,78,80,80,82,83,77,77,76,81,64,77,81,CM,3,3,Right,"187cm / 6'2""",81kg / 179lb,['CDM'],34,Uruguay,Serie A,Lazio,"['Aerial Fortress', 'Power Shot']",,,,,
1332,Emiliano Buendía,M,77,66,74,78,81,66,66,74,60,75,74,77,75,68,62,78,78,74,80,75,81,81,84,90,74,80,77,60,75,67,68,61,77,60,61,83,CAM,4,4,Right,"172cm / 5'8""",72kg / 159lb,"['LM', 'RM', 'CM']",28,Argentina,Premier League,Aston Villa,"['Slide Tackle', 'Technical']",,,,,
1334,Kostas Tsimikas,M,77,78,57,75,75,74,72,79,78,73,48,72,64,37,54,81,73,68,75,72,78,75,77,73,74,75,71,76,66,73,77,75,77,69,69,80,LB,3,3,Left,"179cm / 5'10""",77kg / 170lb,['LM'],29,Greece,Serie A,Roma,[],,,,,
1335,Amadou Haidara,M,77,63,70,77,79,73,69,69,58,71,66,75,75,63,62,75,78,62,79,77,76,79,78,78,79,79,75,80,51,74,75,68,65,76,65,71,CM,2,3,Right,"178cm / 5'10""",75kg / 165lb,['CDM'],27,Mali,Bundesliga,RB Leipzig,['Aerial Fortress'],,,,,
1336,João Mário,M,77,84,63,71,77,69,67,85,83,74,60,68,61,58,67,79,73,47,73,68,57,76,79,75,75,78,70,72,70,68,69,69,78,83,60,61,RB,4,3,Right,"179cm / 5'10""",66kg / 146lb,['RM'],25,Portugal,Serie A,Juventus,"['Rapid', 'Whipped Pass']",,,,,
1337,Daniel Svensson,M,77,77,56,75,76,73,74,78,76,71,51,62,63,50,44,72,75,57,78,76,71,74,79,80,75,77,76,69,57,76,75,78,73,89,68,69,LB,4,2,Left,"178cm / 5'10""",72kg / 159lb,"['CM', 'LM']",23,Sweden,Bundesliga,Dortmund,['Relentless'],,,,,
1341,Marvin Schwäbe,M,77,77,74,75,82,47,75,49,43,12,15,56,17,15,28,21,63,9,53,49,20,20,45,46,71,41,61,17,15,21,16,17,68,36,70,28,GK,3,1,Right,"190cm / 6'3""",86kg / 190lb,,30,Germany,Bundesliga,1. FC Köln,"['Far Throw', 'Footwork']",77.0,74.0,75.0,75.0,82.0
1342,Diego Rico,M,77,70,57,77,73,76,76,69,71,71,43,76,68,56,47,79,77,76,77,72,75,74,62,74,74,75,72,79,68,75,77,74,78,73,79,74,LB,2,2,Left,"183cm / 6'0""",78kg / 172lb,['LM'],32,Spain,LaLiga,Getafe CF,"['Intercept', 'Long Throw', 'Whipped Pass']",,,,,
1343,Breel Embolo,M,77,78,75,70,75,51,80,73,82,80,75,83,70,74,66,63,74,58,75,70,68,76,67,66,75,77,75,44,76,40,63,38,89,68,85,79,ST,4,3,Right,"187cm / 6'2""",88kg / 194lb,,28,Switzerland,Ligue 1,Rennes,"['Enforcer', 'Rapid']",,,,,
1346,Eljif Elmas,M,77,72,71,73,80,65,68,77,68,75,70,78,72,58,58,68,77,54,78,74,64,81,83,68,76,81,70,69,58,62,67,62,72,75,64,68,LM,4,4,Right,"184cm / 6'0""",78kg / 172lb,"['LW', 'CM']",26,North Macedonia,Serie A,Napoli,['Technical'],,,,,
1348,Iván Martín,M,77,71,71,78,78,69,62,71,71,76,69,73,75,63,68,79,77,65,79,79,79,79,79,72,75,79,76,74,47,68,74,65,63,73,60,55,CM,3,3,Left,"178cm / 5'10""",70kg / 154lb,"['CDM', 'CAM']",26,Spain,LaLiga,Girona,['Technical'],,,,,
1349,Yan Couto,M,77,78,61,77,83,69,61,85,72,75,61,65,58,45,55,81,75,43,82,74,77,83,85,90,75,86,65,73,49,71,69,74,57,77,51,66,RB,3,4,Right,"168cm / 5'6""",60kg / 132lb,['RM'],23,Brazil,Bundesliga,Dortmund,"['Inventive', 'Quick Step', 'Technical', 'Whipped Pass']",,,,,
1350,Nicolò Fagioli,M,77,74,65,78,79,70,63,73,75,62,56,76,72,68,68,69,78,68,82,82,79,79,76,77,74,82,72,70,58,69,74,70,68,68,59,66,CM,4,4,Right,"178cm / 5'10""",72kg / 159lb,"['CDM', 'CB']",24,Italy,Serie A,Fiorentina,"['Inventive', 'Press Proven']",,,,,
1354,Federico Bernardeschi,M,77,75,75,77,80,54,67,75,75,70,72,80,78,76,74,80,75,80,76,72,84,81,82,76,69,82,78,56,53,57,52,52,70,74,69,54,RM,3,4,Left,"185cm / 6'1""",77kg / 170lb,"['ST', 'RW']",31,Italy,Serie A,Bologna,"['Finesse Shot', 'Gamechanger', 'Technical']",,,,,
1355,Caio Henrique,M,77,78,58,77,77,72,66,76,79,75,54,64,60,52,48,83,77,72,77,70,80,77,71,74,74,81,80,73,62,72,75,71,71,81,57,69,LB,2,3,Left,"178cm / 5'10""",70kg / 154lb,['LM'],28,Brazil,Ligue 1,Monaco,"['Dead Ball', 'Long Throw', 'Whipped Pass']",,,,,
1356,Daichi Kamada,M,77,71,72,77,78,64,66,74,68,75,74,65,73,66,78,74,78,73,79,77,78,77,78,78,79,79,74,68,56,59,69,61,66,75,55,81,CM,3,3,Right,"184cm / 6'0""",72kg / 159lb,['CAM'],29,Japan,Premier League,Crystal Palace,['Technical'],,,,,
1358,Patrick Wimmer,M,77,84,69,72,81,49,73,83,84,76,70,75,68,57,52,73,78,50,74,66,64,82,85,83,75,79,70,48,44,53,47,45,70,78,73,65,CAM,4,5,Right,"182cm / 6'0""",77kg / 170lb,"['RW', 'CM', 'ST']",24,Austria,Bundesliga,Wolfsburg,"['Acrobatic', 'First Touch', 'Inventive', 'Rapid', 'Relentless']",,,,,
1360,Habib Diarra,M,77,70,68,71,77,71,71,74,67,76,66,78,68,52,59,56,77,52,78,77,67,78,73,70,76,78,77,76,58,66,76,70,72,77,69,68,CM,2,2,Right,"178cm / 5'10""",75kg / 165lb,['CAM'],21,Senegal,Premier League,Sunderland,['Technical'],,,,,
1362,José Sá,M,77,77,75,70,77,52,76,52,53,17,15,53,18,17,11,18,50,21,48,42,12,17,62,40,75,19,45,18,14,14,19,15,72,34,75,35,GK,2,1,Right,"192cm / 6'4""",84kg / 185lb,,32,Portugal,Premier League,Wolves,"['Footwork', 'Rush Out']",77.0,75.0,70.0,76.0,77.0
1365,Valentin Rosier,M,77,81,52,71,76,72,75,80,82,74,45,64,54,47,42,75,72,45,72,68,72,74,84,85,74,75,74,74,63,70,74,76,72,78,73,79,RB,2,3,Right,"175cm / 5'9""",75kg / 165lb,['RM'],29,France,LaLiga,Osasuna,"['Jockey', 'Long Throw']",,,,,
1368,Nemanja Gudelj,M,77,46,73,78,69,76,84,44,48,65,62,89,85,69,74,74,74,79,80,80,82,66,59,50,78,76,78,76,75,75,76,76,77,79,87,82,CB,2,3,Right,"187cm / 6'2""",79kg / 174lb,['CDM'],34,Serbia,LaLiga,Sevilla,"['Aerial Fortress', 'Power Shot']",,,,,
1369,Ben Chilwell,M,77,70,60,77,75,76,68,69,70,74,57,72,50,72,55,81,73,70,77,77,77,76,68,64,77,77,75,76,68,76,77,77,73,62,68,72,LB,3,3,Left,"180cm / 5'11""",77kg / 170lb,['LM'],28,England,Ligue 1,Strasbourg,['Jockey'],,,,,
1370,Ludovic Blas,M,77,72,77,76,79,58,64,77,67,72,74,82,80,76,80,72,77,69,78,74,77,80,79,76,73,80,81,66,58,47,64,59,72,71,63,55,RM,2,4,Left,"180cm / 5'11""",77kg / 170lb,"['RW', 'CAM']",27,France,Ligue 1,Rennes,"['First Touch', 'Gamechanger', 'Low Driven Shot', 'Pinged Pass', 'Power Shot', 'Technical']",,,,,
1373,Álex Moreno,M,77,76,62,72,74,75,66,74,77,72,64,63,59,52,56,77,72,52,75,68,69,74,75,76,76,75,71,76,63,75,77,75,71,68,60,75,LB,2,3,Left,"179cm / 5'10""",68kg / 150lb,['LM'],32,Spain,LaLiga,Girona,[],,,,,
1374,Lee Jae Sung,M,77,72,71,72,81,63,66,74,71,81,71,71,73,72,50,68,75,54,76,70,71,80,84,82,78,81,78,65,81,53,65,60,87,85,56,62,CAM,3,3,Left,"181cm / 5'11""",74kg / 163lb,['CM'],33,Korea Republic,Bundesliga,Mainz,"['Aerial Fortress', 'Finesse Shot', 'Intercept', 'Precision Header', 'Relentless']",,,,,
1378,Ansgar Knauff,M,77,89,71,69,76,56,64,88,89,73,75,73,65,64,51,74,72,43,76,53,69,76,79,77,72,77,69,59,48,58,57,48,67,76,55,73,RM,3,3,Right,"180cm / 5'11""",73kg / 161lb,"['LM', 'CAM', 'RB']",23,Germany,Bundesliga,Ein Frankfurt,"['Quick Step', 'Rapid']",,,,,
1379,Leo Román,M,77,76,75,72,78,49,75,49,48,11,12,54,10,10,15,14,49,12,28,25,14,16,50,47,76,18,46,14,12,12,14,15,67,44,68,23,GK,3,1,Right,"189cm / 6'2""",83kg / 183lb,,25,Spain,LaLiga,Mallorca,['Cross Claimer'],76.0,75.0,72.0,75.0,78.0
1380,Filip Jörgensen,M,77,77,76,72,78,45,77,45,45,10,11,54,10,10,11,10,50,11,45,47,12,18,55,40,74,40,55,13,12,17,13,13,63,35,62,25,GK,3,1,Right,"192cm / 6'4""",85kg / 187lb,,23,Denmark,Premier League,Chelsea,"['Far Throw', 'Footwork']",77.0,76.0,72.0,77.0,78.0
1382,Sergi Roberto,M,77,69,63,78,75,74,65,67,71,69,63,65,66,50,57,76,80,60,81,78,78,74,66,74,77,79,76,74,66,74,75,74,69,74,60,67,CDM,3,3,Right,"178cm / 5'10""",68kg / 150lb,['CM'],33,Spain,Serie A,Como,[],,,,,
1383,Oleksandr Zinchenko,M,77,63,66,79,78,76,62,67,59,75,58,78,73,61,58,80,78,76,79,79,83,78,79,79,77,78,78,78,70,75,78,77,66,68,53,74,LB,3,3,Left,"175cm / 5'9""",64kg / 141lb,,28,Ukraine,Premier League,Nott'm Forest,['Pinged Pass'],,,,,
1385,Georges Mikautadze,M,77,81,80,73,80,40,70,81,81,80,80,81,76,80,82,72,71,73,76,68,71,80,85,81,75,79,78,28,62,39,40,40,77,76,67,67,ST,3,4,Right,"176cm / 5'9""",71kg / 157lb,,25,Georgia,LaLiga,Villarreal,"['Finesse Shot', 'First Touch', 'Gamechanger', 'Technical']",,,,,
1386,Terrats,M,77,61,70,74,75,72,72,60,61,77,74,68,70,55,55,66,77,52,80,77,64,76,68,63,75,77,71,73,63,70,76,72,69,74,70,73,CM,3,3,Left,"181cm / 5'11""",71kg / 157lb,"['RM', 'CDM', 'RW']",25,Spain,LaLiga,Espanol,[],,,,,
1389,Dominik Kohr,M,77,74,63,60,69,77,80,74,74,52,58,77,71,45,47,42,64,48,70,64,51,68,67,67,74,70,76,80,70,76,76,82,81,76,77,94,CB,3,2,Right,"183cm / 6'0""",80kg / 176lb,"['CDM', 'CM']",31,Germany,Bundesliga,Mainz,"['Bruiser', 'Intercept', 'Relentless', 'Slide Tackle']",,,,,
1391,Mathias Jensen,M,77,63,65,78,75,70,72,64,63,71,64,63,69,50,69,79,79,68,79,81,72,74,77,77,78,76,78,75,50,73,73,62,64,76,68,77,CM,4,3,Right,"180cm / 5'11""",68kg / 150lb,['CDM'],29,Denmark,Premier League,Brentford,['Long Throw'],,,,,
1392,Mason Mount,M,77,67,76,79,78,62,61,68,66,77,75,79,77,75,69,80,78,82,79,79,82,79,72,72,77,80,79,63,55,58,69,56,63,60,56,73,CAM,4,3,Right,"181cm / 5'11""",74kg / 163lb,"['CM', 'RW']",26,England,Premier League,Man United,[],,,,,
1393,Neil El Aynaoui,M,77,62,63,76,74,73,75,57,66,69,61,64,64,46,79,74,77,53,79,79,66,75,69,52,77,78,75,77,73,69,76,67,83,82,75,64,CM,3,3,Right,"185cm / 6'1""",77kg / 170lb,['CDM'],24,Morocco,Serie A,Roma,"['Aerial Fortress', 'Intercept']",,,,,
1397,Tiago Santos,M,77,83,56,71,77,71,65,85,82,72,48,69,59,52,53,76,67,50,74,72,65,78,77,70,74,76,75,74,46,71,76,77,68,72,60,69,RB,3,3,Right,"175cm / 5'9""",71kg / 157lb,['RM'],23,Portugal,Ligue 1,Lille,[],,,,,
1398,Emerson,M,77,69,63,75,76,74,65,73,66,70,52,80,75,51,55,78,67,80,76,73,81,78,69,75,75,77,77,76,66,74,75,75,71,76,59,67,LB,2,3,Left,"176cm / 5'9""",79kg / 174lb,['LM'],31,Italy,Ligue 1,Marseille,[],,,,,
1399,Nabil Bentaleb,M,77,50,72,77,79,71,73,51,50,65,65,83,78,68,83,65,80,71,83,79,70,80,70,69,74,82,80,73,62,72,74,66,69,64,76,77,CDM,2,4,Left,"187cm / 6'2""",78kg / 172lb,['CM'],31,Algeria,Ligue 1,Lille,"['Aerial Fortress', 'Dead Ball', 'Inventive', 'Long Ball Pass', 'Pinged Pass', 'Power Shot', 'Technical']",,,,,
1400,Martin Dúbravka,M,77,76,76,78,79,38,75,36,42,12,10,59,17,11,20,12,58,13,48,59,15,19,47,60,73,33,59,25,12,19,15,14,60,38,60,28,GK,2,1,Right,"190cm / 6'3""",80kg / 176lb,,36,Slovakia,Premier League,Burnley,"['Cross Claimer', 'Far Throw', 'Footwork']",76.0,76.0,78.0,75.0,79.0
1403,Orel Mangala,M,77,68,58,72,79,72,73,73,64,64,51,66,68,50,42,61,76,50,78,75,65,79,77,80,78,79,78,76,51,76,73,72,69,77,70,78,CDM,3,3,Right,"178cm / 5'10""",80kg / 176lb,['CM'],27,Belgium,Ligue 1,Lyon,[],,,,,
1404,Ibrahim Sangaré,M,77,58,65,72,71,77,79,62,54,68,59,80,62,62,64,66,72,62,76,75,64,74,54,58,75,74,75,78,71,76,78,77,75,66,87,75,CDM,4,3,Right,"191cm / 6'3""",77kg / 170lb,['CM'],27,Côte d'Ivoire,Premier League,Nott'm Forest,"['Bruiser', 'Enforcer', 'Press Proven']",,,,,
1405,Manu Morlanes,M,77,65,65,76,75,72,69,68,63,69,64,66,67,60,68,67,78,70,81,79,68,76,70,73,76,77,73,74,55,73,74,71,67,78,65,69,CM,3,3,Right,"178cm / 5'10""",75kg / 165lb,['CDM'],26,Spain,LaLiga,Mallorca,[],,,,,
1406,Adrien Truffert,M,77,76,57,71,75,73,70,75,76,71,52,69,51,58,54,78,66,53,72,72,66,76,70,75,71,76,68,74,59,71,78,77,71,84,65,67,LB,3,3,Left,"176cm / 5'9""",72kg / 159lb,['LM'],24,France,Premier League,Bournemouth,['Whipped Pass'],,,,,
1411,Adrien Thomasson,M,77,58,73,76,77,65,72,62,54,75,73,75,75,66,68,75,77,70,78,75,74,77,77,79,78,78,77,72,61,61,69,57,68,90,65,69,CM,4,4,Right,"175cm / 5'9""",72kg / 159lb,['CAM'],31,France,Ligue 1,RC Lens,"['Incisive Pass', 'Pinged Pass', 'Relentless']",,,,,
1412,Aimar Oroz,M,77,66,74,74,78,64,65,70,63,77,76,75,72,63,70,65,76,59,81,75,67,80,72,70,75,80,75,73,65,52,70,58,71,78,64,49,CM,3,3,Right,"177cm / 5'10""",72kg / 159lb,"['CAM', 'LM']",23,Spain,LaLiga,Osasuna,[],,,,,
1417,Philipp Köhn,M,77,78,74,69,78,46,75,48,43,7,8,52,7,6,16,11,54,14,35,30,10,23,56,26,74,28,32,12,12,12,13,14,65,28,63,28,GK,2,1,Right,"190cm / 6'3""",80kg / 176lb,,27,Switzerland,Ligue 1,Monaco,['Cross Claimer'],78.0,74.0,69.0,75.0,78.0
1418,Andreas Skov Olsen,M,77,83,78,73,78,39,69,85,81,74,77,80,79,79,68,76,68,72,73,69,84,80,76,76,66,80,72,34,64,39,37,31,79,72,70,62,RW,4,4,Left,"187cm / 6'2""",75kg / 165lb,['RM'],25,Denmark,Bundesliga,Wolfsburg,['Rapid'],,,,,
1419,Sacha Boey,M,77,71,55,66,75,76,77,78,65,68,44,69,66,38,49,69,58,45,73,67,60,74,79,78,77,75,74,79,63,75,79,78,79,74,75,84,RB,3,3,Right,"178cm / 5'10""",76kg / 168lb,,25,France,Bundesliga,Bayern Munich,"['Intercept', 'Jockey', 'Relentless']",,,,,
1421,Yankuba Minteh,M,77,94,67,66,81,55,57,94,94,76,75,67,54,53,57,73,69,38,69,57,66,81,92,80,73,79,70,54,40,58,60,49,60,70,47,63,RM,3,4,Left,"180cm / 5'11""",65kg / 143lb,['RW'],21,Gambia,Premier League,Brighton,"['Quick Step+', 'Rapid']",,,,,
1422,Berke Özer,M,77,77,73,70,79,44,76,40,49,11,11,53,12,10,21,15,48,11,43,34,24,21,31,45,73,29,60,18,10,18,19,24,61,38,61,29,GK,3,1,Right,"190cm / 6'3""",73kg / 161lb,,25,Turkey,Ligue 1,Lille,['Footwork'],77.0,73.0,70.0,76.0,79.0
1423,Charles Vanhoutte,M,77,55,65,76,72,73,78,62,50,66,63,70,68,51,61,76,75,71,78,76,73,71,68,67,77,74,71,76,63,75,74,72,72,85,75,77,CDM,3,2,Right,"182cm / 6'0""",76kg / 168lb,['CM'],27,Belgium,Ligue 1,Nice,"['Aerial Fortress', 'Intercept', 'Slide Tackle']",,,,,
1426,Ché Adams,M,77,82,80,64,77,43,72,80,83,78,81,86,76,74,69,58,66,59,70,56,64,77,80,75,77,78,72,40,66,36,45,40,77,78,68,74,ST,3,3,Right,"175cm / 5'9""",70kg / 154lb,,29,Scotland,Serie A,Torino,"['Gamechanger', 'Power Shot']",,,,,
1427,Hamed Junior Traoré,M,77,78,70,72,80,57,61,80,76,75,71,74,67,66,64,71,73,67,74,70,70,81,79,72,73,82,67,41,64,60,60,61,73,68,58,59,LM,3,3,Right,"177cm / 5'10""",77kg / 170lb,"['CAM', 'LW']",25,Côte d'Ivoire,Ligue 1,Marseille,['Technical'],,,,,
1428,Joshua Zirkzee,M,77,71,76,72,82,41,76,74,68,78,77,76,75,75,77,58,79,66,78,72,68,85,76,61,74,85,79,40,71,40,36,35,86,69,84,60,ST,3,4,Right,"193cm / 6'4""",89kg / 196lb,['CAM'],24,Holland,Premier League,Man United,"['First Touch', 'Technical']",,,,,
1429,Riquelme,M,77,84,73,74,78,50,59,83,85,76,71,77,77,65,55,74,76,56,76,72,73,78,83,81,74,76,76,52,51,50,48,46,66,69,53,59,LM,3,3,Right,"174cm / 5'9""",68kg / 150lb,"['RM', 'LW']",25,Spain,LaLiga,Betis,['Technical'],,,,,
1431,Perr Schuurs,M,77,68,64,71,66,80,68,61,74,44,57,85,70,52,57,66,66,71,76,74,68,66,55,36,70,72,77,79,75,80,82,80,78,50,75,70,CB,3,2,Right,"191cm / 6'3""",85kg / 187lb,,25,Holland,Serie A,Torino,[],,,,,
1434,Ross Barkley,M,77,53,77,78,76,64,68,52,53,76,76,83,79,70,65,73,79,73,80,79,74,79,60,61,76,80,79,63,68,60,68,63,68,63,70,71,CM,5,4,Right,"186cm / 6'1""",76kg / 168lb,['CAM'],31,England,Premier League,Aston Villa,['Power Shot'],,,,,
1435,Moi Gómez,M,77,64,74,79,77,61,61,68,60,78,76,73,75,65,59,79,78,72,80,79,82,77,72,73,78,80,75,72,54,65,60,41,62,78,56,52,CM,5,4,Right,"176cm / 5'9""",73kg / 161lb,"['LM', 'RM', 'LW']",31,Spain,LaLiga,Osasuna,"['Press Proven', 'Tiki Taka']",,,,,
1436,Chris Führich,M,77,84,69,71,83,51,58,87,81,71,70,70,68,63,59,71,70,67,74,65,77,85,88,86,74,81,69,43,54,53,55,50,66,75,49,58,LM,4,4,Right,"181cm / 5'11""",73kg / 161lb,"['LW', 'CAM']",27,Germany,Bundesliga,Stuttgart,"['Low Driven Shot', 'Technical']",,,,,
1439,Diego Conde,M,77,75,75,68,79,43,76,44,41,11,11,51,9,13,21,15,47,20,22,25,22,15,58,38,75,20,43,14,14,14,9,13,64,39,62,21,GK,3,1,Right,"188cm / 6'2""",78kg / 172lb,,27,Spain,LaLiga,Villarreal,['Footwork'],75.0,75.0,68.0,76.0,79.0
1442,Rolando Mandragora,M,77,46,73,76,75,75,70,49,43,67,69,83,83,60,55,70,77,64,82,78,66,76,66,72,74,78,70,76,65,78,76,73,65,79,68,67,CM,3,3,Left,"183cm / 6'0""",75kg / 165lb,['CDM'],28,Italy,Serie A,Fiorentina,['Finesse Shot'],,,,,
1445,Adam Hložek,M,77,78,78,72,77,31,79,78,78,75,77,84,79,73,66,69,76,68,75,68,68,78,69,76,75,78,76,23,72,23,32,23,88,77,83,69,ST,4,3,Right,"188cm / 6'2""",84kg / 185lb,"['RM', 'CAM', 'RW']",23,Czech Republic,Bundesliga,Hoffenheim,['Gamechanger'],,,,,
1446,Dango Ouattara,M,77,85,70,70,78,53,59,87,83,75,74,70,67,50,65,75,72,55,71,65,70,80,75,77,73,77,73,52,70,50,52,45,77,68,57,47,LM,3,4,Left,"177cm / 5'10""",71kg / 157lb,"['RM', 'ST', 'LW']",23,Burkina Faso,Premier League,Brentford,"['Precision Header', 'Quick Step', 'Rapid']",,,,,
1447,Arthur Vermeeren,M,77,70,55,77,79,68,66,75,65,61,48,66,63,38,60,69,81,48,83,79,71,78,79,76,76,81,79,77,54,75,64,59,67,76,61,65,CM,4,3,Right,"180cm / 5'11""",72kg / 159lb,"['CDM', 'CAM']",20,Belgium,Ligue 1,Marseille,"['Anticipate', 'Block']",,,,,
1448,Youssouf Ndayishimiye,M,77,68,49,68,72,77,80,65,71,59,46,60,41,49,57,59,67,59,76,70,58,71,68,64,75,75,73,78,75,77,78,75,83,83,83,70,CB,3,2,Right,"183cm / 6'0""",79kg / 174lb,"['CDM', 'CM']",27,Burundi,Ligue 1,Nice,[],,,,,
1449,Rico Lewis,M,77,76,54,74,79,73,58,78,75,71,53,61,51,30,50,76,76,42,79,74,54,79,84,82,77,78,77,75,58,74,76,74,64,72,47,66,RB,3,3,Right,"170cm / 5'7""",64kg / 141lb,"['LB', 'CM']",21,England,Premier League,Man City,['Block'],,,,,
1453,Omar El Hilali,M,77,85,41,67,69,74,77,85,85,52,35,55,40,30,40,70,66,30,71,69,64,68,73,67,73,71,63,73,72,73,74,77,86,80,73,80,RB,3,3,Right,"183cm / 6'0""",75kg / 165lb,"['CB', 'RM']",22,Morocco,LaLiga,Espanol,[],,,,,
1455,Guéla Doué,M,77,72,47,70,72,74,78,65,77,61,41,62,44,41,45,71,68,32,76,72,59,72,65,61,77,76,75,76,73,72,76,75,81,76,79,75,RB,3,3,Right,"187cm / 6'2""",84kg / 185lb,"['CB', 'RM']",23,Côte d'Ivoire,Ligue 1,Strasbourg,[],,,,,
1456,Franco Mastantuono,M,77,74,71,75,80,50,63,78,71,76,70,72,71,65,70,73,78,74,77,72,74,81,82,80,74,80,78,53,47,49,51,49,64,72,58,64,CAM,3,3,Left,"177cm / 5'10""",71kg / 157lb,"['RW', 'ST']",18,Argentina,LaLiga,Real Madrid,['Dead Ball'],,,,,
1458,Kevin Kampl,M,77,66,66,79,81,64,56,72,61,70,62,72,68,68,64,72,78,75,85,79,79,80,86,82,80,81,79,76,34,70,60,62,50,69,47,66,CM,4,3,Right,"178cm / 5'10""",76kg / 168lb,['CDM'],35,Slovenia,Bundesliga,RB Leipzig,"['Slide Tackle', 'Tiki Taka']",,,,,
1460,Emile Smith Rowe,M,77,72,72,75,80,52,61,76,69,77,74,72,71,60,64,75,77,58,79,72,74,82,79,73,75,79,78,47,58,52,57,40,71,68,61,52,CAM,4,4,Right,"182cm / 6'0""",73kg / 161lb,"['CM', 'LM']",25,England,Premier League,Fulham,"['Finesse Shot', 'Technical']",,,,,
1461,Pathé Ciss,M,77,63,57,64,65,76,87,64,62,64,55,73,54,32,40,52,65,30,75,74,40,62,60,58,76,72,65,76,80,75,76,74,88,87,88,84,CDM,3,2,Right,"186cm / 6'1""",71kg / 157lb,"['CM', 'CB']",31,Senegal,LaLiga,Vallecano,"['Aerial Fortress', 'Bruiser', 'Jockey']",,,,,
1462,Altimira,M,77,60,63,70,72,75,72,54,65,69,65,66,63,44,46,53,76,44,78,76,60,72,65,53,76,77,74,76,67,76,76,74,70,75,74,65,CDM,3,3,Right,"188cm / 6'2""",80kg / 176lb,['CM'],24,Spain,LaLiga,Betis,[],,,,,
1463,Timo Werner,M,77,91,74,68,77,35,66,94,89,79,72,80,71,74,77,68,68,58,74,55,70,79,78,76,73,76,72,37,72,39,20,24,85,70,64,63,LW,4,3,Right,"180cm / 5'11""",76kg / 168lb,"['ST', 'LM']",29,Germany,Bundesliga,RB Leipzig,"['Quick Step', 'Rapid']",,,,,
1464,Benedict Hollerbach,M,77,85,76,66,79,28,77,87,84,79,79,78,72,71,65,64,68,48,74,61,47,80,83,81,77,78,73,25,64,24,24,22,82,92,71,74,ST,4,3,Right,"180cm / 5'11""",83kg / 183lb,"['CAM', 'LM']",24,Germany,Bundesliga,Mainz,"['Quick Step', 'Rapid', 'Relentless']",,,,,
1465,Jeffrey Gouweleeuw,M,77,67,58,66,64,79,76,65,68,61,46,72,76,49,44,60,71,54,68,75,45,60,65,64,76,66,74,79,77,80,80,74,90,70,78,77,CB,2,2,Right,"188cm / 6'2""",83kg / 183lb,,34,Holland,Bundesliga,Augsburg,"['Intercept', 'Long Ball Pass']",,,,,
1466,Raúl Jiménez,M,77,57,79,74,75,46,79,61,54,80,79,82,72,75,89,70,74,72,77,73,76,75,67,59,79,78,76,52,78,43,38,30,85,67,85,79,ST,3,3,Right,"190cm / 6'3""",81kg / 179lb,,34,Mexico,Premier League,Fulham,"['Acrobatic', 'Enforcer', 'Gamechanger']",,,,,
1467,Moses Simon,M,77,89,71,70,82,36,62,90,89,74,68,75,73,75,75,78,70,58,71,62,73,83,90,92,70,78,73,34,46,30,42,33,71,73,66,38,LM,4,4,Right,"168cm / 5'6""",69kg / 152lb,"['LW', 'ST']",30,Nigeria,Ligue 1,Paris FC,"['Dead Ball', 'Gamechanger', 'Quick Step', 'Rapid']",,,,,
1468,Gorosabel,M,77,78,48,70,73,74,67,77,78,67,41,52,58,39,38,75,67,39,75,70,63,73,69,76,76,75,68,75,70,73,76,74,77,70,66,65,RB,2,2,Right,"174cm / 5'9""",70kg / 154lb,['RM'],29,Spain,LaLiga,Ath Bilbao,['Jockey'],,,,,
1470,Alejandro Garnacho,M,77,86,77,72,80,37,58,88,84,78,77,78,79,79,56,75,73,61,74,66,75,80,87,88,77,79,71,40,44,36,37,29,59,77,45,66,CAM,4,3,Right,"180cm / 5'11""",72kg / 159lb,"['LW', 'LM', 'CM']",21,Argentina,Premier League,Chelsea,"['Acrobatic', 'Finesse Shot', 'Quick Step', 'Technical']",,,,,
1472,Luiz Júnior,M,77,77,77,71,77,30,77,29,31,8,9,53,5,6,14,13,52,14,24,26,13,10,31,25,75,18,40,14,13,6,10,12,63,22,72,24,GK,3,1,Right,"194cm / 6'4""",88kg / 194lb,,24,Brazil,LaLiga,Villarreal,"['Cross Claimer', 'Deflector', 'Far Throw']",77.0,77.0,71.0,77.0,77.0
1473,Kenny Tete,M,77,73,47,67,69,76,76,74,72,61,42,64,41,36,46,76,58,41,72,68,61,68,72,70,76,70,66,78,73,75,77,77,82,74,75,79,RB,2,2,Right,"180cm / 5'11""",71kg / 157lb,['RM'],30,Holland,Premier League,Fulham,['Long Throw'],,,,,
1474,Radosław Majecki,M,77,77,75,71,78,31,76,29,34,11,19,53,16,19,13,12,41,13,29,15,10,27,39,29,74,28,43,23,12,8,24,25,58,23,61,41,GK,3,1,Right,"193cm / 6'4""",78kg / 172lb,,26,Poland,Ligue 1,Brest,[],77.0,75.0,71.0,76.0,78.0
1475,Abdul Mumin,M,77,76,49,61,69,77,76,75,77,43,44,66,53,33,35,47,54,39,72,70,60,68,62,65,76,72,65,77,72,79,78,77,83,71,76,82,CB,4,3,Right,"188cm / 6'2""",75kg / 165lb,,27,Ghana,LaLiga,Vallecano,['Slide Tackle'],,,,,
1476,Marco Friedl,M,77,75,44,64,69,79,77,67,82,56,39,48,45,47,45,63,54,42,70,75,45,68,65,62,76,71,73,78,71,80,79,81,80,75,77,79,CB,2,2,Left,"187cm / 6'2""",82kg / 181lb,,27,Austria,Bundesliga,Werder Bremen,"['Intercept', 'Jockey', 'Long Ball Pass', 'Slide Tackle']",,,,,
1480,Christoph Baumgartner,M,77,74,72,72,79,47,63,81,68,77,72,75,67,72,65,63,77,52,77,75,66,79,82,79,78,78,74,38,70,34,56,51,74,75,55,65,CAM,3,4,Right,"180cm / 5'11""",77kg / 170lb,"['ST', 'CM']",26,Austria,Bundesliga,RB Leipzig,"['First Touch', 'Technical']",,,,,
1481,Cheick Doucouré,M,77,61,55,69,74,74,74,58,63,63,53,59,56,44,52,54,72,47,78,76,59,75,66,70,73,77,75,78,58,72,77,79,68,69,74,80,CDM,3,3,Right,"180cm / 5'11""",73kg / 161lb,['CM'],25,Mali,Premier League,Crystal Palace,"['Anticipate', 'Press Proven', 'Slide Tackle']",,,,,
1482,Jon Mikel Aramburu,M,77,69,48,70,72,76,72,71,67,70,45,53,44,35,60,72,63,55,76,72,63,72,67,70,77,74,69,78,65,78,74,78,73,76,68,79,RB,3,2,Right,"176cm / 5'9""",71kg / 157lb,['RM'],23,Venezuela,LaLiga,Sociedad,[],,,,,
1484,Daley Blind,M,77,36,62,85,76,80,67,34,37,68,56,74,64,66,54,85,86,62,86,86,84,75,66,71,78,82,79,79,76,79,82,82,70,53,72,69,CB,3,3,Left,"180cm / 5'11""",72kg / 159lb,['LB'],35,Holland,LaLiga,Girona,['Long Ball Pass'],,,,,
1486,Jaka Bijol,M,77,64,59,65,62,77,79,63,64,53,57,71,53,55,53,50,66,47,75,74,47,60,53,52,74,67,70,78,80,79,75,74,85,79,81,74,CB,3,2,Right,"190cm / 6'3""",85kg / 187lb,,26,Slovenia,Premier League,Leicester,"['Aerial Fortress', 'Intercept', 'Long Ball Pass']",,,,,
1488,Nathaniel Brown,M,77,83,53,71,77,71,51,87,79,69,55,61,47,36,33,74,67,56,77,64,70,76,85,82,73,77,67,69,43,73,76,80,53,80,35,54,LB,3,4,Left,"180cm / 5'11""",64kg / 141lb,['LM'],22,Germany,Bundesliga,Ein Frankfurt,"['Anticipate', 'Inventive', 'Slide Tackle']",,,,,
1490,Ryan Yates,M,77,50,62,68,67,76,82,50,50,67,60,70,60,50,55,60,67,49,75,70,66,67,55,54,77,72,71,76,74,75,76,78,76,83,79,88,CDM,3,2,Right,"190cm / 6'3""",87kg / 192lb,['CM'],28,England,Premier League,Nott'm Forest,['Aerial Fortress'],,,,,
1492,Cédric Bakambu,M,77,78,78,68,72,40,68,77,78,84,78,82,73,77,78,70,67,57,72,62,67,72,75,68,70,72,69,43,78,36,34,29,84,65,70,62,ST,3,3,Right,"182cm / 6'0""",73kg / 161lb,,34,Congo DR,LaLiga,Betis,[],,,,,
1493,Will Hughes,M,77,51,62,76,75,73,67,54,48,66,62,64,60,63,66,74,78,66,79,75,77,75,67,70,78,77,77,78,58,69,77,75,61,69,60,84,CDM,3,3,Left,"185cm / 6'1""",74kg / 163lb,['CM'],30,England,Premier League,Crystal Palace,[],,,,,
1495,Nikola Vasilj,M,77,77,72,65,79,34,77,36,30,8,9,49,7,6,16,10,44,11,40,38,14,12,40,23,75,22,55,15,12,13,10,14,65,21,72,30,GK,3,1,Right,"193cm / 6'4""",86kg / 190lb,,29,Bosnia and Herzegovina,Bundesliga,St Pauli,['Footwork'],77.0,72.0,65.0,77.0,79.0
1497,Mathys Tel,M,77,86,80,67,78,29,64,85,87,77,79,88,77,76,81,67,71,56,68,64,68,81,79,77,69,77,74,18,70,22,27,32,80,67,67,48,ST,4,4,Right,"183cm / 6'0""",77kg / 170lb,"['LW', 'CAM']",20,France,Premier League,Tottenham,['Finesse Shot'],,,,,
1499,Cristhian Stuani,M,77,61,79,69,70,48,76,58,64,83,79,80,75,75,90,68,70,57,73,65,66,70,62,59,74,73,78,36,81,45,49,42,87,51,87,77,ST,3,4,Right,"186cm / 6'1""",76kg / 168lb,,39,Uruguay,LaLiga,Girona,[],,,,,
1500,James Ward-Prowse,M,77,42,74,83,74,66,64,46,39,69,72,81,75,68,79,89,79,94,80,81,92,72,68,74,77,78,78,65,59,64,71,63,54,86,50,75,CM,3,3,Right,"173cm / 5'8""",66kg / 146lb,"['CDM', 'CAM', 'CB']",31,England,Premier League,West Ham,"['Dead Ball+', 'Pinged Pass', 'Whipped Pass']",,,,,
1504,Endrick,M,77,87,77,62,78,30,68,88,86,76,78,79,74,74,68,48,66,71,68,59,66,78,85,78,77,77,74,20,70,24,30,31,84,68,71,55,ST,3,4,Left,"173cm / 5'8""",66kg / 146lb,['RW'],19,Brazil,LaLiga,Real Madrid,"['Gamechanger', 'Power Shot', 'Quick Step', 'Rapid']",,,,,
1505,Michy Batshuayi,M,77,74,78,64,75,36,74,73,75,79,79,85,71,77,72,65,64,60,69,48,67,75,75,73,76,75,77,29,72,37,31,22,85,62,81,70,ST,5,3,Right,"185cm / 6'1""",80kg / 176lb,,32,Belgium,Bundesliga,Ein Frankfurt,"['Acrobatic', 'Gamechanger']",,,,,
1506,Enes Ünal,M,77,66,79,68,75,40,73,65,66,77,79,81,77,77,79,58,70,80,73,60,73,77,63,64,76,77,75,29,79,34,43,34,83,61,77,77,ST,4,3,Right,"187cm / 6'2""",78kg / 172lb,,28,Turkey,Premier League,Bournemouth,"['Dead Ball', 'Power Shot']",,,,,
1509,Moussa Niakhaté,M,77,68,48,63,64,77,80,55,78,49,49,49,38,39,74,63,59,36,72,65,41,65,50,51,76,64,75,76,75,76,79,77,73,75,83,80,CB,3,2,Left,"190cm / 6'3""",85kg / 187lb,,29,Senegal,Ligue 1,Lyon,['Long Throw'],,,,,
1510,Barrenetxea,M,77,81,72,72,78,29,68,81,81,76,75,75,67,66,59,76,75,43,75,66,68,77,85,82,76,77,75,27,58,33,23,14,74,74,66,62,LM,4,3,Right,"175cm / 5'9""",74kg / 163lb,['LW'],23,Spain,LaLiga,Sociedad,['Technical'],,,,,
1511,Abdukodir Khusanov,M,77,85,39,59,64,77,76,78,90,44,34,49,36,37,46,47,58,40,69,64,48,61,59,51,75,69,69,77,73,76,78,76,86,64,79,79,CB,3,2,Right,"186cm / 6'1""",84kg / 185lb,,21,Uzbekistan,Premier League,Man City,"['Bruiser', 'Jockey']",,,,,
1512,Ludovic Ajorque,M,77,63,76,62,68,46,84,52,72,81,79,78,68,79,69,50,74,51,69,48,57,69,47,31,78,76,82,39,79,43,45,35,78,67,94,82,ST,3,3,Left,"196cm / 6'5""",93kg / 205lb,,31,France,Ligue 1,Brest,"['Aerial Fortress', 'Bruiser', 'Enforcer', 'Finesse Shot', 'Precision Header']",,,,,
1513,Robin Hack,M,77,78,76,71,80,33,61,84,73,78,78,77,75,71,58,71,68,73,74,64,77,80,87,85,72,80,68,29,49,33,31,29,67,85,58,38,LM,4,4,Right,"178cm / 5'10""",72kg / 159lb,"['LW', 'ST']",27,Germany,Bundesliga,M'gladbach,"['Chip Shot', 'Finesse Shot', 'Gamechanger', 'Low Driven Shot', 'Pinged Pass', 'Technical']",,,,,
1514,Abdessamad Ezzalzouli,M,77,87,69,70,81,29,63,87,87,73,70,73,70,60,53,72,72,49,72,65,66,84,83,78,73,80,70,18,50,25,32,28,69,70,57,68,LM,3,4,Right,"177cm / 5'10""",72kg / 159lb,['LW'],23,Morocco,LaLiga,Betis,"['Gamechanger', 'Inventive', 'Technical']",,,,,
1515,Pavel Šulc,M,77,71,73,74,77,39,64,72,70,80,78,66,72,70,60,74,77,55,77,74,62,78,76,76,77,77,78,32,57,35,40,45,64,85,54,62,CAM,3,4,Right,"175cm / 5'9""",67kg / 148lb,"['LM', 'RM', 'CM']",24,Czech Republic,Ligue 1,Lyon,['Technical'],,,,,
1517,Dakonam Djené,M,77,66,43,67,67,77,77,68,64,61,29,68,49,22,41,60,61,48,76,72,51,62,66,70,77,72,74,78,73,77,78,75,81,73,76,83,CB,4,2,Right,"178cm / 5'10""",72kg / 159lb,"['RB', 'CDM']",33,Togo,LaLiga,Getafe CF,"['Long Throw', 'Slide Tackle']",,,,,
1518,Umar Sadiq,M,77,82,76,62,71,30,76,79,85,75,76,81,72,67,72,54,63,49,72,53,62,74,66,42,73,74,67,19,76,37,20,19,93,74,89,42,ST,3,3,Right,"192cm / 6'4""",78kg / 172lb,['CAM'],28,Nigeria,LaLiga,Sociedad,"['Quick Step', 'Rapid']",,,,,
1519,Manor Solomon,M,77,83,73,73,80,43,45,84,83,74,75,75,71,63,58,73,72,72,75,69,79,82,84,82,71,77,78,35,38,50,47,35,52,66,40,30,LM,4,4,Right,"170cm / 5'7""",65kg / 143lb,['LW'],26,Israel,LaLiga,Villarreal,['Technical'],,,,,
1521,Igor Jesus,M,77,70,77,63,72,36,77,68,71,79,77,80,72,77,76,53,70,49,73,49,63,72,61,57,78,77,75,29,79,31,35,24,85,72,80,74,ST,3,3,Right,"179cm / 5'10""",75kg / 165lb,,24,Brazil,Premier League,Nott'm Forest,"['Enforcer', 'Precision Header']",,,,,
1522,Nemanja Matić,M,77,33,66,74,73,76,73,34,33,61,59,83,67,71,64,68,73,63,79,78,70,75,47,49,79,78,85,78,70,79,76,69,69,54,82,77,CDM,3,3,Left,"194cm / 6'4""",85kg / 187lb,['CM'],37,Serbia,Serie A,Empoli,"['Aerial Fortress', 'Bruiser', 'Long Ball Pass', 'Press Proven']",,,,,
1523,Borja Mayoral,M,77,65,79,71,75,39,66,61,68,79,80,80,75,73,81,64,70,69,76,67,72,75,69,72,74,77,77,37,83,40,29,24,82,64,71,52,ST,4,3,Right,"182cm / 6'0""",74kg / 163lb,,28,Spain,LaLiga,Getafe CF,['Precision Header'],,,,,
1524,Brian Brobbey,M,77,84,73,56,72,30,80,82,85,82,75,79,66,66,62,36,55,44,73,53,49,68,65,87,78,77,78,26,71,28,23,24,93,61,93,70,ST,4,3,Right,"180cm / 5'11""",78kg / 172lb,,23,Holland,Premier League,Sunderland,['Enforcer'],,,,,
1525,Andrea Belotti,M,77,68,76,58,74,38,80,66,70,84,78,79,66,78,74,42,61,56,68,48,64,74,72,70,79,74,81,31,83,44,23,32,88,72,81,83,ST,4,2,Right,"181cm / 5'11""",84kg / 185lb,,31,Italy,Serie A,Cagliari,['Precision Header'],,,,,
1526,Guido Rodríguez,M,77,45,58,70,69,77,75,47,43,68,43,80,69,47,53,59,73,62,77,75,55,72,47,45,77,75,71,76,74,77,79,78,74,67,76,84,CDM,4,2,Right,"185cm / 6'1""",80kg / 176lb,['CM'],31,Argentina,Premier League,West Ham,"['Anticipate', 'Bruiser', 'Slide Tackle']",,,,,
1530,Thierno Barry,M,77,80,75,65,75,25,73,77,82,77,78,78,68,72,70,55,69,46,76,51,68,75,78,61,75,76,74,14,74,25,18,19,86,66,79,61,ST,4,3,Right,"195cm / 6'5""",82kg / 181lb,,23,France,Premier League,Everton,['Enforcer'],,,,,
1535,Asencio,M,77,74,37,55,71,78,76,73,74,23,35,54,24,45,51,28,33,25,79,79,33,71,60,74,75,74,60,76,78,78,78,77,85,71,74,83,CB,3,2,Right,"184cm / 6'0""",79kg / 174lb,"['RB', 'RM']",22,Spain,LaLiga,Real Madrid,[],,,,,
1538,Nico Elvedi,M,77,70,39,63,65,78,76,68,71,53,30,50,45,30,37,65,60,29,71,61,45,62,64,55,73,68,70,78,77,78,79,76,84,70,79,72,CB,3,2,Right,"189cm / 6'2""",84kg / 185lb,,29,Switzerland,Bundesliga,M'gladbach,"['Intercept', 'Slide Tackle']",,,,,
1539,Sepp van den Berg,M,77,72,36,63,66,78,76,66,77,52,29,51,31,31,40,61,62,26,72,67,38,64,64,52,76,69,74,76,83,78,80,72,87,69,79,73,CB,3,2,Right,"192cm / 6'4""",87kg / 192lb,['RB'],23,Holland,Premier League,Brentford,['Block'],,,,,
1540,Folarin Balogun,M,77,84,77,62,77,23,68,82,85,78,79,79,72,77,71,58,62,52,69,57,59,78,76,76,76,77,77,18,75,18,15,16,86,65,73,56,ST,4,3,Right,"178cm / 5'10""",66kg / 146lb,['CAM'],24,United States,Ligue 1,Monaco,['Acrobatic'],,,,,
1541,Mosquera,M,77,74,46,60,56,78,76,73,74,28,39,65,49,29,49,44,58,28,73,70,33,40,68,69,75,67,69,77,77,77,80,76,85,79,74,77,CB,3,2,Right,"188cm / 6'2""",79kg / 174lb,,21,Spain,Premier League,Arsenal,['Intercept'],,,,,
1543,Axel Witsel,M,77,31,63,76,74,79,66,30,31,69,62,64,57,75,76,68,75,64,81,79,71,75,51,67,78,78,83,80,78,81,78,74,73,35,80,70,CB,4,3,Right,"186cm / 6'1""",81kg / 179lb,,36,Belgium,LaLiga,Girona,['Bruiser'],,,,,
1544,Konstantinos Koulierakis,M,77,69,44,56,64,77,79,71,68,45,24,75,60,34,44,42,41,38,70,70,52,62,52,62,73,70,66,78,75,77,77,77,84,76,78,82,CB,2,2,Left,"185cm / 6'1""",78kg / 172lb,,21,Greece,Bundesliga,Wolfsburg,['Jockey'],,,,,
1545,Maximilian Kilman,M,77,60,42,66,64,77,79,53,65,46,36,51,43,36,48,54,65,39,75,76,45,65,50,34,78,70,72,77,68,78,79,78,75,72,85,73,CB,4,2,Left,"194cm / 6'4""",89kg / 196lb,,28,England,Premier League,West Ham,"['Aerial Fortress', 'Block', 'Intercept', 'Long Ball Pass']",,,,,
1551,David López,M,77,40,60,71,64,77,72,36,43,60,53,75,62,55,50,55,74,45,81,80,50,64,34,54,77,74,70,77,80,77,77,77,75,52,79,80,CB,3,2,Right,"185cm / 6'1""",81kg / 179lb,['CDM'],36,Spain,LaLiga,Girona,['Slide Tackle'],,,,,
1552,Pedro,M,77,64,74,75,85,36,49,73,56,82,75,73,76,70,66,67,83,57,78,71,82,84,88,92,79,85,80,42,39,41,29,26,48,60,41,53,RM,5,4,Right,"169cm / 5'7""",64kg / 141lb,"['LM', 'RW']",38,Spain,Serie A,Lazio,"['First Touch', 'Gamechanger', 'Incisive Pass', 'Inventive', 'Technical', 'Tiki Taka']",,,,,
1554,Martin Valjent,M,77,62,36,59,65,78,83,66,59,52,25,49,47,40,26,39,53,30,75,67,54,62,69,61,68,69,60,70,77,79,81,79,86,82,85,79,CB,2,2,Right,"187cm / 6'2""",70kg / 154lb,,29,Slovakia,LaLiga,Mallorca,[],,,,,
1555,Jonathan Gradit,M,77,66,29,63,69,77,79,66,66,54,19,48,27,25,36,63,60,28,74,59,44,68,64,68,77,71,75,77,74,77,79,78,81,77,79,80,CB,3,2,Right,"180cm / 5'11""",75kg / 165lb,,33,France,Ligue 1,RC Lens,"['Aerial Fortress', 'Anticipate']",,,,,
1557,Bryan Zaragoza,M,77,82,72,72,82,30,44,85,79,70,72,78,67,70,70,80,62,67,76,69,68,84,91,92,67,80,58,23,42,25,32,38,52,61,33,49,LM,4,4,Right,"164cm / 5'5""",60kg / 132lb,"['LW', 'RM']",24,Spain,LaLiga,Celta,['Technical'],,,,,
1558,Logan Costa,M,77,60,40,59,67,77,78,59,60,28,38,59,33,27,39,55,40,31,75,68,48,68,56,55,74,70,75,75,79,77,78,77,82,75,79,77,CB,3,2,Right,"190cm / 6'3""",85kg / 187lb,,24,Cape Verde Islands,LaLiga,Villarreal,['Long Ball Pass'],,,,,
1560,Axel Disasi,M,77,56,48,60,58,77,79,50,60,47,43,70,40,45,43,48,55,30,72,66,48,55,43,40,75,66,74,76,80,76,77,75,83,63,88,76,CB,2,2,Right,"190cm / 6'3""",86kg / 190lb,"['RB', 'RM']",27,France,Premier League,Chelsea,"['Aerial Fortress', 'Block', 'Bruiser', 'Slide Tackle']",,,,,
1562,Samuel Gigot,M,77,62,38,62,60,77,77,59,65,54,35,44,33,30,45,61,55,33,71,67,37,56,57,55,77,65,67,80,74,74,78,77,79,64,80,86,CB,3,2,Right,"187cm / 6'2""",83kg / 183lb,,32,France,Serie A,Lazio,['Precision Header'],,,,,
1563,Aritz Elustondo,M,77,62,39,63,60,76,76,55,67,38,35,44,42,37,43,72,32,41,78,65,53,48,56,56,77,76,75,77,78,75,77,76,80,69,77,83,CB,3,2,Right,"180cm / 5'11""",71kg / 157lb,['RB'],31,Spain,LaLiga,Sociedad,['Jockey'],,,,,
1564,Lewis Dunk,M,77,37,52,66,64,78,78,33,41,30,42,72,67,42,40,41,67,69,76,76,60,65,34,38,75,71,79,77,79,78,78,77,76,62,84,83,CB,2,2,Right,"192cm / 6'4""",88kg / 194lb,,34,England,Premier League,Brighton,"['Long Ball Pass', 'Pinged Pass', 'Precision Header']",,,,,
1566,Chrislain Matsima,M,77,75,34,52,57,77,78,64,84,44,29,54,24,24,43,38,51,23,66,54,31,54,45,44,77,63,74,76,78,80,78,70,85,72,82,76,CB,3,2,Right,"193cm / 6'4""",80kg / 176lb,,23,France,Bundesliga,Augsburg,[],,,,,
1567,Ethan Pinnock,M,77,60,36,56,61,78,79,54,65,39,31,52,31,33,44,42,58,37,64,65,40,60,48,53,77,64,71,79,77,78,78,77,82,65,85,80,CB,3,2,Left,"194cm / 6'4""",79kg / 174lb,,32,Jamaica,Premier League,Brentford,"['Aerial Fortress', 'Anticipate', 'Long Throw', 'Precision Header']",,,,,
1568,Chris Richards,M,77,66,27,58,62,78,77,64,67,38,23,36,22,26,37,44,55,24,70,65,45,59,60,58,76,64,61,78,76,77,78,79,83,71,80,74,CB,3,2,Right,"188cm / 6'2""",87kg / 192lb,,25,United States,Premier League,Crystal Palace,[],,,,,
1569,Brendan Chardonnet,M,77,46,46,54,60,79,76,47,46,50,46,49,35,42,70,45,38,35,69,62,38,52,55,70,79,68,73,80,78,78,79,77,79,67,82,71,CB,3,2,Right,"181cm / 5'11""",74kg / 163lb,,30,France,Ligue 1,Brest,"['Aerial Fortress', 'Block', 'Intercept']",,,,,
1570,Marash Kumbulla,M,77,58,34,55,60,78,75,54,62,40,26,56,31,36,30,45,55,26,65,62,35,56,52,58,78,64,63,79,78,78,79,77,79,67,77,80,CB,3,2,Right,"191cm / 6'3""",78kg / 172lb,,25,Albania,LaLiga,Mallorca,['Slide Tackle'],,,,,
1571,Giorgio Scalvini,M,77,55,35,57,61,80,71,56,55,28,23,57,39,39,35,38,61,22,72,62,35,56,48,42,77,70,72,81,73,79,82,80,74,61,71,81,CB,3,2,Right,"194cm / 6'4""",75kg / 165lb,,21,Italy,Serie A,Bergamo Calcio,"['Anticipate', 'Block', 'Bruiser', 'Intercept']",,,,,
1574,Yerry Mina,M,77,34,50,52,55,77,84,33,34,45,44,65,45,40,69,43,47,32,64,56,39,56,35,30,69,60,73,74,79,79,79,73,78,68,91,90,CB,3,2,Right,"195cm / 6'5""",99kg / 218lb,,31,Colombia,Serie A,Cagliari,"['Aerial Fortress', 'Anticipate', 'Block', 'Bruiser']",,,,,
1578,Djibril Sow,M,76,78,69,73,76,74,78,75,81,74,69,71,69,66,58,70,73,62,77,76,68,73,74,73,77,80,80,77,62,75,76,74,70,87,74,77,CM,4,3,Right,"184cm / 6'0""",76kg / 168lb,['CDM'],28,Switzerland,LaLiga,Sevilla,['Relentless'],,,,,
1579,Deiver Machado,M,76,84,69,71,76,71,76,83,84,72,66,80,68,61,57,75,71,61,74,63,64,76,76,79,75,75,74,71,66,70,73,72,83,74,76,75,LB,3,2,Left,"180cm / 5'11""",75kg / 165lb,['LM'],32,Colombia,Ligue 1,RC Lens,"['Anticipate', 'Block']",,,,,
1590,Joe Willock,M,76,75,72,73,79,72,68,74,75,75,74,76,67,66,62,67,79,46,78,74,70,81,79,67,75,78,76,76,70,70,75,63,75,71,65,70,CM,3,3,Right,"186cm / 6'1""",71kg / 157lb,['CAM'],26,England,Premier League,Newcastle,['Finesse Shot'],,,,,
1591,Juan Cuadrado,M,76,77,72,76,78,74,61,78,76,73,68,77,76,70,65,77,74,74,78,72,78,79,79,75,71,79,73,71,69,71,78,81,73,57,57,75,RM,3,5,Right,"179cm / 5'10""",72kg / 159lb,"['RB', 'RW']",37,Colombia,Serie A,Pisa,"['First Touch', 'Rapid', 'Trickster']",,,,,
1594,Sivera,M,76,76,74,77,78,57,75,58,55,16,15,58,12,16,24,22,48,12,34,33,26,14,61,53,69,26,53,24,14,13,17,12,69,42,63,25,GK,3,1,Right,"185cm / 6'1""",79kg / 174lb,,29,Spain,LaLiga,Alaves,"['Cross Claimer', 'Footwork']",76.0,74.0,77.0,75.0,78.0
1598,Thomas Meunier,M,76,63,74,72,71,75,81,60,66,74,70,80,77,76,65,80,73,56,67,75,76,75,62,46,73,72,74,75,80,72,74,77,85,78,84,76,RB,4,3,Right,"191cm / 6'3""",90kg / 198lb,['RM'],34,Belgium,Ligue 1,Lille,[],,,,,
1602,Ruslan Malinovskyi,M,76,66,78,79,76,63,73,68,65,76,74,84,84,70,84,79,78,86,78,76,85,78,68,72,74,78,74,66,73,55,69,50,79,68,74,76,CM,4,4,Left,"181cm / 5'11""",79kg / 174lb,"['CAM', 'CDM']",32,Ukraine,Serie A,Genoa,['Power Shot'],,,,,
1603,Ali Abdi,M,76,86,62,70,73,69,75,83,89,70,63,67,62,49,41,74,66,44,76,65,69,72,76,68,70,75,71,68,69,68,70,70,82,89,71,67,LB,3,3,Left,"183cm / 6'0""",73kg / 161lb,['LM'],31,Tunisia,Ligue 1,Nice,"['Anticipate', 'Long Throw', 'Relentless', 'Whipped Pass']",,,,,
1605,Renato Veiga,M,76,73,60,73,72,75,82,67,77,63,50,72,70,68,60,68,70,72,77,75,70,72,70,59,73,74,72,73,70,74,77,76,80,80,82,84,CB,3,2,Left,"190cm / 6'3""",88kg / 194lb,['CDM'],22,Portugal,LaLiga,Villarreal,['Block'],,,,,
1606,Chrisantus Uche,M,76,68,73,69,73,68,83,66,70,78,74,79,68,70,59,51,76,49,77,73,66,75,67,53,76,77,68,71,79,62,68,65,88,83,86,76,ST,3,3,Right,"190cm / 6'3""",80kg / 176lb,"['CAM', 'CM']",22,Nigeria,Premier League,Crystal Palace,"['Enforcer', 'Press Proven', 'Relentless']",,,,,
1607,Anthony Lopes,M,76,78,72,65,79,65,75,65,64,9,18,49,18,13,16,19,48,14,32,31,15,15,67,62,75,21,65,25,16,13,15,13,76,36,73,45,GK,2,1,Left,"184cm / 6'0""",81kg / 179lb,,35,Portugal,Ligue 1,Nantes,['Footwork'],78.0,72.0,65.0,75.0,79.0
1609,Hans Hateboer,M,76,76,63,71,75,75,74,77,76,74,63,72,58,58,47,76,71,36,75,72,57,75,66,74,75,77,74,72,77,74,77,75,87,68,75,76,CB,3,3,Right,"187cm / 6'2""",72kg / 159lb,['RB'],31,Holland,Ligue 1,Rennes,"['Jockey', 'Long Throw']",,,,,
1610,Unai López,M,76,68,72,77,78,69,70,68,68,73,73,76,72,55,54,75,76,79,80,76,75,75,84,88,75,78,76,74,51,72,70,63,64,78,63,78,CM,3,3,Right,"170cm / 5'7""",68kg / 150lb,['CDM'],30,Spain,LaLiga,Vallecano,['Press Proven'],,,,,
1611,Suat Serdar,M,76,67,71,72,78,73,73,66,68,70,70,75,74,65,53,62,76,57,77,75,71,79,72,76,76,78,80,74,70,71,74,73,72,75,68,82,CM,4,4,Right,"184cm / 6'0""",75kg / 165lb,['CDM'],28,Germany,Serie A,Verona,[],,,,,
1612,Nicolò Zaniolo,M,76,74,75,73,75,60,77,72,76,79,73,84,76,64,60,72,76,60,75,71,74,75,66,63,79,78,74,62,64,54,63,58,72,65,80,87,RM,2,4,Left,"190cm / 6'3""",79kg / 174lb,"['RW', 'ST']",26,Italy,Serie A,Udinese,"['Gamechanger', 'Power Shot', 'Rapid']",,,,,
1614,Javi Muñoz,M,76,72,65,74,74,70,78,71,72,74,65,67,69,48,48,68,76,52,78,76,73,74,70,74,68,76,69,74,46,72,74,71,68,90,75,75,CM,4,3,Right,"177cm / 5'10""",69kg / 152lb,"['CAM', 'CDM']",30,Spain,LaLiga,Getafe CF,[],,,,,
1617,Morgan Sanson,M,76,62,73,77,76,70,74,67,57,74,71,79,72,72,68,74,78,68,78,78,76,76,74,69,76,77,77,71,65,68,74,71,74,79,72,73,CM,4,4,Right,"180cm / 5'11""",73kg / 161lb,['CAM'],31,France,Ligue 1,Nice,['Press Proven'],,,,,
1619,Mattias Svanberg,M,76,73,70,74,76,66,73,77,70,75,68,74,76,55,57,68,76,63,78,75,70,76,74,67,77,79,75,72,32,70,70,63,65,76,75,67,CM,3,3,Right,"185cm / 6'1""",75kg / 165lb,['CDM'],26,Sweden,Bundesliga,Wolfsburg,['Acrobatic'],,,,,
1620,Marshall Munetsi,M,76,67,69,71,72,74,79,63,70,75,68,77,73,54,43,59,75,48,77,76,61,75,54,55,76,76,74,75,78,72,75,70,83,89,77,69,CM,3,3,Right,"188cm / 6'2""",83kg / 183lb,"['CAM', 'RW']",29,Zimbabwe,Premier League,Wolves,['Relentless'],,,,,
1621,Angel Gomes,M,76,69,70,75,79,72,67,76,64,71,70,70,69,65,72,66,78,68,80,75,70,77,87,91,74,80,75,73,62,70,75,74,73,72,63,71,CAM,4,4,Right,"166cm / 5'5""",62kg / 137lb,"['CM', 'CDM']",25,England,Ligue 1,Marseille,"['Finesse Shot', 'Incisive Pass', 'Inventive', 'Long Ball Pass', 'Technical']",,,,,
1623,Ao Tanaka,M,76,70,68,72,77,73,71,72,69,64,66,73,72,61,60,61,74,65,78,74,70,75,82,78,74,77,79,75,60,74,75,72,71,86,65,68,CDM,3,3,Right,"180cm / 5'11""",69kg / 152lb,['CM'],27,Japan,Premier League,Leicester,"['Incisive Pass', 'Press Proven']",,,,,
1627,Mads Hermansen,M,76,76,75,76,77,50,76,49,51,12,9,57,13,9,15,13,46,14,62,60,12,24,47,42,68,40,41,16,11,15,10,13,64,44,61,20,GK,2,1,Right,"185cm / 6'1""",81kg / 179lb,,25,Denmark,Premier League,West Ham,"['Deflector', 'Footwork']",76.0,75.0,76.0,76.0,77.0
1631,Kenny Lala,M,76,75,62,73,72,73,74,72,78,72,59,73,54,44,75,74,68,75,74,72,75,73,66,70,71,74,72,73,68,74,75,69,77,82,71,72,RB,3,3,Right,"178cm / 5'10""",78kg / 172lb,['RM'],34,France,Ligue 1,Brest,"['Jockey', 'Long Ball Pass', 'Long Throw', 'Relentless', 'Whipped Pass']",,,,,
1632,Portu,M,76,80,74,72,74,56,73,82,79,74,73,77,75,75,65,74,74,64,74,67,74,74,75,79,74,74,73,55,69,55,54,51,80,75,70,78,RM,4,3,Right,"167cm / 5'6""",66kg / 146lb,"['LM', 'RW']",33,Spain,LaLiga,Girona,[],,,,,
1633,Donovan Léon,M,76,76,71,81,79,47,75,48,46,15,19,61,16,18,22,20,43,18,41,47,16,14,42,53,69,19,48,26,13,10,10,19,72,34,78,26,GK,2,1,Right,"187cm / 6'2""",94kg / 207lb,,33,France,Ligue 1,Auxerre,"['Footwork', 'Rush Out']",76.0,71.0,81.0,75.0,79.0
1634,Jean Butez,M,76,75,75,78,77,49,75,52,44,20,22,59,11,17,41,14,70,14,48,66,13,30,37,54,73,31,42,17,20,13,14,15,68,42,62,21,GK,4,1,Right,"189cm / 6'2""",75kg / 165lb,,30,France,Serie A,Como,"['Cross Claimer', 'Long Ball Pass']",75.0,75.0,78.0,75.0,77.0
1637,Juan Miranda,M,76,82,62,73,73,71,68,80,83,67,55,79,68,45,44,81,65,73,76,63,72,75,72,66,69,74,65,71,68,69,74,72,76,73,63,74,LB,3,3,Left,"185cm / 6'1""",76kg / 168lb,['LM'],25,Spain,Serie A,Bologna,"['Dead Ball', 'Finesse Shot', 'Long Ball Pass', 'Whipped Pass']",,,,,
1638,Ivan Ilić,M,76,67,72,77,77,69,67,69,66,68,69,81,77,61,59,72,77,63,81,79,72,78,72,66,72,81,72,70,58,68,72,69,68,65,66,72,CM,3,3,Left,"186cm / 6'1""",77kg / 170lb,"['CDM', 'CAM']",24,Serbia,Serie A,Torino,[],,,,,
1639,Dani Rodríguez,M,76,76,74,75,74,63,66,73,79,76,77,72,77,46,76,72,77,78,76,74,72,75,65,70,75,76,66,64,56,58,69,64,70,69,67,60,CAM,3,3,Right,"178cm / 5'10""",71kg / 157lb,"['LM', 'RM', 'CM']",37,Spain,LaLiga,Mallorca,[],,,,,
1640,Amir Murillo,M,76,84,57,70,71,70,76,80,87,67,56,68,51,38,62,75,68,58,71,69,74,69,71,68,74,73,71,71,68,67,73,72,82,77,76,75,RB,3,3,Right,"184cm / 6'0""",78kg / 172lb,"['CB', 'RM']",29,Panama,Ligue 1,Marseille,[],,,,,
1642,Morten Frendrup,M,76,78,60,66,76,74,74,80,77,72,58,69,66,35,39,46,70,41,77,75,54,77,72,77,79,77,73,75,57,76,78,74,72,92,62,80,CM,3,3,Right,"178cm / 5'10""",70kg / 154lb,['CDM'],24,Denmark,Serie A,Genoa,"['Aerial Fortress', 'Block', 'Intercept', 'Jockey', 'Relentless']",,,,,
1643,James Trafford,M,76,77,74,72,78,53,74,54,52,14,8,54,9,9,16,17,60,12,56,53,23,23,52,51,75,33,64,20,15,21,16,19,64,40,55,28,GK,3,1,Right,"192cm / 6'4""",90kg / 198lb,,23,England,Premier League,Man City,"['Cross Claimer', 'Far Throw', 'Footwork', 'Long Ball Pass']",77.0,74.0,72.0,74.0,78.0
1647,Daniel James,M,76,94,71,68,76,50,68,94,94,75,74,74,66,58,64,73,70,54,70,58,73,74,88,87,75,74,75,42,50,64,45,34,71,81,56,79,RM,4,3,Right,"171cm / 5'7""",63kg / 139lb,['RW'],28,Wales,Premier League,Leicester,"['Quick Step+', 'Gamechanger', 'Rapid']",,,,,
1648,Keane Lewis-Potter,M,76,77,67,72,77,70,64,78,77,73,69,67,68,57,58,80,74,61,74,60,70,77,85,82,75,75,74,71,68,69,72,69,72,79,55,66,LB,4,3,Right,"170cm / 5'7""",67kg / 148lb,['LM'],24,England,Premier League,Brentford,['Technical'],,,,,
1650,Carmona,M,76,80,65,69,73,73,67,77,82,70,68,65,62,58,50,71,69,38,72,67,73,73,72,65,74,74,66,73,62,75,74,72,74,74,64,65,RB,3,3,Right,"183cm / 6'0""",80kg / 176lb,"['RM', 'RW']",23,Spain,LaLiga,Sevilla,['Intercept'],,,,,
1655,Valentino Lazaro,M,76,71,67,76,76,71,65,77,66,74,64,69,70,66,66,82,72,69,77,75,77,75,79,73,78,76,76,72,61,71,74,72,73,70,61,66,RM,3,4,Right,"181cm / 5'11""",75kg / 165lb,"['LM', 'LB', 'RB']",29,Austria,Serie A,Torino,"['Dead Ball', 'Whipped Pass']",,,,,
1656,Adama Traoré,M,76,94,65,67,81,37,82,95,94,67,61,84,62,60,47,75,69,42,70,52,73,86,78,87,73,77,66,38,40,33,40,34,80,70,90,76,RM,3,4,Right,"179cm / 5'10""",86kg / 190lb,['RW'],29,Spain,Premier League,Fulham,"['Enforcer', 'Quick Step', 'Rapid']",,,,,
1658,Vitaly Janelt,M,76,59,70,73,73,73,78,64,55,72,68,77,70,72,52,68,74,54,78,78,63,72,68,64,78,76,75,75,55,74,76,72,71,83,76,76,CM,3,3,Left,"184cm / 6'0""",79kg / 174lb,['CDM'],27,Germany,Premier League,Brentford,"['Anticipate', 'Intercept']",,,,,
1664,Jan-Niklas Beste,M,76,78,70,78,76,60,63,79,77,70,70,77,74,42,58,83,75,85,75,75,87,77,82,81,67,75,70,62,41,62,61,61,60,79,55,62,LM,3,3,Left,"175cm / 5'9""",66kg / 146lb,"['LB', 'LW']",26,Germany,Bundesliga,Freiburg,"['Block', 'Dead Ball', 'Finesse Shot', 'Whipped Pass']",,,,,
1665,Thierry Correia,M,76,90,50,69,75,71,70,89,90,69,43,55,54,52,46,74,68,42,74,62,74,77,74,72,73,74,70,70,58,71,74,72,78,74,68,69,RB,4,3,Right,"176cm / 5'9""",69kg / 152lb,"['LB', 'RM']",26,Portugal,LaLiga,Valencia,"['Anticipate', 'Bruiser', 'Quick Step', 'Rapid']",,,,,
1668,Ørjan Nyland,M,76,76,75,77,75,47,74,47,48,13,11,58,13,14,25,12,33,14,29,35,13,21,45,53,73,23,39,21,13,17,11,12,67,33,70,26,GK,4,1,Right,"192cm / 6'4""",90kg / 198lb,,35,Norway,LaLiga,Sevilla,"['Far Throw', 'Footwork']",76.0,75.0,77.0,74.0,75.0
1670,Jonas Omlin,M,76,77,76,68,78,52,73,52,51,15,17,51,18,15,27,24,42,16,35,30,21,27,32,51,72,31,45,25,24,20,21,24,71,35,69,22,GK,3,1,Right,"190cm / 6'3""",85kg / 187lb,,31,Switzerland,Bundesliga,M'gladbach,['Far Reach'],77.0,76.0,68.0,73.0,78.0
1671,Marcus Tavernier,M,76,75,74,73,78,60,64,77,73,72,72,86,75,62,63,76,74,63,73,68,80,80,78,79,76,77,75,59,50,59,66,57,67,82,60,50,LM,3,3,Left,"178cm / 5'10""",75kg / 165lb,"['RM', 'LW']",26,England,Premier League,Bournemouth,"['Power Shot', 'Technical']",,,,,
1672,Batista Mendy,M,76,69,61,67,70,74,83,66,71,60,51,77,68,58,56,58,65,46,75,71,64,70,65,48,72,74,75,74,72,72,77,73,84,84,86,76,CDM,3,2,Right,"191cm / 6'3""",82kg / 181lb,"['CB', 'CM']",25,France,LaLiga,Sevilla,"['Aerial Fortress', 'Press Proven']",,,,,
1675,Romain Faivre,M,76,68,72,77,79,62,65,76,62,72,70,74,75,66,80,78,78,79,77,69,81,81,81,73,72,79,79,66,61,58,64,58,73,73,63,59,RM,3,4,Left,"180cm / 5'11""",69kg / 152lb,['RW'],27,France,Premier League,Bournemouth,"['Incisive Pass', 'Technical']",,,,,
1676,Marius Bülter,M,76,80,77,69,73,48,76,77,82,76,78,84,72,67,70,72,68,47,72,64,69,75,69,71,77,73,67,38,64,45,53,42,81,76,77,73,ST,3,3,Right,"188cm / 6'2""",85kg / 187lb,"['LM', 'LW', 'CAM']",32,Germany,Bundesliga,1. FC Köln,['Rapid'],,,,,
1678,Elia Caprile,M,76,75,73,72,78,51,74,50,52,6,7,54,9,8,18,11,56,14,40,38,14,18,60,45,73,25,33,6,11,13,14,16,62,28,56,26,GK,3,1,Right,"191cm / 6'3""",74kg / 163lb,,24,Italy,Serie A,Cagliari,"['Cross Claimer', 'Deflector', 'Far Throw']",75.0,73.0,72.0,74.0,78.0
1679,Kristijan Jakić,M,76,72,62,65,68,76,80,76,69,58,52,79,70,60,49,53,66,45,74,70,41,65,65,74,73,72,69,73,69,78,78,74,82,82,76,88,CDM,3,2,Right,"181cm / 5'11""",75kg / 165lb,"['CM', 'CB']",28,Croatia,Bundesliga,Augsburg,['Bruiser'],,,,,
1683,Yann Aurel Bisseck,M,76,76,57,63,73,75,78,75,76,59,54,67,59,44,49,54,60,38,73,68,52,73,69,68,74,76,76,74,78,74,76,74,89,74,81,74,CB,3,2,Right,"196cm / 6'5""",83kg / 183lb,,24,Germany,Serie A,Milano FC,['Slide Tackle'],,,,,
1686,Quentin Merlin,M,76,74,59,75,76,73,64,76,73,73,49,69,68,64,55,78,74,71,75,71,74,77,74,81,76,76,74,70,61,73,77,74,70,74,57,69,LB,2,3,Left,"174cm / 5'9""",68kg / 150lb,['LM'],23,France,Ligue 1,Rennes,['Whipped Pass'],,,,,
1687,Senne Lynen,M,76,68,62,72,67,74,78,56,78,65,57,72,67,49,50,68,74,65,75,73,62,66,55,62,77,69,81,83,64,75,73,65,71,87,75,74,CDM,3,2,Right,"185cm / 6'1""",80kg / 176lb,"['CM', 'CB']",26,Belgium,Bundesliga,Werder Bremen,"['Bruiser', 'Intercept']",,,,,
1690,Marco Sportiello,M,76,75,72,74,76,44,79,48,38,18,18,56,17,12,21,13,58,21,55,52,30,19,55,58,68,22,65,29,18,26,17,13,67,37,66,23,GK,2,1,Right,"192cm / 6'4""",87kg / 192lb,,33,Italy,Serie A,Bergamo Calcio,[],75.0,72.0,74.0,79.0,76.0
1691,Zeki Çelik,M,76,72,59,69,73,73,74,70,73,70,57,63,62,55,46,72,68,49,72,67,72,74,67,67,72,76,74,74,65,73,74,74,73,82,70,74,RB,3,3,Right,"180cm / 5'11""",78kg / 172lb,"['RM', 'CB']",28,Turkey,Serie A,Roma,[],,,,,
1694,Nicola Zalewski,M,76,83,64,73,78,63,59,80,85,75,58,72,66,69,69,75,73,72,76,65,75,79,80,75,72,78,72,64,45,65,66,63,59,75,49,65,LM,5,3,Right,"175cm / 5'9""",78kg / 172lb,"['LB', 'RM']",23,Poland,Serie A,Bergamo Calcio,['Rapid'],,,,,
1699,Donny van de Beek,M,76,59,75,74,76,70,65,57,61,76,75,78,76,76,61,63,78,65,78,77,78,75,72,68,73,80,76,71,67,68,72,71,68,54,67,74,CAM,3,3,Right,"184cm / 6'0""",76kg / 168lb,['CM'],28,Holland,LaLiga,Girona,"['Finesse Shot', 'Inventive']",,,,,
1700,Michael Zetterer,M,76,76,71,81,77,41,73,39,44,13,16,61,14,16,15,17,52,14,50,64,14,17,32,40,76,29,43,21,19,24,16,12,66,38,70,29,GK,5,1,Right,"187cm / 6'2""",79kg / 174lb,,30,Germany,Bundesliga,Ein Frankfurt,"['Far Throw', 'Footwork', 'Long Ball Pass']",76.0,71.0,81.0,73.0,77.0
1701,Maarten Vandevoordt,M,76,78,75,75,77,40,74,41,39,5,7,56,5,5,15,23,64,8,52,66,12,24,52,37,68,29,54,14,15,11,10,18,61,37,59,16,GK,3,1,Right,"192cm / 6'4""",81kg / 179lb,,23,Belgium,Bundesliga,RB Leipzig,"['Cross Claimer', 'Far Throw', 'Footwork', 'Long Ball Pass']",78.0,75.0,75.0,74.0,77.0
1703,Himad Abdelli,M,76,61,69,76,79,60,74,66,57,74,67,73,69,68,75,73,78,73,78,74,75,82,72,61,74,80,80,63,63,54,64,53,73,79,73,68,CAM,3,4,Right,"185cm / 6'1""",81kg / 179lb,['CM'],26,Algeria,Ligue 1,Angers,"['First Touch', 'Incisive Pass', 'Inventive', 'Long Ball Pass', 'Relentless', 'Technical']",,,,,
1714,Florian Thauvin,M,76,71,77,79,80,45,65,70,71,78,74,80,80,76,78,78,80,74,80,74,84,80,78,74,76,82,80,48,68,43,40,40,71,74,62,58,ST,3,4,Left,"181cm / 5'11""",70kg / 154lb,['CAM'],32,France,Ligue 1,RC Lens,"['Dead Ball', 'Finesse Shot', 'Technical']",,,,,
1716,Phillipp Mwene,M,76,78,55,69,75,70,70,83,73,70,52,62,56,42,42,76,67,46,73,64,64,75,82,86,75,73,70,74,44,73,73,72,67,88,66,59,LB,4,3,Right,"172cm / 5'8""",68kg / 150lb,['LM'],31,Austria,Bundesliga,Mainz,[],,,,,
1717,Dimitris Giannoulis,M,76,83,55,69,73,70,67,79,86,73,48,68,56,59,39,72,71,40,72,66,69,74,77,75,73,72,65,80,49,72,67,73,64,90,56,66,LB,2,3,Left,"175cm / 5'9""",71kg / 157lb,['LM'],30,Greece,Bundesliga,Augsburg,[],,,,,
1718,Jordan Teze,M,76,77,49,69,69,76,77,75,78,57,46,62,50,27,36,75,65,41,73,74,52,66,70,74,73,70,76,75,74,76,76,75,78,72,80,76,RB,1,2,Right,"183cm / 6'0""",68kg / 150lb,['RM'],26,Holland,Ligue 1,Monaco,"['Anticipate', 'Block']",,,,,
1720,Mateus Fernandes,M,76,70,69,74,79,59,66,73,67,75,69,70,67,63,64,62,76,70,79,77,74,79,84,81,77,78,74,62,56,55,64,53,69,78,62,60,CAM,4,4,Right,"178cm / 5'10""",72kg / 159lb,['CM'],21,Portugal,Premier League,West Ham,"['First Touch', 'Inventive']",,,,,
1721,Iván Balliu,M,76,80,51,69,74,72,70,77,83,67,50,45,59,24,69,76,64,58,72,68,63,72,78,76,71,76,74,72,65,73,75,70,74,84,62,73,RB,3,3,Right,"172cm / 5'8""",68kg / 150lb,"['LB', 'RM']",33,Albania,LaLiga,Vallecano,['Rapid'],,,,,
1722,Joan Jordán,M,76,48,74,77,74,68,75,50,47,73,74,78,76,59,69,70,78,81,78,77,81,76,63,57,74,76,73,74,47,67,75,59,60,78,74,76,CM,4,3,Right,"184cm / 6'0""",74kg / 163lb,"['CDM', 'CB']",31,Spain,LaLiga,Sevilla,['Slide Tackle'],,,,,
1724,Carney Chukwuemeka,M,76,74,66,74,79,57,66,74,74,72,67,68,63,59,58,70,77,52,79,73,67,80,78,77,77,78,75,58,65,49,62,58,75,64,70,57,CAM,3,4,Right,"187cm / 6'2""",77kg / 170lb,['CM'],22,England,Bundesliga,Dortmund,"['First Touch', 'Incisive Pass', 'Technical']",,,,,
1727,Saúl Coco,M,76,85,56,58,61,77,79,80,89,30,40,85,78,29,51,34,58,72,69,67,38,60,61,54,67,64,60,77,72,79,77,75,88,75,81,77,CB,3,2,Right,"187cm / 6'2""",86kg / 190lb,,26,Equatorial Guinea,Serie A,Torino,['Block'],,,,,
1730,Moïse Bombito,M,76,93,49,58,65,75,76,92,93,59,55,50,42,22,32,51,55,29,70,59,43,65,54,48,69,69,74,70,77,74,79,74,88,64,81,75,CB,3,2,Right,"191cm / 6'3""",81kg / 179lb,,25,Canada,Ligue 1,Nice,['Block'],,,,,
1736,Sam Johnstone,M,76,77,76,69,77,41,74,38,45,11,11,52,16,15,42,17,48,17,27,35,16,16,55,27,73,18,50,17,17,22,17,20,64,37,68,24,GK,3,1,Right,"193cm / 6'4""",85kg / 187lb,,32,England,Premier League,Wolves,['Deflector'],77.0,76.0,69.0,74.0,77.0
1737,Lorenzo Montipò,M,76,75,72,69,82,42,74,40,45,15,20,52,14,18,29,15,40,15,21,23,17,19,46,49,73,20,38,18,17,10,21,13,60,35,55,31,GK,3,1,Right,"191cm / 6'3""",82kg / 181lb,,29,Italy,Serie A,Verona,"['Far Reach', 'Footwork']",75.0,72.0,69.0,74.0,82.0
1738,Romain Del Castillo,M,76,82,72,76,79,41,64,79,85,74,68,77,76,69,73,75,76,70,77,73,82,79,89,80,71,77,76,35,63,32,47,44,74,65,61,69,RW,3,3,Left,"172cm / 5'8""",65kg / 143lb,['RM'],29,France,Ligue 1,Brest,"['Gamechanger', 'Long Ball Pass', 'Technical', 'Whipped Pass']",,,,,
1739,Jens Odgaard,M,76,73,77,72,74,43,75,74,73,76,78,80,76,75,59,67,76,58,76,69,67,76,69,62,78,76,70,36,73,48,39,28,83,79,75,68,CAM,3,3,Left,"188cm / 6'2""",80kg / 176lb,['CM'],26,Denmark,Serie A,Bologna,['Power Shot'],,,,,
1740,James Garner,M,76,58,65,78,72,71,70,62,55,63,60,75,70,53,66,76,77,77,80,79,78,70,69,57,74,77,79,72,59,72,74,70,67,75,67,74,CDM,3,3,Right,"182cm / 6'0""",80kg / 176lb,['CM'],24,England,Premier League,Everton,"['Intercept', 'Slide Tackle']",,,,,
1741,Tiago Tomás,M,76,86,74,67,79,39,69,85,87,79,78,74,65,70,70,59,70,51,74,65,68,80,78,80,72,81,74,40,67,35,37,29,79,80,66,61,LW,3,4,Right,"180cm / 5'11""",78kg / 172lb,"['LM', 'ST']",23,Portugal,Bundesliga,Stuttgart,['Rapid'],,,,,
1742,Antonio Nusa,M,76,89,72,68,81,41,63,92,86,72,73,83,67,59,54,67,73,58,70,62,74,81,91,87,70,80,68,32,45,37,47,53,69,73,59,57,LM,4,4,Right,"183cm / 6'0""",77kg / 170lb,"['CAM', 'LW']",20,Norway,Bundesliga,RB Leipzig,"['Inventive', 'Quick Step', 'Technical']",,,,,
1743,Vinicius Souza,M,76,65,58,65,68,76,82,64,65,56,50,80,57,48,50,52,67,48,72,71,60,69,63,55,74,70,72,76,73,74,78,74,83,77,84,83,CDM,3,2,Right,"187cm / 6'2""",80kg / 176lb,['CM'],26,Brazil,Bundesliga,Wolfsburg,"['Aerial Fortress', 'Press Proven', 'Slide Tackle']",,,,,
1744,Félix Lemaréchal,M,76,63,70,74,77,62,68,66,60,76,71,69,74,59,46,71,77,55,78,73,73,80,67,65,74,79,75,65,52,59,67,59,64,73,65,72,CAM,4,3,Right,"180cm / 5'11""",73kg / 161lb,['CM'],22,France,Ligue 1,Strasbourg,['Inventive'],,,,,
1747,André Silva,M,76,72,76,70,75,46,74,74,70,77,75,77,76,75,80,60,74,58,77,63,75,75,77,74,78,75,76,59,79,36,40,34,87,67,76,75,ST,3,4,Right,"185cm / 6'1""",84kg / 185lb,,30,Portugal,LaLiga,Elche CF,['Chip Shot'],,,,,
1749,Noah Okafor,M,76,86,76,71,80,31,69,87,85,76,78,75,73,76,70,74,74,63,72,64,78,82,85,66,73,80,76,20,63,38,25,20,85,57,79,53,ST,4,4,Right,"185cm / 6'1""",85kg / 187lb,"['LM', 'LW', 'CAM']",25,Switzerland,Premier League,Leicester,"['First Touch', 'Quick Step']",,,,,
1750,Iñaki Peña,M,76,75,73,77,78,35,75,33,38,5,6,58,8,5,17,10,39,12,33,57,12,12,49,51,75,21,38,6,11,9,10,11,55,27,54,17,GK,3,1,Right,"184cm / 6'0""",78kg / 172lb,,26,Spain,LaLiga,Elche CF,['Footwork'],75.0,73.0,77.0,75.0,78.0
1751,Alexis Sánchez,M,76,68,78,78,81,48,59,71,65,81,78,76,80,74,70,76,82,72,80,74,83,80,81,90,76,82,80,52,70,45,44,35,71,51,58,67,ST,4,3,Right,"169cm / 5'7""",65kg / 143lb,['CAM'],36,Chile,LaLiga,Sevilla,"['First Touch', 'Technical']",,,,,
1753,Timothy Castagne,M,76,68,57,70,72,74,71,67,68,71,56,65,52,40,47,76,70,33,74,70,58,71,68,65,75,75,68,74,72,74,75,73,75,78,66,75,RB,3,2,Right,"185cm / 6'1""",80kg / 176lb,['RM'],29,Belgium,Premier League,Fulham,[],,,,,
1754,Ruben Aguilar,M,76,67,53,70,74,73,75,73,62,70,49,70,45,52,38,74,72,33,74,70,62,73,77,76,74,74,74,74,57,73,76,75,70,88,66,83,RB,2,3,Right,"172cm / 5'8""",69kg / 152lb,['RM'],32,France,Ligue 1,RC Lens,"['Rapid', 'Relentless', 'Whipped Pass']",,,,,
1755,Josh Cullen,M,76,61,61,75,73,72,70,69,55,68,55,68,70,48,58,73,74,72,77,75,68,69,75,80,76,76,79,75,61,72,75,72,69,86,63,68,CDM,3,3,Right,"175cm / 5'9""",70kg / 154lb,['CM'],29,Republic of Ireland,Premier League,Burnley,"['First Touch', 'Pinged Pass', 'Relentless']",,,,,
1757,Lucas Beltrán,M,76,71,76,68,77,46,74,76,67,81,79,75,69,70,75,56,75,48,74,68,64,76,78,79,76,78,77,41,69,42,46,44,79,70,72,83,CAM,3,3,Right,"176cm / 5'9""",76kg / 168lb,"['ST', 'CM']",24,Argentina,LaLiga,Valencia,['Press Proven'],,,,,
1758,Lorenz Assignon,M,76,76,53,64,73,73,73,73,79,67,52,58,48,47,48,75,60,41,69,54,63,74,71,74,69,73,68,72,68,73,76,74,76,78,70,72,RB,3,3,Right,"181cm / 5'11""",77kg / 170lb,"['RM', 'RW']",25,France,Bundesliga,Stuttgart,[],,,,,
1759,Agirrezabala,M,76,76,74,78,75,32,77,30,36,6,7,59,10,15,13,16,55,9,43,40,8,13,33,35,69,35,36,12,6,10,13,12,56,26,60,24,GK,3,1,Left,"187cm / 6'2""",80kg / 176lb,,24,Spain,LaLiga,Valencia,['Cross Claimer'],76.0,74.0,78.0,77.0,75.0
1760,Hugo Álvarez,M,76,72,68,73,76,63,60,74,71,75,73,65,62,57,63,75,73,46,77,72,64,78,73,60,71,78,69,69,55,61,65,58,66,65,57,62,LM,3,3,Right,"176cm / 5'9""",72kg / 159lb,"['RM', 'LW']",22,Spain,LaLiga,Celta,[],,,,,
1766,Jérémie Boga,M,76,85,69,72,81,39,64,90,80,71,65,77,73,60,58,72,69,69,74,69,78,82,88,82,68,81,74,41,59,28,44,34,77,66,64,56,LW,3,4,Right,"172cm / 5'8""",68kg / 150lb,"['ST', 'LM']",28,Côte d'Ivoire,Ligue 1,Nice,"['Finesse Shot', 'Rapid']",,,,,
1769,Azzedine Ounahi,M,76,64,66,73,77,63,67,63,64,73,67,73,63,52,57,60,77,54,80,74,67,76,77,68,75,81,73,67,58,58,68,64,66,82,64,58,CM,3,3,Right,"182cm / 6'0""",62kg / 137lb,['CAM'],25,Morocco,LaLiga,Girona,"['First Touch', 'Incisive Pass']",,,,,
1772,Kevin Stöger,M,76,55,71,81,77,64,61,60,50,72,69,74,76,62,71,79,82,79,81,82,80,76,79,79,77,78,72,68,45,66,66,59,58,68,63,50,CAM,3,3,Left,"175cm / 5'9""",74kg / 163lb,['CM'],32,Austria,Bundesliga,M'gladbach,"['Dead Ball', 'Finesse Shot', 'Incisive Pass', 'Long Ball Pass', 'Press Proven', 'Relentless']",,,,,
1773,Rômulo,M,76,82,75,63,75,35,78,83,82,74,77,80,69,71,74,54,66,70,69,51,72,77,79,53,65,77,74,26,78,32,32,28,94,72,84,64,ST,3,3,Right,"193cm / 6'4""",80kg / 176lb,"['LW', 'CAM']",23,Brazil,Bundesliga,RB Leipzig,"['Enforcer', 'Finesse Shot', 'First Touch', 'Gamechanger', 'Press Proven']",,,,,
1774,Maxime Lopez,M,76,64,69,77,79,65,54,70,59,62,67,70,73,65,68,72,79,73,80,76,79,76,91,93,74,79,75,66,62,64,68,62,55,80,32,76,CM,3,3,Right,"167cm / 5'6""",58kg / 128lb,['CDM'],27,France,Ligue 1,Paris FC,"['Dead Ball', 'Incisive Pass', 'Relentless']",,,,,
1775,Areso,M,76,76,46,70,72,71,73,77,76,65,40,58,50,35,36,77,65,31,75,67,73,68,78,67,74,76,65,69,68,70,75,73,79,82,71,64,RB,2,2,Right,"182cm / 6'0""",81kg / 179lb,['RM'],26,Spain,LaLiga,Ath Bilbao,['Slide Tackle'],,,,,
1776,Nahuel Tenaglia,M,76,69,44,65,75,77,78,68,69,70,37,47,51,39,40,68,68,40,70,61,45,75,72,78,75,74,76,77,73,79,76,75,80,80,75,83,RB,3,3,Right,"181cm / 5'11""",70kg / 154lb,['CB'],29,Argentina,LaLiga,Alaves,['Bruiser'],,,,,
1777,Sofiane Diop,M,76,77,69,75,80,54,53,80,74,75,68,72,72,62,60,76,77,74,76,68,77,81,80,84,71,80,74,56,39,55,58,46,50,74,37,68,LW,3,4,Right,"175cm / 5'9""",65kg / 143lb,"['CAM', 'LM']",25,Morocco,Ligue 1,Nice,"['Inventive', 'Technical']",,,,,
1779,Yoan Bonny,M,76,87,75,67,76,32,71,83,91,75,77,75,74,66,67,64,68,52,72,61,73,79,80,61,70,76,71,23,70,34,27,23,85,71,78,51,ST,3,4,Right,"189cm / 6'2""",86kg / 190lb,['CAM'],22,France,Serie A,Milano FC,"['Finesse Shot', 'Gamechanger']",,,,,
1780,Matthis Abline,M,76,87,76,67,81,33,64,83,90,78,75,77,78,73,72,71,75,53,69,53,69,83,84,79,72,79,76,35,68,35,22,18,79,81,67,33,ST,3,3,Right,"182cm / 6'0""",81kg / 179lb,"['RW', 'RM']",22,France,Ligue 1,Nantes,['Gamechanger'],,,,,
1781,Ethan Nwaneri,M,76,82,70,74,78,50,54,80,83,73,71,72,70,59,58,78,75,60,74,70,76,79,80,83,74,77,76,52,42,47,55,43,58,66,51,44,RW,3,3,Left,"176cm / 5'9""",70kg / 154lb,"['CM', 'RM']",18,England,Premier League,Arsenal,"['Finesse Shot', 'Technical']",,,,,
1783,Lukas Nmecha,M,76,74,76,66,75,40,76,75,73,76,77,79,71,71,81,58,68,48,76,59,61,75,73,71,75,78,71,37,74,43,33,27,85,74,79,71,ST,4,3,Right,"185cm / 6'1""",80kg / 176lb,,26,Germany,Premier League,Leicester,[],,,,,
1786,Harry Wilson,M,76,75,78,75,76,46,56,76,75,75,75,83,81,75,77,77,75,82,75,70,84,75,78,84,74,77,76,40,69,44,45,40,70,68,53,45,RM,2,3,Left,"173cm / 5'8""",70kg / 154lb,['RW'],28,Wales,Premier League,Fulham,['Gamechanger'],,,,,
1788,Ethan Ampadu,M,76,67,51,64,70,76,78,68,66,59,51,55,52,35,39,46,65,36,76,72,47,68,67,68,76,72,75,76,70,76,77,76,78,81,77,78,CB,4,2,Right,"183cm / 6'0""",78kg / 172lb,['CDM'],25,Wales,Premier League,Leicester,"['Bruiser', 'Jockey', 'Long Ball Pass', 'Press Proven']",,,,,
1790,Rico Henry,M,76,86,41,62,75,74,67,87,86,67,40,44,36,33,43,68,55,39,69,57,49,71,89,91,76,74,72,74,54,77,78,75,73,64,64,78,LB,2,3,Left,"170cm / 5'7""",66kg / 146lb,['LM'],28,England,Premier League,Brentford,"['Quick Step', 'Rapid']",,,,,
1791,Jake O'Brien,M,76,77,49,64,61,75,79,68,85,59,38,72,52,39,44,64,59,50,71,63,58,62,44,36,74,68,64,74,80,73,76,73,88,67,85,77,CB,3,2,Right,"197cm / 6'6""",84kg / 185lb,"['RB', 'RM']",24,Republic of Ireland,Premier League,Everton,[],,,,,
1795,Calvin Stengs,M,76,69,68,77,77,50,63,72,66,75,65,75,69,71,52,74,82,65,80,74,76,78,83,67,75,77,74,58,44,46,54,42,60,75,60,58,CAM,3,4,Left,"187cm / 6'2""",74kg / 163lb,['CM'],26,Holland,Serie A,Pisa,"['Finesse Shot', 'Incisive Pass', 'Inventive', 'Technical']",,,,,
1796,Assane Diao,M,76,90,74,67,77,36,60,90,90,75,79,68,75,65,61,69,70,54,69,63,58,78,82,72,69,79,66,40,42,36,33,34,62,74,53,61,LM,4,4,Right,"185cm / 6'1""",72kg / 159lb,"['RM', 'LW']",20,Senegal,Serie A,Como,"['Finesse Shot', 'Quick Step', 'Rapid']",,,,,
1797,Baptiste Santamaria,M,76,42,67,73,74,72,75,48,37,66,65,78,67,57,56,62,73,59,80,77,61,75,66,67,74,77,74,73,61,72,75,69,66,82,73,72,CDM,2,3,Right,"183cm / 6'0""",81kg / 179lb,['CM'],30,France,LaLiga,Valencia,['Relentless'],,,,,
1799,Rasmus Højlund,M,76,85,76,58,72,33,79,84,86,75,77,84,70,68,71,38,60,48,73,49,60,75,64,62,73,73,72,28,71,32,28,19,90,70,82,82,ST,3,3,Left,"191cm / 6'3""",79kg / 174lb,,22,Denmark,Serie A,Napoli,"['Quick Step', 'Rapid']",,,,,
1800,Tom Bischof,M,76,58,67,79,79,60,60,65,52,61,64,72,77,52,57,77,78,76,82,78,75,78,81,85,78,80,77,58,40,58,68,61,49,81,49,65,CM,3,3,Left,"176cm / 5'9""",66kg / 146lb,"['CDM', 'RM', 'CAM']",20,Germany,Bundesliga,Bayern Munich,['Press Proven'],,,,,
1801,Javi Rodríguez,M,76,74,45,68,71,73,72,73,74,54,45,56,35,50,32,73,64,31,75,65,58,70,61,64,76,75,75,74,69,72,75,74,75,77,68,73,RB,3,3,Right,"178cm / 5'10""",70kg / 154lb,['CB'],22,Spain,LaLiga,Celta,[],,,,,
1804,Eric Martel,M,76,61,51,63,71,75,80,65,58,56,50,53,55,35,38,52,65,43,72,69,46,71,67,68,74,72,75,78,70,77,74,73,77,86,78,78,CDM,3,2,Right,"188cm / 6'2""",81kg / 179lb,"['CM', 'CB']",23,Germany,Bundesliga,1. FC Köln,"['Aerial Fortress', 'Block', 'Bruiser', 'Relentless']",,,,,
1813,Santiago Castro,M,76,79,75,62,75,40,68,80,78,76,76,79,75,68,65,65,59,51,68,56,58,75,77,76,75,76,69,39,78,30,38,40,85,60,67,78,ST,4,4,Right,"182cm / 6'0""",76kg / 168lb,,21,Argentina,Serie A,Bologna,[],,,,,
1814,Gauthier Hein,M,76,77,75,74,79,36,57,78,76,75,74,81,78,54,62,70,75,71,76,73,80,78,92,90,69,76,73,40,38,33,35,33,53,74,46,63,CAM,3,4,Left,"170cm / 5'7""",65kg / 143lb,"['ST', 'RM', 'CM']",29,France,Ligue 1,FC Metz,"['Dead Ball', 'Finesse Shot', 'Long Ball Pass', 'Technical', 'Whipped Pass']",,,,,
1816,Enzo Le Fée,M,76,63,61,76,80,62,56,62,63,76,60,60,64,59,58,69,78,71,79,76,70,79,74,87,77,82,78,65,45,63,65,60,53,68,52,54,CM,3,4,Right,"173cm / 5'8""",66kg / 146lb,"['LM', 'CAM', 'LW']",25,France,Premier League,Sunderland,"['First Touch', 'Incisive Pass', 'Long Ball Pass', 'Pinged Pass', 'Technical']",,,,,
1818,Valentín Gómez,M,76,80,32,64,71,76,75,79,81,32,25,50,29,31,36,57,64,29,73,70,48,66,78,74,75,74,74,77,75,75,77,78,83,81,70,80,CB,2,2,Left,"181cm / 5'11""",75kg / 165lb,['LB'],22,Argentina,LaLiga,Betis,"['Aerial Fortress', 'Block', 'Intercept', 'Long Ball Pass']",,,,,
1821,Dani Raba,M,76,71,72,75,74,40,64,74,68,78,75,74,68,52,74,76,75,70,77,75,69,76,67,54,75,77,73,43,52,40,36,38,71,56,71,55,RM,3,4,Left,"184cm / 6'0""",76kg / 168lb,"['ST', 'RW']",30,Spain,LaLiga,Valencia,"['Incisive Pass', 'Technical']",,,,,
1822,Konstantinos Mavropanos,M,76,71,56,54,59,77,79,64,76,40,50,77,64,30,42,45,44,39,62,74,32,60,52,34,75,60,63,78,76,76,77,77,79,65,88,74,CB,3,2,Right,"194cm / 6'4""",89kg / 196lb,,27,Greece,Premier League,West Ham,['Bruiser'],,,,,
1823,Crysencio Summerville,M,76,89,71,67,80,35,54,91,88,74,76,71,66,54,69,69,71,65,72,47,68,80,88,83,71,78,72,18,41,44,38,26,59,74,46,47,LM,3,3,Right,"169cm / 5'7""",64kg / 141lb,['LW'],24,Holland,Premier League,West Ham,"['First Touch', 'Quick Step', 'Rapid']",,,,,
1826,Kevin,M,76,81,70,70,80,33,61,82,81,71,69,75,69,60,67,74,70,64,70,69,71,82,81,76,71,80,69,32,46,30,34,32,65,69,56,62,LW,3,4,Right,"176cm / 5'9""",68kg / 150lb,"['LM', 'RW']",22,Brazil,Premier League,Fulham,['Technical'],,,,,
1827,Jonathan Ikoné,M,76,85,67,72,80,35,56,86,84,72,64,73,68,59,70,73,74,72,73,64,78,81,87,81,73,78,76,34,39,32,36,36,59,59,50,65,RM,3,4,Left,"175cm / 5'9""",73kg / 161lb,['RW'],27,France,Ligue 1,Paris FC,"['First Touch', 'Quick Step']",,,,,
1828,Alfon,M,76,77,71,71,77,32,67,78,76,73,73,71,70,64,65,73,74,47,74,66,64,77,78,82,75,75,74,32,58,41,19,15,72,76,63,64,RM,3,3,Right,"172cm / 5'8""",63kg / 139lb,"['ST', 'RW']",26,Spain,LaLiga,Sevilla,[],,,,,
1829,Osame Sahraoui,M,76,83,63,68,82,45,54,88,78,68,66,62,59,53,51,68,72,44,70,67,69,82,93,92,72,80,75,50,30,45,46,47,52,76,43,52,LM,5,5,Right,"171cm / 5'7""",64kg / 141lb,"['CAM', 'LW']",24,Morocco,Ligue 1,Lille,"['Inventive', 'Quick Step', 'Technical', 'Whipped Pass']",,,,,
1833,Gustav Isaksen,M,76,88,72,67,78,40,48,84,92,74,74,75,72,61,53,71,67,48,70,61,70,79,82,80,73,77,69,35,55,42,40,29,59,74,33,52,RM,4,3,Left,"178cm / 5'10""",65kg / 143lb,['RW'],24,Denmark,Serie A,Lazio,"['Finesse Shot', 'Gamechanger', 'Rapid', 'Whipped Pass']",,,,,
1834,Maxime Estève,M,76,75,40,57,63,76,82,72,77,36,35,61,32,34,38,53,46,32,69,59,45,63,44,62,73,66,77,74,72,78,77,75,86,77,85,78,CB,3,2,Left,"193cm / 6'4""",87kg / 192lb,,23,France,Premier League,Burnley,"['Anticipate', 'Jockey']",,,,,
1840,Bilal El Khannouss,M,76,76,64,76,82,38,56,79,74,68,65,65,64,51,55,70,79,68,78,78,67,82,88,85,74,80,80,41,44,34,39,37,61,71,56,37,CAM,3,4,Right,"180cm / 5'11""",70kg / 154lb,"['LM', 'CM']",21,Morocco,Bundesliga,Stuttgart,"['Inventive', 'Long Ball Pass', 'Technical']",,,,,
1841,Koki Machida,M,76,78,40,60,56,75,82,72,83,40,34,63,35,21,35,47,60,25,73,67,29,48,53,34,73,68,62,74,76,75,75,71,90,77,88,73,CB,3,2,Left,"190cm / 6'3""",80kg / 176lb,,28,Japan,Bundesliga,Hoffenheim,"['Aerial Fortress', 'Intercept', 'Precision Header']",,,,,
1842,Eliesse Ben Seghir,M,76,77,73,72,79,28,62,76,77,73,73,74,74,68,70,68,76,58,75,69,70,80,81,79,74,79,77,23,55,22,28,31,70,71,61,51,LM,3,4,Right,"178cm / 5'10""",72kg / 159lb,"['CAM', 'LW']",20,Morocco,Bundesliga,Leverkusen,['Technical'],,,,,
1849,Simon Adingra,M,76,87,70,70,80,30,52,88,87,70,71,73,67,68,60,70,73,53,73,65,65,80,88,85,72,77,79,27,32,30,32,30,55,70,45,47,RM,3,3,Right,"175cm / 5'9""",68kg / 150lb,"['LM', 'RW']",23,Côte d'Ivoire,Premier League,Sunderland,['Technical'],,,,,
1852,Sebastiano Luperto,M,76,64,48,60,63,78,75,65,63,48,42,62,48,45,46,58,53,40,68,61,49,58,65,62,77,66,74,76,77,82,78,74,81,74,74,77,CB,3,2,Left,"190cm / 6'3""",83kg / 183lb,,29,Italy,Serie A,Cagliari,['Intercept'],,,,,
1853,Ander Guevara,M,76,41,63,72,71,72,69,50,33,66,69,52,68,44,51,60,75,59,78,76,61,68,65,69,76,76,76,73,54,72,79,71,59,79,65,68,CDM,3,3,Right,"180cm / 5'11""",73kg / 161lb,['CM'],28,Spain,LaLiga,Alaves,['Aerial Fortress'],,,,,
1854,Lilian Brassier,M,76,67,37,63,69,76,76,64,69,53,32,56,28,27,45,61,57,40,73,63,55,68,60,56,72,74,71,73,76,74,79,77,83,71,78,75,CB,2,2,Left,"186cm / 6'1""",78kg / 172lb,,26,France,Ligue 1,Rennes,['Block'],,,,,
1856,Antonio Sanabria,M,76,75,75,68,79,32,57,78,72,80,79,78,65,67,66,63,69,64,74,63,69,80,82,75,72,80,78,21,76,42,20,15,82,60,62,36,ST,4,3,Right,"180cm / 5'11""",70kg / 154lb,,29,Paraguay,Serie A,Monza,[],,,,,
1857,Pascal Struijk,M,76,59,46,60,65,76,80,60,59,44,42,67,32,34,64,42,56,32,75,70,42,62,58,59,75,70,75,75,77,76,76,75,84,77,82,77,CB,4,2,Left,"190cm / 6'3""",79kg / 174lb,,26,Holland,Premier League,Leicester,['Jockey'],,,,,
1858,Strahinja Pavlović,M,76,70,43,51,64,75,83,64,74,34,43,56,36,25,43,53,31,38,62,59,39,63,57,45,76,68,68,74,76,76,74,76,85,83,83,80,CB,3,2,Left,"194cm / 6'4""",85kg / 187lb,,24,Serbia,Serie A,Milan,['Bruiser'],,,,,
1859,Ismaël Doukouré,M,76,64,42,63,65,76,76,59,68,56,33,59,45,38,37,45,66,22,76,72,45,62,55,63,75,69,73,76,73,74,78,77,79,70,80,74,CB,3,2,Right,"183cm / 6'0""",83kg / 183lb,"['CDM', 'CM']",22,France,Ligue 1,Strasbourg,[],,,,,
1863,Sebastian Nanasi,M,76,70,65,74,80,32,64,77,64,72,67,62,66,60,59,66,78,58,78,75,68,79,85,87,74,79,75,32,37,38,25,33,61,77,61,58,CAM,3,4,Right,"178cm / 5'10""",71kg / 157lb,"['LM', 'CM']",23,Sweden,Ligue 1,Strasbourg,"['Inventive', 'Technical']",,,,,
1866,Cédric Zesiger,M,76,66,43,56,61,74,84,56,74,47,37,64,41,33,34,42,54,22,69,69,29,60,49,42,75,65,69,74,76,75,75,69,85,72,90,83,CB,3,2,Left,"194cm / 6'4""",92kg / 203lb,,27,Switzerland,Bundesliga,Augsburg,"['Aerial Fortress', 'Block']",,,,,
1867,Benoît Badiashile,M,76,60,45,64,62,76,77,51,68,40,40,65,40,40,45,45,65,45,73,72,60,60,50,50,75,68,73,76,75,76,77,76,71,65,83,76,CB,2,2,Left,"194cm / 6'4""",75kg / 165lb,,24,France,Premier League,Chelsea,"['Bruiser', 'Long Ball Pass']",,,,,
1868,Beto,M,76,74,77,58,68,25,82,73,75,76,78,84,69,74,71,40,59,51,68,58,62,73,52,40,73,70,72,18,77,17,20,21,92,70,91,72,ST,3,3,Right,"194cm / 6'4""",88kg / 194lb,,27,Guinea-Bissau,Premier League,Everton,[],,,,,
1873,Lorenzo Lucca,M,76,63,78,59,67,34,82,54,70,79,80,85,68,75,70,56,56,60,65,55,56,70,40,43,74,74,70,30,81,29,31,20,87,73,90,70,ST,3,2,Right,"201cm / 6'7""",80kg / 176lb,,25,Italy,Serie A,Napoli,"['Aerial Fortress', 'Power Shot', 'Precision Header', 'Press Proven']",,,,,
1874,Vladyslav Vanat,M,76,79,77,60,74,26,67,78,79,82,81,76,70,64,80,46,67,56,69,53,52,75,74,68,79,73,72,24,68,19,23,20,76,75,63,67,ST,4,3,Left,"182cm / 6'0""",69kg / 152lb,"['LW', 'RW']",23,Ukraine,LaLiga,Girona,[],,,,,
1875,Marcus Edwards,M,76,84,69,70,81,30,48,86,83,72,70,70,69,69,58,70,73,60,73,60,73,80,91,90,73,79,72,30,37,32,28,24,52,72,39,40,RM,3,4,Left,"167cm / 5'6""",71kg / 157lb,['RW'],26,England,Premier League,Burnley,"['First Touch', 'Quick Step', 'Technical']",,,,,
1876,Luca Ranieri,M,76,68,41,59,69,79,66,62,73,57,37,54,34,36,48,62,42,41,68,61,61,66,61,67,76,76,65,78,78,80,78,77,74,68,59,80,CB,3,2,Left,"187cm / 6'2""",76kg / 168lb,,26,Italy,Serie A,Fiorentina,"['Intercept', 'Long Ball Pass']",,,,,
1877,Hugo Magnetti,M,76,44,50,68,75,70,75,49,39,62,41,68,53,38,46,53,71,41,77,77,59,75,60,82,72,78,76,74,50,68,75,71,62,75,74,82,CDM,3,3,Right,"172cm / 5'8""",75kg / 165lb,['CM'],27,France,Ligue 1,Brest,['Press Proven'],,,,,
1878,Mohamed-Ali Cho,M,76,80,70,69,78,26,59,82,79,75,72,70,66,60,64,70,72,50,75,61,61,82,72,68,70,78,65,21,65,23,22,20,76,69,62,33,LW,3,3,Left,"181cm / 5'11""",66kg / 146lb,"['RW', 'ST', 'LM']",21,France,Ligue 1,Nice,['Rapid'],,,,,
1880,Jhon Lucumí,M,76,65,38,62,61,77,78,63,67,40,24,63,45,26,36,60,48,31,74,71,53,58,48,52,74,69,71,75,75,78,78,75,82,77,81,73,CB,3,2,Left,"187cm / 6'2""",86kg / 190lb,,27,Colombia,Serie A,Bologna,"['Anticipate', 'Block', 'Long Ball Pass']",,,,,
1888,Kike García,M,76,42,80,65,73,44,71,42,42,81,81,81,78,79,75,56,71,60,75,53,48,76,58,46,76,77,80,52,79,45,34,21,76,53,78,76,ST,4,3,Right,"186cm / 6'1""",79kg / 174lb,,35,Spain,LaLiga,Espanol,"['Enforcer', 'Precision Header']",,,,,
1890,Joe Rodon,M,76,76,32,51,60,76,79,72,79,23,23,61,24,34,40,34,31,32,73,63,34,53,60,58,77,65,70,76,73,77,76,76,85,76,81,74,CB,3,2,Right,"193cm / 6'4""",88kg / 194lb,,28,Wales,Premier League,Leicester,"['Aerial Fortress', 'Long Ball Pass']",,,,,
1891,Igor,M,76,64,37,57,58,75,83,58,68,45,30,55,35,30,30,32,60,30,72,65,33,50,61,48,70,65,70,75,70,75,77,75,80,65,90,87,CB,2,2,Left,"185cm / 6'1""",84kg / 185lb,"['LB', 'LM']",27,Brazil,Premier League,West Ham,"['Bruiser', 'Jockey']",,,,,
1892,Thijs Dallinga,M,76,71,76,65,71,30,61,69,73,83,79,75,70,70,69,49,74,51,73,58,65,70,53,63,78,76,80,29,81,23,24,23,81,64,65,42,ST,4,2,Right,"190cm / 6'3""",72kg / 159lb,,25,Holland,Serie A,Bologna,[],,,,,
1897,Mouctar Diakhaby,M,76,62,39,55,59,77,76,63,61,47,36,51,29,31,49,31,59,26,71,58,34,57,60,44,70,62,69,78,79,76,78,74,84,71,79,75,CB,3,2,Right,"189cm / 6'2""",78kg / 172lb,,28,Guinea,LaLiga,Valencia,[],,,,,
1898,David Carmo,M,76,59,39,59,51,77,83,54,63,22,30,55,46,30,46,40,58,31,70,76,40,45,35,32,71,63,70,79,74,78,76,72,75,73,91,77,CB,2,2,Left,"196cm / 6'5""",89kg / 196lb,,26,Angola,LaLiga,R. Oviedo,"['Aerial Fortress', 'Anticipate', 'Jockey']",,,,,
1899,Rasmus Nicolaisen,M,76,49,41,57,60,76,80,45,52,48,41,51,34,32,36,39,45,32,74,69,38,54,54,50,73,68,76,72,81,77,78,74,82,72,84,78,CB,3,2,Left,"191cm / 6'3""",81kg / 179lb,,28,Denmark,Ligue 1,Toulouse,"['Aerial Fortress', 'Block', 'Bruiser']",,,,,
1900,Atakan Karazor,M,76,45,36,63,68,77,74,37,51,34,35,47,29,27,38,39,69,31,78,68,42,66,61,43,74,74,73,77,78,78,79,69,69,81,69,78,CDM,3,2,Right,"191cm / 6'3""",76kg / 168lb,['CM'],29,Turkey,Bundesliga,Stuttgart,"['Aerial Fortress', 'Anticipate']",,,,,
1901,Morato,M,76,53,37,57,60,76,80,52,54,29,32,55,28,39,44,56,49,27,65,62,52,61,41,43,71,63,75,75,76,75,77,74,76,62,89,80,CB,2,2,Left,"192cm / 6'4""",88kg / 194lb,"['LB', 'LM']",24,Brazil,Premier League,Nott'm Forest,['Bruiser'],,,,,
1902,Anthony Rouault,M,76,59,30,61,61,77,74,61,58,35,25,45,24,28,43,47,48,35,78,74,44,51,60,66,77,69,75,74,77,78,78,74,80,73,74,74,CB,3,2,Right,"186cm / 6'1""",77kg / 170lb,,24,France,Ligue 1,Rennes,"['Anticipate', 'Block']",,,,,
1905,Mamadou Sarr,M,76,66,30,56,57,77,73,53,76,19,21,58,26,21,44,36,56,30,71,58,53,53,37,54,75,63,75,77,75,77,78,74,78,61,80,70,CB,3,2,Right,"194cm / 6'4""",77kg / 170lb,,20,France,Ligue 1,Strasbourg,[],,,,,
1908,Issa Diop,M,76,57,37,53,55,77,78,49,63,42,30,51,31,48,44,37,43,34,68,63,32,52,52,33,75,59,65,77,77,77,76,75,82,60,87,78,CB,3,2,Right,"194cm / 6'4""",92kg / 203lb,,28,France,Premier League,Fulham,['Bruiser'],,,,,
1910,Mohammed Salisu,M,76,59,36,50,54,77,80,55,62,35,30,60,28,22,40,40,24,32,71,58,50,47,47,49,74,62,68,79,72,77,77,74,81,67,87,79,CB,3,2,Left,"191cm / 6'3""",85kg / 187lb,,26,Ghana,Ligue 1,Monaco,['Long Throw'],,,,,
1912,Moritz Jenz,M,76,62,29,50,56,77,81,66,59,25,27,38,27,28,27,35,38,22,69,62,25,51,51,55,74,59,66,75,74,75,81,75,77,69,85,86,CB,3,2,Right,"190cm / 6'3""",86kg / 190lb,,26,Germany,Bundesliga,Wolfsburg,"['Aerial Fortress', 'Block', 'Bruiser']",,,,,
1913,Keven Schlotterbeck,M,76,63,30,53,54,79,73,56,69,27,23,45,26,36,39,25,58,32,68,64,29,49,54,55,73,56,68,73,79,76,85,77,84,54,84,67,CB,3,2,Left,"189cm / 6'2""",86kg / 190lb,,28,Germany,Bundesliga,Augsburg,"['Aerial Fortress', 'Precision Header', 'Slide Tackle']",,,,,
1914,Patrick Mainka,M,76,46,40,51,53,78,81,38,53,35,33,64,37,33,40,39,44,37,64,58,36,45,49,53,75,58,74,78,80,78,78,75,70,80,84,78,CB,3,2,Right,"194cm / 6'4""",86kg / 190lb,,31,Germany,Bundesliga,Heidenheim,"['Aerial Fortress', 'Anticipate', 'Block', 'Intercept', 'Precision Header']",,,,,
1915,Santiago Bueno,M,76,50,31,56,56,77,77,52,49,30,20,56,30,20,40,30,53,35,73,68,36,47,44,49,76,69,69,78,76,77,77,75,79,73,79,77,CB,3,2,Right,"190cm / 6'3""",76kg / 168lb,,27,Uruguay,Premier League,Wolves,[],,,,,
1916,Dan-Axel Zagadou,M,76,46,34,60,51,77,79,34,55,31,26,66,25,25,30,46,59,25,72,70,37,51,33,34,69,52,70,74,86,74,80,70,75,55,92,75,CB,3,2,Left,"196cm / 6'5""",90kg / 198lb,,26,France,Bundesliga,Stuttgart,"['Aerial Fortress', 'Bruiser']",,,,,
1917,Unai Núñez,M,76,66,24,51,51,76,77,59,71,26,18,44,17,21,31,34,34,22,75,55,27,40,33,59,74,67,62,78,76,76,75,76,83,68,81,77,CB,2,2,Right,"186cm / 6'1""",81kg / 179lb,,28,Spain,Serie A,Verona,"['Aerial Fortress', 'Intercept', 'Slide Tackle']",,,,,
1918,Guillermo Maripán,M,76,33,42,58,53,78,78,32,33,46,39,58,35,31,30,41,56,27,70,72,29,49,33,35,70,63,75,78,80,78,78,74,76,65,84,78,CB,2,2,Right,"190cm / 6'3""",84kg / 185lb,,31,Chile,Serie A,Torino,['Press Proven'],,,,,
1921,Filip Ugrinić,M,75,77,73,74,75,69,85,76,78,72,70,82,75,64,64,72,73,70,78,73,74,75,75,81,69,76,71,69,60,69,70,70,83,90,87,75,CM,4,3,Right,"184cm / 6'0""",88kg / 194lb,"['CAM', 'CDM']",26,Switzerland,LaLiga,Valencia,"['Dead Ball', 'Enforcer', 'Long Ball Pass', 'Relentless', 'Whipped Pass']",,,,,
1922,Nelson Deossa,M,75,75,76,72,74,72,80,75,75,72,69,88,84,63,66,67,71,61,77,73,73,74,71,75,73,74,72,73,69,69,75,71,81,87,77,79,CM,3,3,Left,"185cm / 6'1""",74kg / 163lb,"['CDM', 'CAM']",25,Colombia,LaLiga,Betis,"['Anticipate', 'Relentless']",,,,,
1923,Przemysław Frankowski,M,75,87,71,74,75,69,71,86,87,70,68,73,72,72,76,74,76,62,76,72,71,74,74,75,76,75,78,71,58,70,70,67,76,78,67,69,RB,3,3,Right,"175cm / 5'9""",70kg / 154lb,['RM'],30,Poland,Ligue 1,Rennes,"['Long Throw', 'Quick Step', 'Rapid', 'Whipped Pass']",,,,,
1927,Derrick Köhn,M,75,87,69,71,77,68,71,86,88,64,67,77,74,57,43,74,65,69,72,70,74,79,84,74,71,76,61,69,58,67,72,71,79,71,72,65,LB,3,4,Left,"180cm / 5'11""",73kg / 161lb,['LM'],26,Germany,Bundesliga,Union Berlin,['Rapid'],,,,,
1929,Michael Folorunsho,M,75,73,76,73,74,71,76,70,75,78,71,84,77,80,70,63,75,70,77,75,66,74,71,60,76,77,74,71,73,69,72,69,81,75,76,78,CAM,4,3,Right,"185cm / 6'1""",78kg / 172lb,"['CM', 'ST']",27,Italy,Serie A,Cagliari,['Precision Header'],,,,,
1930,Arthur Masuaku,M,75,79,62,74,78,68,79,77,80,65,52,75,72,62,49,78,70,73,75,73,78,80,77,79,69,77,74,68,63,67,71,70,74,83,80,72,LB,2,4,Left,"179cm / 5'10""",80kg / 176lb,['LM'],32,Congo DR,Premier League,Sunderland,"['Bruiser', 'Whipped Pass']",,,,,
1933,Pedraza,M,75,77,71,72,73,73,71,77,77,75,70,76,69,63,64,76,69,57,74,68,74,74,75,68,72,74,66,70,67,74,75,74,79,68,72,69,LB,2,3,Left,"184cm / 6'0""",73kg / 161lb,['LM'],29,Spain,LaLiga,Villarreal,"['Anticipate', 'Block']",,,,,
1936,Andy Diouf,M,75,77,68,71,78,67,76,75,78,71,64,77,74,58,56,59,74,63,76,76,68,81,74,70,73,77,76,69,60,66,70,65,78,77,77,73,CM,3,3,Left,"187cm / 6'2""",81kg / 179lb,"['CDM', 'CAM']",22,France,Serie A,Milano FC,['Rapid'],,,,,
1938,Marius Wolf,M,75,74,71,71,73,70,77,75,74,76,73,75,70,64,52,76,72,70,72,64,69,75,66,64,75,73,77,72,57,70,72,72,76,80,76,78,RB,4,2,Right,"188cm / 6'2""",81kg / 179lb,['RM'],30,Germany,Bundesliga,Augsburg,[],,,,,
1941,El Hadji Malick Diouf,M,75,80,67,68,74,70,77,78,82,72,67,73,62,69,59,75,64,58,70,69,51,76,68,67,72,74,70,68,79,68,70,69,91,78,80,66,LB,2,3,Left,"183cm / 6'0""",75kg / 165lb,['LM'],20,Senegal,Premier League,West Ham,[],,,,,
1942,Mathias Pereira Lage,M,75,86,72,74,74,63,66,79,91,72,69,77,76,71,66,75,72,66,76,71,72,74,77,72,69,74,68,64,67,61,62,61,76,86,64,44,LW,3,4,Right,"180cm / 5'11""",69kg / 152lb,"['LM', 'RW']",28,Portugal,Bundesliga,St Pauli,['Technical'],,,,,
1943,Mitchel Bakker,M,75,79,63,69,72,71,81,77,80,71,59,80,58,48,48,73,66,46,74,68,64,74,64,63,74,72,70,70,70,72,73,69,85,82,81,79,LB,2,2,Left,"189cm / 6'2""",86kg / 190lb,"['LM', 'RM']",25,Holland,Serie A,Bergamo Calcio,['Rapid'],,,,,
1945,Pedro Díaz,M,75,66,76,76,74,69,73,68,64,74,74,82,79,65,68,72,75,82,78,75,80,74,79,69,69,75,71,67,60,69,73,70,72,82,71,68,CM,4,3,Right,"180cm / 5'11""",78kg / 172lb,['CDM'],27,Spain,LaLiga,Vallecano,"['Dead Ball', 'Incisive Pass', 'Long Ball Pass', 'Power Shot', 'Relentless', 'Whipped Pass']",,,,,
1946,Adrià Pedrosa,M,75,87,60,69,78,68,72,88,86,70,61,63,58,58,45,72,68,40,72,65,74,80,83,77,73,74,73,68,59,68,70,69,76,86,62,78,LB,3,3,Left,"176cm / 5'9""",69kg / 152lb,['LM'],27,Spain,LaLiga,Elche CF,"['Quick Step', 'Rapid', 'Relentless']",,,,,
1947,Jean-Ricner Bellegarde,M,75,78,63,72,78,70,72,79,78,74,61,69,64,56,55,66,75,68,76,75,59,77,83,86,75,78,75,70,61,68,74,72,76,79,68,72,CAM,3,3,Right,"170cm / 5'7""",70kg / 154lb,['CM'],27,France,Premier League,Wolves,[],,,,,
1960,Ryan Sessegnon,M,75,78,67,72,77,71,65,79,78,74,68,71,64,60,61,76,74,44,75,65,75,77,79,76,73,77,75,71,64,73,73,69,75,69,62,67,LB,3,4,Left,"178cm / 5'10""",70kg / 154lb,,25,England,Premier League,Fulham,['Rapid'],,,,,
1963,Miro Muheim,M,75,73,66,73,73,71,73,77,70,71,62,75,72,51,56,74,70,73,75,72,74,74,72,72,69,74,69,70,59,73,73,71,74,86,68,70,LB,3,2,Left,"182cm / 6'0""",77kg / 170lb,"['CB', 'LM']",27,Switzerland,Bundesliga,Hamburger SV,"['Dead Ball', 'Long Ball Pass', 'Power Shot', 'Whipped Pass']",,,,,
1964,Josip Juranović,M,75,79,64,75,74,71,66,84,75,69,57,78,62,57,82,80,74,79,75,69,78,73,82,82,74,73,73,69,57,71,76,69,73,67,61,75,RB,4,3,Right,"173cm / 5'8""",68kg / 150lb,['RM'],30,Croatia,Bundesliga,Union Berlin,"['Anticipate', 'Dead Ball', 'Relentless', 'Whipped Pass']",,,,,
1966,Jackson Irvine,M,75,67,68,71,70,72,80,64,69,73,67,73,68,58,55,64,76,58,75,72,63,69,64,59,75,74,72,79,82,65,71,74,85,91,76,76,CM,3,3,Right,"189cm / 6'2""",74kg / 163lb,['CDM'],32,Australia,Bundesliga,St Pauli,"['Aerial Fortress', 'Pinged Pass', 'Relentless']",,,,,
1967,Yannick Gerhardt,M,75,65,70,73,75,70,75,66,64,76,69,76,72,57,52,69,76,55,75,74,69,75,67,68,78,78,72,73,57,75,70,65,72,75,76,75,CM,3,3,Left,"184cm / 6'0""",81kg / 179lb,"['LM', 'CDM', 'CAM']",31,Germany,Bundesliga,Wolfsburg,[],,,,,
1969,Grischa Prömel,M,75,62,72,70,73,74,77,65,59,75,73,76,73,68,51,61,73,51,76,75,55,73,67,67,76,75,76,74,76,74,75,71,83,75,76,78,CM,4,3,Right,"184cm / 6'0""",81kg / 179lb,['CDM'],30,Germany,Bundesliga,Hoffenheim,['Relentless'],,,,,
1970,Kristian Thorstvedt,M,75,61,71,74,73,67,82,55,66,70,69,78,74,65,62,68,74,67,78,74,70,76,62,45,72,76,72,69,72,63,69,63,79,86,83,74,CM,4,3,Left,"189cm / 6'2""",84kg / 185lb,['CAM'],26,Norway,Serie A,Empoli,"['Finesse Shot', 'Slide Tackle']",,,,,
1972,Emanuele Valeri,M,75,74,70,73,74,71,66,76,73,72,68,74,73,73,56,77,66,74,76,72,74,75,68,68,72,76,69,70,56,74,74,71,68,78,58,69,LB,2,3,Left,"180cm / 5'11""",78kg / 172lb,['LM'],26,Italy,Serie A,Parma,"['Anticipate', 'Block', 'Long Throw']",,,,,
1973,Abel Bretones,M,75,77,65,70,69,70,77,75,79,68,59,75,70,57,67,76,59,62,72,70,78,70,70,59,69,71,63,73,65,68,72,71,78,79,74,80,LB,3,3,Left,"188cm / 6'2""",79kg / 174lb,['LM'],25,Spain,LaLiga,Osasuna,"['Block', 'Bruiser', 'Whipped Pass']",,,,,
1974,Christopher Trimmel,M,75,67,65,74,68,74,79,55,76,66,61,75,65,57,60,85,67,68,72,72,77,69,56,52,71,71,70,75,72,75,74,69,79,73,82,79,RB,3,3,Right,"189cm / 6'2""",82kg / 181lb,['RM'],38,Austria,Bundesliga,Union Berlin,"['Dead Ball', 'Long Throw', 'Whipped Pass']",,,,,
1975,Lekue,M,75,79,62,70,71,71,74,79,79,70,64,62,62,41,53,72,68,56,73,65,70,70,73,77,72,72,64,70,61,72,73,72,76,81,70,75,RB,3,3,Right,"180cm / 5'11""",70kg / 154lb,"['LB', 'RM']",32,Spain,LaLiga,Ath Bilbao,"['Anticipate', 'Whipped Pass']",,,,,
1976,Nikola Moro,M,75,66,72,74,73,70,72,66,66,74,67,82,74,64,68,67,74,69,78,80,68,72,68,63,72,76,77,69,69,68,73,72,73,74,70,73,CDM,4,3,Right,"184cm / 6'0""",78kg / 172lb,['CM'],27,Croatia,Serie A,Bologna,[],,,,,
1978,Fabiano Parisi,M,75,75,67,70,76,72,67,76,75,69,60,78,74,65,55,75,56,70,74,71,72,79,74,76,74,74,72,72,54,75,74,73,70,66,65,73,LB,3,2,Left,"178cm / 5'10""",72kg / 159lb,"['RB', 'LM']",25,Italy,Serie A,Fiorentina,['Bruiser'],,,,,
1979,Matteo Ruggeri,M,75,78,60,73,71,72,73,78,78,75,61,69,50,53,40,76,65,50,78,74,71,72,60,59,76,76,68,70,65,71,75,74,77,80,68,74,LM,3,3,Left,"187cm / 6'2""",79kg / 174lb,['LB'],23,Italy,LaLiga,Ath Madrid,"['Aerial Fortress', 'Whipped Pass']",,,,,
1984,Connor Roberts,M,75,76,61,71,72,71,75,77,75,67,60,67,61,54,41,74,69,47,75,70,71,71,71,72,70,74,74,69,65,71,73,70,78,84,71,71,RB,4,3,Right,"175cm / 5'9""",76kg / 168lb,,30,Wales,Premier League,Burnley,"['Long Ball Pass', 'Long Throw']",,,,,
1985,Edu Expósito,M,75,62,73,75,77,70,69,61,63,74,71,76,76,66,69,73,76,64,76,75,76,79,74,74,74,77,74,73,59,71,71,70,66,73,65,73,CAM,5,3,Right,"178cm / 5'10""",68kg / 150lb,['CM'],29,Spain,LaLiga,Espanol,['Power Shot'],,,,,
1986,Florian Neuhaus,M,75,72,71,75,76,65,67,64,79,68,71,75,75,63,56,68,80,59,77,77,76,76,77,76,74,78,73,67,55,66,67,64,66,66,66,70,CM,4,4,Right,"185cm / 6'1""",77kg / 170lb,"['CAM', 'CDM']",28,Germany,Bundesliga,M'gladbach,"['Incisive Pass', 'Technical']",,,,,
1987,Junior Firpo,M,75,74,61,72,72,72,75,72,75,74,62,66,57,57,47,76,75,48,75,64,63,74,67,65,71,73,73,72,72,70,74,72,81,77,73,76,LB,3,3,Left,"184cm / 6'0""",78kg / 172lb,['LM'],29,Dominican Republic,LaLiga,Betis,['Tiki Taka'],,,,,
1988,Dário Essugo,M,75,76,58,64,73,74,81,72,80,72,49,69,68,41,52,46,70,47,74,70,47,74,77,79,73,71,68,75,62,75,76,74,80,76,83,81,CDM,3,2,Right,"178cm / 5'10""",79kg / 174lb,"['CM', 'CB']",20,Portugal,Premier League,Chelsea,"['Block', 'Bruiser']",,,,,
1991,Carlos Romero,M,75,77,65,71,74,70,69,79,76,72,65,72,63,55,49,73,73,65,73,65,73,75,75,65,72,75,69,69,59,70,74,73,73,76,63,74,LB,2,2,Left,"180cm / 5'11""",70kg / 154lb,"['LM', 'LW']",24,Spain,LaLiga,Espanol,"['Anticipate', 'Jockey']",,,,,
1996,Tom Krauß,M,75,71,65,65,72,73,79,74,69,69,59,73,71,62,69,51,68,47,75,70,50,72,69,68,73,74,67,73,64,71,77,74,78,81,75,86,CDM,3,2,Right,"183cm / 6'0""",76kg / 168lb,['CM'],24,Germany,Bundesliga,1. FC Köln,"['Block', 'Relentless', 'Slide Tackle']",,,,,
1997,Hans Nicolussi Caviglia,M,75,66,68,77,75,69,70,69,63,65,62,76,74,76,60,65,79,80,83,79,75,76,65,67,68,80,73,70,59,71,71,67,69,81,67,63,CDM,3,3,Right,"184cm / 6'0""",79kg / 174lb,['CM'],25,Italy,Serie A,Fiorentina,"['Dead Ball', 'Finesse Shot', 'Inventive', 'Relentless']",,,,,
2001,Salih Özcan,M,75,70,59,68,73,75,79,75,66,64,59,65,53,51,57,62,66,53,74,71,59,72,76,83,72,71,70,78,71,74,76,73,84,75,78,83,CDM,3,2,Right,"182cm / 6'0""",79kg / 174lb,"['CM', 'CB']",27,Turkey,Bundesliga,Dortmund,['Bruiser'],,,,,
2003,Alberto Moreno,M,75,75,69,71,74,69,65,74,75,77,65,80,75,50,54,74,69,55,75,68,73,74,76,83,75,74,68,71,61,66,73,73,67,75,54,81,LB,2,3,Left,"171cm / 5'7""",65kg / 143lb,,33,Spain,Serie A,Como,[],,,,,
2006,Jack Hinshelwood,M,75,66,65,73,73,74,72,67,66,67,68,65,60,55,65,70,73,67,76,76,67,72,70,72,75,75,71,75,74,72,75,74,84,73,69,73,CDM,4,3,Right,"181cm / 5'11""",76kg / 168lb,"['RB', 'LB', 'RM']",20,England,Premier League,Brighton,['Dead Ball'],,,,,
2007,Danny da Costa,M,75,80,56,64,69,75,78,75,84,70,51,68,55,54,40,65,68,49,64,63,66,71,65,66,73,68,65,73,71,75,76,77,84,75,78,79,CB,3,3,Right,"187cm / 6'2""",87kg / 192lb,"['RB', 'RM']",32,Germany,Bundesliga,Mainz,[],,,,,
2008,Leander Dendoncker,M,75,52,69,76,69,76,80,41,61,75,62,83,73,68,55,73,71,68,81,77,71,71,42,54,72,76,77,76,77,74,78,75,78,75,85,74,CM,4,2,Right,"188cm / 6'2""",83kg / 183lb,"['CDM', 'CB']",30,Belgium,LaLiga,R. Oviedo,[],,,,,
2010,Aron Dønnum,M,75,82,67,69,77,52,75,84,80,69,68,69,65,56,58,69,72,66,70,66,71,77,85,82,73,76,71,59,53,55,47,42,76,85,72,68,RM,3,4,Left,"178cm / 5'10""",73kg / 161lb,"['LM', 'CAM', 'RW']",27,Norway,Ligue 1,Toulouse,"['Inventive', 'Technical']",,,,,
2012,Felix Agu,M,75,91,56,64,75,71,65,88,93,70,58,49,58,52,40,64,67,34,67,63,65,74,85,83,74,75,66,68,65,70,75,71,74,78,54,73,LB,3,3,Right,"180cm / 5'11""",67kg / 148lb,['LM'],26,Nigeria,Bundesliga,Werder Bremen,['Long Throw'],,,,,
2013,Philipp Sander,M,75,68,64,74,75,73,68,72,65,63,62,77,66,49,39,73,75,50,77,76,62,74,74,74,76,76,75,73,68,72,75,74,74,69,66,68,CDM,3,3,Right,"185cm / 6'1""",77kg / 170lb,['CM'],27,Germany,Bundesliga,M'gladbach,['Incisive Pass'],,,,,
2016,Francis Coquelin,M,75,58,65,75,73,76,74,58,58,73,62,75,66,60,52,69,77,53,81,78,69,72,63,75,74,78,75,76,63,79,77,73,73,61,77,83,CM,4,3,Right,"176cm / 5'9""",74kg / 163lb,['CDM'],34,France,Ligue 1,Nantes,['Slide Tackle'],,,,,
2018,Jayden Bogle,M,75,81,55,70,75,70,70,80,82,72,55,61,51,34,44,73,72,38,73,68,60,75,79,74,70,75,73,70,55,71,73,71,72,80,65,67,RB,3,3,Right,"178cm / 5'10""",69kg / 152lb,['RM'],25,England,Premier League,Leicester,['Technical'],,,,,
2021,Archie Gray,M,75,71,60,71,73,73,73,70,72,68,59,62,60,55,57,67,71,55,75,74,60,74,66,67,75,74,75,74,68,73,74,73,75,77,72,71,CDM,4,2,Right,"187cm / 6'2""",70kg / 154lb,"['CB', 'RB', 'RM']",19,England,Premier League,Tottenham,[],,,,,
2029,Yasin Ayari,M,75,69,70,73,77,69,62,69,69,72,66,73,78,59,61,66,75,59,76,75,75,76,79,86,75,76,74,73,46,69,72,76,55,72,51,78,CM,3,3,Right,"172cm / 5'8""",69kg / 152lb,['CDM'],22,Sweden,Premier League,Brighton,['Incisive Pass'],,,,,
2031,Juanlu Sánchez,M,75,71,67,71,75,71,65,72,71,69,70,69,67,38,56,76,71,51,74,69,62,76,68,64,71,79,69,72,64,72,72,71,71,75,60,61,RB,3,3,Right,"186cm / 6'1""",70kg / 154lb,"['CAM', 'RM']",22,Spain,LaLiga,Sevilla,[],,,,,
2035,Yvan Neyou,M,75,62,63,71,77,74,72,56,67,75,64,64,60,55,67,67,72,45,78,73,60,78,70,73,72,78,75,75,66,75,74,72,67,78,64,85,CM,3,2,Right,"180cm / 5'11""",63kg / 139lb,['CDM'],28,Cameroon,LaLiga,Getafe CF,['Press Proven'],,,,,
2036,Ruben Vargas,M,75,84,70,69,78,54,64,83,84,72,68,72,74,62,60,67,69,62,72,69,59,78,91,88,73,75,63,48,66,59,51,45,77,79,62,49,LM,4,4,Right,"177cm / 5'10""",70kg / 154lb,"['CAM', 'RM', 'LW']",27,Switzerland,LaLiga,Sevilla,['Technical'],,,,,
2037,Patrick Osterhage,M,75,78,57,66,69,74,75,72,83,60,52,68,62,47,45,63,62,47,72,70,59,68,72,67,74,69,70,78,64,76,73,76,76,86,71,72,CDM,3,3,Left,"186cm / 6'1""",75kg / 165lb,['CM'],25,Germany,Bundesliga,Freiburg,['Slide Tackle'],,,,,
2051,Ayyoub Bouaddi,M,75,75,58,72,75,67,71,76,74,66,59,61,56,46,54,59,76,52,79,77,62,75,67,64,73,78,76,74,56,59,75,62,75,74,71,68,CM,3,3,Right,"186cm / 6'1""",72kg / 159lb,['CDM'],18,France,Ligue 1,Lille,['Technical'],,,,,
2053,Shuto Machino,M,75,83,75,68,76,39,76,74,91,74,74,82,71,69,74,58,74,69,74,62,66,77,78,78,69,76,67,34,69,40,35,27,87,80,75,69,ST,4,3,Right,"185cm / 6'1""",84kg / 185lb,['CAM'],26,Japan,Bundesliga,M'gladbach,['Long Throw'],,,,,
2054,André Almeida,M,75,69,66,75,77,67,63,71,68,72,57,74,77,63,58,69,78,80,77,76,74,77,76,77,75,77,80,76,46,66,69,65,61,67,59,67,CAM,3,3,Right,"176cm / 5'9""",62kg / 137lb,"['ST', 'CM']",25,Portugal,LaLiga,Valencia,"['Dead Ball', 'Press Proven']",,,,,
2058,Sheraldo Becker,M,75,92,72,70,76,35,71,90,93,73,71,77,68,73,66,72,66,50,74,69,66,76,78,80,74,77,71,45,65,21,32,33,84,73,73,60,ST,2,3,Right,"180cm / 5'11""",77kg / 170lb,"['LM', 'RM', 'CAM']",30,Suriname,LaLiga,Osasuna,['Rapid'],,,,,
2059,Hernani,M,75,58,70,71,72,73,72,60,56,69,63,78,77,63,73,60,71,77,75,76,63,73,67,57,73,74,77,77,66,73,74,70,72,67,71,79,CDM,4,3,Right,"188cm / 6'2""",77kg / 170lb,"['CM', 'CAM']",31,Brazil,Serie A,Parma,['Power Shot'],,,,,
2062,Omari Hutchinson,M,75,80,73,70,79,55,59,81,79,73,73,75,76,59,63,67,72,64,71,68,69,79,83,82,74,79,71,53,49,55,57,54,62,75,51,58,CAM,3,3,Left,"174cm / 5'9""",65kg / 143lb,"['RM', 'CM']",22,England,Premier League,Nott'm Forest,"['Gamechanger', 'Low Driven Shot']",,,,,
2067,Dani Cárdenas,M,75,74,73,73,76,44,75,45,43,5,5,55,5,8,17,10,34,13,40,49,11,13,55,42,74,16,42,6,12,13,13,12,58,26,52,21,GK,3,1,Right,"186cm / 6'1""",74kg / 163lb,,28,Spain,LaLiga,Vallecano,[],74.0,73.0,73.0,75.0,76.0
2068,Tyrell Malacia,M,75,77,54,66,75,72,71,79,75,53,49,64,58,56,45,69,60,49,73,64,61,76,78,85,68,73,74,75,57,69,77,78,74,69,69,79,LB,3,3,Left,"169cm / 5'7""",67kg / 148lb,['LM'],26,Holland,Premier League,Man United,['Slide Tackle'],,,,,
2069,Jamie Leweling,M,75,83,71,65,78,46,72,81,84,75,69,84,68,66,55,72,62,43,72,53,55,80,78,80,73,78,67,42,59,50,46,30,80,73,76,61,RM,4,4,Right,"185cm / 6'1""",86kg / 190lb,"['RW', 'ST']",24,Germany,Bundesliga,Stuttgart,['Technical'],,,,,
2070,Lazar Samardžić,M,75,69,72,75,79,60,60,75,64,72,72,77,77,61,50,64,76,66,80,77,74,80,77,71,72,81,70,64,40,58,65,58,61,59,64,52,CM,3,4,Left,"184cm / 6'0""",79kg / 174lb,"['CDM', 'CAM']",23,Serbia,Serie A,Bergamo Calcio,"['Technical', 'Tiki Taka']",,,,,
2072,Ron-Robert Zieler,M,75,73,71,70,75,48,77,46,50,15,10,53,14,12,24,15,42,10,25,22,11,12,43,41,76,22,61,21,13,20,12,13,61,32,55,32,GK,3,1,Right,"187cm / 6'2""",82kg / 181lb,,36,Germany,Bundesliga,1. FC Köln,['Deflector'],73.0,71.0,70.0,77.0,75.0
2077,Arnaut Danjuma,M,75,83,73,71,76,44,67,82,84,71,71,76,76,70,75,73,72,59,73,66,78,76,81,75,74,76,73,32,72,35,52,47,83,62,69,63,LM,4,4,Right,"178cm / 5'10""",74kg / 163lb,"['ST', 'LW']",28,Holland,LaLiga,Valencia,"['Gamechanger', 'Rapid']",,,,,
2079,Aihen Muñoz,M,75,75,54,70,73,72,70,76,75,70,51,55,60,45,36,72,66,41,75,75,66,78,63,70,73,70,74,72,65,73,72,71,74,77,62,78,LB,3,3,Left,"175cm / 5'9""",68kg / 150lb,['LM'],28,Spain,LaLiga,Sociedad,['Long Throw'],,,,,
2082,Jesper Karlström,M,75,64,57,72,71,71,78,66,62,58,52,69,62,50,48,64,76,59,76,74,66,70,65,65,72,74,76,72,62,70,74,70,75,84,76,74,CDM,3,2,Right,"185cm / 6'1""",81kg / 179lb,['CM'],30,Sweden,Serie A,Udinese,['Block'],,,,,
2083,Florian Sotoca,M,75,64,74,75,71,50,79,60,68,77,75,76,69,73,69,76,78,64,76,70,68,70,65,51,78,75,77,49,79,47,46,44,83,82,80,73,ST,3,3,Right,"187cm / 6'2""",77kg / 170lb,"['RW', 'CAM']",35,France,Ligue 1,RC Lens,"['Acrobatic', 'Aerial Fortress', 'Precision Header', 'Relentless']",,,,,
2085,Alexander Meyer,M,75,72,71,79,76,41,74,39,45,7,8,59,9,6,12,13,36,10,31,29,12,17,22,29,74,19,37,8,11,20,10,9,68,19,79,22,GK,3,1,Right,"195cm / 6'5""",88kg / 194lb,,34,Germany,Bundesliga,Dortmund,['Long Ball Pass'],72.0,71.0,79.0,74.0,76.0
2087,Enrico Delprato,M,75,81,54,63,69,72,74,77,84,61,49,64,54,48,51,70,58,45,65,63,63,69,59,65,70,74,61,70,64,73,74,72,76,85,69,74,RB,3,2,Right,"183cm / 6'0""",74kg / 163lb,"['CB', 'RM']",26,Italy,Serie A,Parma,"['Anticipate', 'Block', 'Bruiser']",,,,,
2089,Yáser Asprilla,M,75,80,72,73,76,50,62,81,80,70,70,79,75,62,58,74,71,58,75,72,77,77,83,67,71,75,70,44,42,52,55,45,64,69,63,51,RM,3,3,Left,"175cm / 5'9""",75kg / 165lb,"['RW', 'CAM']",22,Colombia,LaLiga,Girona,['Incisive Pass'],,,,,
2092,Matías Dituro,M,75,74,72,77,77,38,74,32,48,19,12,58,16,19,20,13,67,17,58,53,12,17,40,32,74,40,68,21,12,18,12,18,63,42,72,20,GK,3,1,Right,"191cm / 6'3""",86kg / 190lb,,38,Argentina,LaLiga,Elche CF,"['Far Throw', 'Footwork', 'Long Ball Pass']",74.0,72.0,77.0,74.0,77.0
2095,Sandi Lovrič,M,75,62,66,75,73,70,66,62,62,72,67,69,68,50,50,66,78,65,79,76,68,74,62,71,76,76,72,72,55,70,72,70,64,75,61,70,CM,3,3,Right,"180cm / 5'11""",70kg / 154lb,['CDM'],27,Slovenia,Serie A,Udinese,"['Anticipate', 'Dead Ball', 'Jockey']",,,,,
2102,Eric Smith,M,75,67,59,67,66,73,79,61,71,66,50,77,67,43,41,43,70,70,75,77,53,63,65,55,76,70,70,77,68,78,69,66,77,77,82,74,CDM,3,2,Right,"192cm / 6'4""",86kg / 190lb,"['CM', 'CB']",28,Sweden,Bundesliga,St Pauli,"['Anticipate', 'Long Ball Pass']",,,,,
2103,Kristoffer Ajer,M,75,67,56,65,68,74,81,63,70,61,58,64,47,41,49,69,57,42,71,64,58,71,44,46,75,74,77,72,74,73,76,77,77,69,89,79,RB,3,3,Right,"196cm / 6'5""",84kg / 185lb,"['CB', 'RM']",27,Norway,Premier League,Brentford,['Slide Tackle'],,,,,
2104,Maximilian Eggestein,M,75,60,62,69,71,72,77,63,57,62,54,76,67,50,60,67,66,48,76,71,64,69,68,66,77,74,75,74,65,70,75,72,75,81,76,74,CDM,4,3,Right,"181cm / 5'11""",82kg / 181lb,['CM'],28,Germany,Bundesliga,Freiburg,"['Aerial Fortress', 'Bruiser', 'Intercept']",,,,,
2106,Lucien Agoumé,M,75,67,54,70,73,72,75,66,67,68,51,59,58,43,51,58,73,42,78,75,57,74,64,60,73,76,76,73,68,72,74,69,77,76,78,68,CDM,3,3,Right,"188cm / 6'2""",72kg / 159lb,"['CM', 'CB']",23,France,LaLiga,Sevilla,['Aerial Fortress'],,,,,
2108,Tanner Tessmann,M,75,57,63,71,71,71,78,51,62,66,55,79,70,48,48,58,74,60,77,76,58,71,62,68,73,74,74,71,64,70,75,68,73,79,84,62,CDM,4,3,Right,"188cm / 6'2""",86kg / 190lb,['CM'],24,United States,Ligue 1,Lyon,"['Anticipate', 'Incisive Pass', 'Long Ball Pass', 'Slide Tackle']",,,,,
2109,Carlos Alcaraz,M,75,80,71,71,78,46,65,86,75,72,72,75,69,55,66,59,73,72,76,73,72,79,83,81,70,77,71,43,65,45,45,43,75,69,57,78,CAM,3,4,Right,"176cm / 5'9""",70kg / 154lb,"['CM', 'ST']",22,Argentina,Premier League,Everton,"['Quick Step', 'Technical']",,,,,
2114,Solly March,M,75,69,70,75,77,65,54,71,67,75,71,74,71,56,54,79,76,66,76,70,76,79,74,74,75,76,79,69,46,69,66,64,60,44,56,59,RM,2,3,Left,"180cm / 5'11""",77kg / 170lb,['RW'],31,England,Premier League,Brighton,[],,,,,
2115,Sean Longstaff,M,75,56,67,73,73,71,70,56,56,74,64,75,69,58,54,63,78,63,76,76,70,75,59,62,72,75,74,74,53,74,75,66,61,84,65,66,CM,4,2,Right,"187cm / 6'2""",74kg / 163lb,['CDM'],28,England,Premier League,Leicester,[],,,,,
2116,Nicolò Casale,M,75,73,53,66,67,76,75,70,75,54,47,72,48,47,52,69,63,44,70,63,60,70,59,59,76,63,75,76,76,75,76,74,84,67,77,78,CB,3,2,Right,"191cm / 6'3""",80kg / 176lb,,27,Italy,Serie A,Bologna,['Long Ball Pass'],,,,,
2119,Jota Silva,M,75,79,72,69,76,44,70,78,79,74,74,75,66,65,63,69,74,53,72,64,67,76,79,72,76,78,70,45,73,37,44,36,81,68,67,77,RM,2,3,Right,"179cm / 5'10""",77kg / 170lb,"['LM', 'ST', 'RW']",26,Portugal,Premier League,Nott'm Forest,[],,,,,
2120,Niklas Stark,M,75,79,50,62,66,74,78,73,84,48,45,63,52,48,39,50,68,35,72,65,41,65,65,62,73,67,69,73,76,74,74,74,81,75,81,72,CB,3,2,Right,"190cm / 6'3""",88kg / 194lb,,30,Germany,Bundesliga,Werder Bremen,['Slide Tackle'],,,,,
2121,Ulisses Garcia,M,75,79,49,66,71,70,74,78,79,59,45,53,59,28,34,73,61,36,70,61,70,71,74,71,75,69,68,70,57,74,70,73,78,79,76,64,LB,2,3,Left,"182cm / 6'0""",73kg / 161lb,"['CB', 'LM']",29,Switzerland,Ligue 1,Marseille,"['Rapid', 'Whipped Pass']",,,,,
2122,Mërgim Vojvoda,M,75,68,54,73,73,73,68,67,68,70,45,69,62,50,35,78,70,58,75,72,68,75,70,61,75,75,68,75,64,73,73,73,70,71,66,70,RB,5,3,Right,"186cm / 6'1""",78kg / 172lb,"['CB', 'RM']",30,Kosovo,Serie A,Como,[],,,,,
2126,Jean-Mattéo Bahoya,M,75,94,67,67,76,46,59,91,97,75,73,64,59,57,62,72,73,51,65,61,65,78,83,75,66,75,70,36,45,44,52,56,69,66,60,43,LM,3,4,Right,"180cm / 5'11""",76kg / 168lb,"['CAM', 'LW']",20,France,Bundesliga,Ein Frankfurt,['Technical'],,,,,
2127,Bertrand Traoré,M,75,73,72,72,80,47,64,75,72,70,73,73,68,71,68,71,72,72,75,66,79,80,86,61,67,85,73,56,66,43,42,37,74,66,64,58,RW,1,4,Left,"181cm / 5'11""",73kg / 161lb,['RM'],30,Burkina Faso,Premier League,Sunderland,"['Finesse Shot', 'Incisive Pass', 'Technical']",,,,,
2128,Lukas Kübler,M,75,77,54,61,67,73,76,74,79,57,49,64,54,50,58,70,53,32,69,57,46,66,66,67,73,68,66,81,58,72,73,74,77,73,79,71,RB,2,2,Right,"182cm / 6'0""",77kg / 170lb,"['CB', 'RM']",33,Germany,Bundesliga,Freiburg,"['Anticipate', 'Bruiser', 'Intercept', 'Jockey']",,,,,
2130,Aarón,M,75,72,76,75,74,38,73,40,34,12,15,56,16,19,21,20,66,18,40,42,25,19,44,56,73,22,46,24,24,30,19,18,60,45,54,27,GK,4,1,Right,"185cm / 6'1""",71kg / 157lb,,30,Spain,LaLiga,R. Oviedo,['Pinged Pass'],72.0,76.0,75.0,73.0,74.0
2131,Hwang Hee Chan,M,75,81,75,70,75,39,68,86,76,77,76,77,72,76,72,68,75,52,72,67,63,76,77,71,75,74,79,37,68,39,36,25,81,66,68,68,ST,4,3,Right,"177cm / 5'10""",77kg / 170lb,"['LW', 'CAM']",29,Korea Republic,Premier League,Wolves,[],,,,,
2134,Saud Abdulhamid,M,75,86,46,66,71,69,70,86,86,70,41,53,45,35,48,75,59,43,69,66,62,72,82,82,70,66,64,71,61,67,73,70,70,80,64,73,RB,3,3,Right,"175cm / 5'9""",70kg / 154lb,['RM'],26,Saudi Arabia,Ligue 1,RC Lens,"['Long Throw', 'Quick Step', 'Rapid']",,,,,
2135,Carreira,M,75,76,52,72,75,68,65,78,74,70,56,50,51,32,39,75,74,34,76,67,70,76,75,74,76,75,72,70,65,68,68,67,75,76,63,55,RM,3,3,Right,"170cm / 5'7""",65kg / 143lb,['RB'],25,Spain,LaLiga,Celta,[],,,,,
2136,Zeki Amdouni,M,75,71,76,69,76,46,70,70,72,76,76,79,78,65,65,60,76,60,74,67,62,77,75,69,76,78,72,47,65,43,42,45,75,72,73,59,ST,4,3,Right,"185cm / 6'1""",79kg / 174lb,['CAM'],24,Switzerland,Premier League,Burnley,"['Incisive Pass', 'Technical']",,,,,
2137,Valentín Barco,M,75,76,50,75,78,68,61,77,76,72,42,60,52,42,67,75,74,60,78,73,75,77,85,81,74,77,74,71,50,66,73,72,60,75,48,76,LB,3,3,Left,"170cm / 5'7""",66kg / 146lb,"['LM', 'CM']",21,Argentina,Ligue 1,Strasbourg,"['Slide Tackle', 'Technical']",,,,,
2142,Amine Harit,M,75,75,64,73,79,59,57,79,72,74,63,64,61,59,73,68,76,66,75,73,75,82,81,73,75,78,73,68,55,58,60,48,63,74,46,62,CAM,3,5,Right,"180cm / 5'11""",67kg / 148lb,['CM'],28,Morocco,Ligue 1,Marseille,"['Inventive', 'Technical', 'Trickster']",,,,,
2143,Albert Sambi Lokonga,M,75,60,59,74,76,68,70,56,64,65,55,68,63,58,41,68,74,68,78,77,71,77,69,65,72,80,79,74,61,64,71,68,66,75,68,72,CM,3,3,Right,"183cm / 6'0""",73kg / 161lb,['CDM'],26,Belgium,Bundesliga,Hamburger SV,['Aerial Fortress'],,,,,
2145,Pol Lozano,M,75,65,58,72,69,72,71,61,68,63,52,73,64,40,50,70,75,54,74,73,65,64,71,75,75,74,66,76,52,74,73,73,62,81,63,81,CDM,3,3,Right,"177cm / 5'10""",62kg / 137lb,['CM'],26,Spain,LaLiga,Espanol,['Press Proven'],,,,,
2146,Antonino Gallo,M,75,78,52,70,70,70,67,77,79,67,48,59,50,51,48,75,65,60,72,64,74,69,71,67,74,72,61,74,65,68,69,71,74,80,62,61,LB,2,2,Left,"183cm / 6'0""",73kg / 161lb,['LM'],25,Italy,Serie A,Lecce,['Long Throw'],,,,,
2150,Senny Mayulu,M,75,75,68,73,78,57,55,76,74,75,67,80,64,47,56,63,76,54,78,74,74,78,75,70,73,80,78,69,44,47,67,43,55,69,47,58,CM,5,3,Left,"183cm / 6'0""",69kg / 152lb,,19,France,Ligue 1,Paris SG,['Press Proven'],,,,,
2154,Francés,M,75,75,45,67,67,75,77,77,73,61,44,54,37,37,48,72,62,42,72,69,51,64,72,74,74,68,67,75,73,75,75,73,86,78,76,75,CB,4,2,Right,"181cm / 5'11""",70kg / 154lb,"['RB', 'LB', 'RM']",23,Spain,LaLiga,Girona,"['Long Ball Pass', 'Slide Tackle']",,,,,
2155,Toti,M,75,77,47,65,66,75,76,75,79,58,42,55,49,42,45,64,65,48,69,68,48,64,64,61,75,67,72,76,70,75,77,75,83,67,81,74,CB,3,2,Left,"187cm / 6'2""",72kg / 159lb,,26,Portugal,Premier League,Wolves,[],,,,,
2156,Musa Al Tamari,M,75,89,69,67,80,38,63,88,90,73,71,68,68,65,62,66,72,58,71,55,74,80,93,88,70,77,78,54,39,25,41,34,66,66,62,63,RM,4,3,Left,"178cm / 5'10""",75kg / 165lb,"['ST', 'LM', 'RW']",28,Jordan,Ligue 1,Rennes,"['Finesse Shot', 'Gamechanger', 'Technical']",,,,,
2160,Franco Israel,M,75,79,71,71,80,31,74,30,32,8,6,53,8,5,11,11,45,10,37,30,14,18,33,37,64,24,44,11,10,7,12,11,65,23,80,16,GK,3,1,Right,"190cm / 6'3""",82kg / 181lb,,25,Uruguay,Serie A,Torino,[],79.0,71.0,71.0,74.0,80.0
2161,Santi Cazorla,M,75,53,72,80,78,63,59,54,53,70,70,71,73,70,85,80,80,83,79,79,80,79,68,89,70,79,79,62,58,65,65,55,59,67,55,59,CAM,5,4,Right,"168cm / 5'6""",65kg / 143lb,"['CM', 'LM']",40,Spain,LaLiga,R. Oviedo,"['Incisive Pass', 'Inventive', 'Long Ball Pass', 'Technical', 'Tiki Taka']",,,,,
2171,Bernardo,M,75,69,53,63,68,75,76,67,71,64,38,72,68,53,43,60,58,60,69,63,58,67,67,69,72,70,69,72,73,74,78,81,79,82,73,75,CB,3,3,Left,"186cm / 6'1""",76kg / 168lb,['LB'],30,Brazil,Bundesliga,Hoffenheim,"['Block', 'Intercept', 'Jockey', 'Slide Tackle']",,,,,
2174,Ezequiel Fernández,M,75,70,47,67,72,70,78,70,70,48,38,58,54,48,46,50,70,48,77,76,51,72,73,79,70,72,73,70,60,69,74,73,76,78,79,77,CDM,5,2,Left,"178cm / 5'10""",76kg / 168lb,['CM'],23,Argentina,Bundesliga,Leverkusen,"['Anticipate', 'Bruiser', 'Long Ball Pass', 'Press Proven']",,,,,
2179,Gonçalo Guedes,M,75,76,76,70,78,37,66,79,73,73,75,82,73,74,69,74,73,70,68,64,75,78,81,75,75,77,74,50,70,24,34,30,71,64,67,64,ST,4,3,Right,"179cm / 5'10""",68kg / 150lb,"['LW', 'CAM']",28,Portugal,LaLiga,Sociedad,"['Power Shot', 'Rapid']",,,,,
2181,Félix Correia,M,75,84,69,68,76,42,64,86,83,71,70,72,65,70,61,67,73,50,70,64,70,75,85,76,73,76,74,43,48,40,44,35,67,82,58,56,LM,2,4,Right,"178cm / 5'10""",66kg / 146lb,"['LW', 'RM']",24,Portugal,Ligue 1,Lille,['Technical'],,,,,
2182,Marco Grüll,M,75,79,75,69,76,36,68,84,74,73,76,76,75,66,74,69,72,73,69,65,69,77,77,74,73,75,69,29,54,46,28,30,76,75,72,47,LM,4,4,Right,"182cm / 6'0""",74kg / 163lb,"['ST', 'CAM', 'LW']",27,Austria,Bundesliga,Werder Bremen,"['Finesse Shot', 'Power Shot', 'Whipped Pass']",,,,,
2186,Antonín Kinský,M,75,76,76,76,75,25,74,25,26,6,6,57,6,8,15,13,47,14,40,45,13,18,39,25,68,30,70,11,14,9,10,11,57,20,60,24,GK,4,1,Right,"190cm / 6'3""",80kg / 176lb,,22,Czech Republic,Premier League,Tottenham,[],76.0,76.0,76.0,74.0,75.0
2187,Kiko Femenía,M,75,68,56,70,69,73,66,68,68,61,53,56,63,54,60,75,67,55,76,61,62,68,70,69,70,72,66,73,64,75,75,74,69,72,61,71,RB,3,3,Right,"174cm / 5'9""",61kg / 134lb,['RM'],34,Spain,LaLiga,Getafe CF,['Intercept'],,,,,
2188,Kyle Walker-Peters,M,75,76,47,68,76,71,64,73,78,65,44,52,50,30,32,74,67,31,74,64,60,76,79,79,72,75,72,70,64,71,73,69,67,82,53,70,RB,4,3,Right,"173cm / 5'8""",62kg / 137lb,"['RM', 'LB']",28,England,Premier League,West Ham,[],,,,,
2190,Jesper Lindstrøm,M,75,82,69,72,76,43,60,84,80,72,70,75,69,58,52,74,75,72,70,67,72,77,76,78,70,77,70,40,44,46,44,39,60,68,51,72,RM,3,3,Right,"182cm / 6'0""",63kg / 139lb,"['LM', 'RW']",25,Denmark,Bundesliga,Wolfsburg,"['Finesse Shot', 'Quick Step', 'Technical']",,,,,
2192,Jonathan Rowe,M,75,84,73,67,77,36,65,85,84,75,72,78,73,63,61,69,69,52,71,56,70,77,80,83,76,76,72,39,64,39,26,24,78,64,64,63,LM,4,3,Right,"178cm / 5'10""",73kg / 161lb,"['RM', 'LW']",22,England,Serie A,Bologna,"['Quick Step', 'Rapid']",,,,,
2195,M'Bala Nzola,M,75,85,72,62,73,29,80,83,87,74,74,78,64,60,74,52,62,54,69,62,64,74,65,62,73,76,76,29,72,20,24,28,94,62,92,68,ST,4,2,Left,"185cm / 6'1""",91kg / 201lb,,29,Angola,Serie A,Pisa,"['Enforcer', 'Press Proven']",,,,,
2196,Altay Bayındır,M,75,77,72,70,77,30,75,30,31,14,10,53,11,15,16,11,55,14,40,45,10,10,51,24,69,16,60,14,14,14,13,10,61,31,68,29,GK,2,1,Right,"198cm / 6'6""",88kg / 194lb,,27,Turkey,Premier League,Man United,[],77.0,72.0,70.0,75.0,77.0
2198,Elye Wahi,M,75,84,76,67,77,31,66,83,85,74,75,79,75,85,66,64,66,60,72,60,66,78,80,81,74,77,70,28,67,25,29,23,81,61,71,57,ST,4,4,Right,"181cm / 5'11""",77kg / 170lb,,22,France,Bundesliga,Ein Frankfurt,"['Acrobatic', 'Quick Step', 'Technical']",,,,,
2200,Federico Baschirotto,M,75,69,53,60,57,75,86,66,72,57,52,53,56,44,49,60,63,48,63,57,56,48,69,57,70,61,69,73,69,79,74,72,81,82,88,87,CB,3,2,Right,"184cm / 6'0""",77kg / 170lb,,29,Italy,Serie A,Monza,"['Aerial Fortress', 'Long Ball Pass', 'Precision Header']",,,,,
2201,Patric,M,75,63,53,68,70,76,69,65,61,55,49,63,57,25,51,69,66,48,74,70,46,68,68,68,78,73,72,78,75,76,77,74,75,68,64,79,CB,3,2,Right,"184cm / 6'0""",72kg / 159lb,,32,Spain,Serie A,Lazio,[],,,,,
2202,Omar Mascarell,M,75,47,64,71,74,72,71,55,41,72,58,72,68,56,63,53,73,70,78,79,61,73,71,72,75,76,68,74,59,70,77,69,65,76,69,69,CM,5,3,Right,"181cm / 5'11""",76kg / 168lb,"['CDM', 'CB']",32,Equatorial Guinea,LaLiga,Mallorca,"['Aerial Fortress', 'Intercept', 'Slide Tackle']",,,,,
2203,André Gomes,M,75,41,66,75,73,70,74,40,41,70,62,76,66,69,55,65,79,67,78,78,80,74,55,59,72,79,81,73,65,70,72,64,68,61,80,76,CDM,4,3,Right,"190cm / 6'3""",88kg / 194lb,['CM'],32,Portugal,Ligue 1,Lille,[],,,,,
2204,Neal Maupay,M,75,67,76,68,75,42,71,72,63,76,77,80,71,76,78,65,69,55,74,59,64,73,76,83,75,75,74,26,76,30,55,33,81,70,68,78,ST,3,3,Right,"174cm / 5'9""",65kg / 143lb,,29,France,Ligue 1,Marseille,['Relentless'],,,,,
2206,Jordan Torunarigha,M,75,82,39,61,63,73,81,79,84,50,42,42,25,26,66,56,54,25,72,73,34,60,65,66,66,66,71,73,77,71,75,73,87,72,89,73,CB,2,2,Left,"191cm / 6'3""",80kg / 176lb,,28,Nigeria,Bundesliga,Hamburger SV,"['Bruiser', 'Intercept', 'Jockey']",,,,,
2208,Sebastiano Esposito,M,75,75,76,74,77,35,62,76,74,78,77,77,75,70,69,76,70,84,75,70,75,78,77,70,71,79,71,30,67,24,40,35,75,71,63,45,ST,5,4,Right,"183cm / 6'0""",73kg / 161lb,['CAM'],23,Italy,Serie A,Cagliari,"['Dead Ball', 'Incisive Pass']",,,,,
2211,Jutglà,M,75,76,75,65,77,29,77,79,73,77,74,78,71,78,73,65,65,62,69,54,67,75,79,86,76,77,77,21,67,22,29,25,83,74,79,74,ST,4,3,Right,"175cm / 5'9""",67kg / 148lb,,26,Spain,LaLiga,Celta,"['Finesse Shot', 'Gamechanger', 'Low Driven Shot']",,,,,
2215,Ben Davies,M,75,53,58,71,71,77,68,54,53,60,58,65,52,48,54,71,64,48,76,75,72,70,61,66,78,74,76,77,73,77,78,77,72,54,70,79,CB,3,3,Left,"181cm / 5'11""",76kg / 168lb,,32,Wales,Premier League,Tottenham,['Block'],,,,,
2217,Maximilian Wöber,M,75,64,52,67,64,75,76,62,65,56,41,69,62,34,58,63,60,69,71,69,65,63,60,55,74,67,67,74,75,75,75,75,73,67,79,81,CB,2,2,Left,"188cm / 6'2""",85kg / 187lb,['LB'],27,Austria,Bundesliga,Werder Bremen,['Slide Tackle'],,,,,
2218,Takuma Asano,M,75,84,69,64,79,33,69,87,81,75,69,70,64,75,65,70,67,39,69,50,61,78,90,85,76,77,73,31,58,34,22,40,80,77,73,46,RM,4,3,Right,"173cm / 5'8""",71kg / 157lb,"['ST', 'RW']",31,Japan,LaLiga,Mallorca,['Quick Step'],,,,,
2219,Mergim Berisha,M,75,69,76,72,75,37,69,73,66,78,76,78,74,77,76,69,72,77,74,65,80,75,69,65,76,77,75,32,72,38,32,26,83,55,76,67,ST,3,3,Right,"188cm / 6'2""",84kg / 185lb,,27,Germany,Bundesliga,Hoffenheim,['Finesse Shot'],,,,,
2220,Bradley Locko,M,75,73,50,63,71,74,67,69,77,56,47,58,54,28,49,71,52,42,71,58,60,72,67,69,68,74,66,75,68,73,75,76,72,67,66,68,LB,2,2,Left,"180cm / 5'11""",65kg / 143lb,['LM'],23,France,Ligue 1,Brest,[],,,,,
2223,Matias Fernandez-Pardo,M,75,87,71,68,76,39,57,84,90,70,69,77,72,62,70,69,68,60,73,60,64,78,76,69,73,75,74,36,51,41,36,32,69,66,58,41,LM,3,3,Right,"188cm / 6'2""",77kg / 170lb,"['RM', 'LW']",20,Spain,Ligue 1,Lille,"['Press Proven', 'Quick Step']",,,,,
2225,Laurent Abergel,M,75,60,50,69,72,71,75,67,55,58,42,69,51,37,42,67,67,47,76,70,54,70,74,83,73,74,64,74,53,70,74,73,66,91,68,77,CDM,3,3,Right,"170cm / 5'7""",65kg / 143lb,['CM'],32,France,Ligue 1,FC Lorient,"['Incisive Pass', 'Intercept', 'Long Ball Pass', 'Press Proven']",,,,,
2226,Giovanni Simeone,M,75,71,77,63,73,41,72,73,69,80,78,80,71,73,75,55,60,66,69,61,69,71,70,72,72,76,75,24,76,44,38,36,84,65,71,78,ST,4,3,Right,"181cm / 5'11""",81kg / 179lb,,30,Argentina,Serie A,Torino,[],,,,,
2227,Moritz Nicolas,M,75,77,76,70,78,21,75,18,26,7,9,53,10,11,17,14,47,14,47,38,17,16,42,31,59,13,48,15,16,10,17,13,61,28,74,27,GK,2,1,Right,"193cm / 6'4""",89kg / 196lb,,28,Germany,Bundesliga,M'gladbach,[],77.0,76.0,70.0,75.0,78.0
2228,Giovanni Reyna,M,75,67,72,72,80,38,68,71,63,72,71,78,74,76,50,70,75,64,75,66,78,82,81,78,74,79,75,39,49,36,37,37,69,65,74,55,RM,2,4,Right,"185cm / 6'1""",79kg / 174lb,"['CAM', 'LM', 'RW']",23,United States,Bundesliga,M'gladbach,"['Finesse Shot', 'Technical']",,,,,
2230,David Affengruber,M,75,73,41,56,69,75,83,74,72,56,38,46,42,34,41,30,53,33,71,71,38,68,71,77,74,68,74,75,75,76,74,73,87,89,83,76,CB,3,2,Right,"185cm / 6'1""",79kg / 174lb,,24,Austria,LaLiga,Elche CF,[],,,,,
2236,David Brooks,M,75,70,69,74,77,48,58,69,71,73,70,68,72,61,65,76,76,66,75,68,73,78,73,80,75,77,75,43,59,47,49,44,65,57,57,60,RM,3,4,Left,"178cm / 5'10""",62kg / 137lb,['RW'],28,Wales,Premier League,Bournemouth,['Technical'],,,,,
2237,Jean-Luc Dompé,M,75,77,72,73,80,38,56,84,72,72,70,80,75,70,57,78,75,77,70,67,83,80,90,90,69,76,75,39,36,31,44,42,57,78,50,42,LW,3,4,Right,"170cm / 5'7""",65kg / 143lb,['LM'],30,France,Bundesliga,Hamburger SV,"['Dead Ball', 'Finesse Shot', 'First Touch', 'Technical', 'Whipped Pass']",,,,,
2240,Yann Gboho,M,75,79,69,70,79,36,63,81,78,74,73,69,61,59,62,64,75,58,76,61,63,80,80,77,76,79,73,30,53,34,38,34,70,67,61,59,CAM,3,3,Right,"178cm / 5'10""",63kg / 139lb,"['LM', 'LW', 'ST']",24,France,Ligue 1,Toulouse,"['Incisive Pass', 'Inventive', 'Technical']",,,,,
2245,Carlos Álvarez,M,75,77,71,72,78,40,58,79,76,69,70,72,75,63,61,66,77,59,76,71,65,78,82,85,73,77,70,44,45,42,37,29,64,70,58,41,RM,3,3,Left,"168cm / 5'6""",75kg / 165lb,"['CAM', 'RW']",22,Spain,LaLiga,Levante UD,[],,,,,
2249,Marius Müller,M,75,75,73,62,78,30,76,25,38,11,10,47,12,9,18,11,51,13,27,26,11,14,34,38,70,22,30,14,12,20,13,11,62,35,75,30,GK,2,1,Right,"192cm / 6'4""",93kg / 205lb,,32,Germany,Bundesliga,Wolfsburg,['Footwork'],75.0,73.0,62.0,76.0,78.0
2255,Ihlas Bebou,M,75,82,74,68,78,34,57,84,81,78,76,77,70,70,67,74,69,46,74,53,66,80,76,72,75,77,73,31,64,26,35,33,79,45,68,40,ST,3,4,Right,"185cm / 6'1""",80kg / 176lb,"['RW', 'RM']",31,Togo,Bundesliga,Hoffenheim,"['Quick Step', 'Rapid']",,,,,
2256,Josip Brekalo,M,75,75,72,74,80,38,54,79,72,69,70,78,72,68,64,74,72,77,75,70,80,80,86,83,70,79,77,30,45,35,42,40,60,70,51,41,LM,4,4,Right,"175cm / 5'9""",70kg / 154lb,"['LW', 'CAM']",27,Croatia,LaLiga,R. Oviedo,"['Finesse Shot', 'Technical', 'Whipped Pass']",,,,,
2257,Zé Pedro,M,75,65,52,64,62,75,75,64,65,46,46,65,51,42,70,50,57,63,73,70,65,57,60,64,74,66,67,74,74,76,76,75,80,71,76,74,CB,2,2,Right,"187cm / 6'2""",80kg / 176lb,,28,Portugal,Serie A,Cagliari,[],,,,,
2259,Vitinha,M,75,73,75,63,75,32,74,76,71,77,76,78,70,74,65,58,65,56,67,59,63,76,75,79,75,74,73,36,73,23,29,22,81,71,70,86,ST,3,3,Right,"178cm / 5'10""",74kg / 163lb,,25,Portugal,Serie A,Genoa,[],,,,,
2267,Rodrigo Muniz,M,75,68,74,59,71,42,76,68,68,77,76,79,64,86,65,47,65,41,68,53,60,70,70,69,76,72,71,38,77,36,42,31,85,69,78,79,ST,3,3,Right,"185cm / 6'1""",80kg / 176lb,,24,Brazil,Premier League,Fulham,['Acrobatic+'],,,,,
2268,Aïssa Mandi,M,75,57,46,71,67,75,73,59,55,65,41,52,49,49,35,69,68,49,76,75,67,64,66,64,75,71,74,75,77,75,76,73,82,60,78,76,CB,3,2,Right,"186cm / 6'1""",82kg / 181lb,['RB'],34,Algeria,Ligue 1,Lille,['Slide Tackle'],,,,,
2269,Abdoulaye Touré,M,75,42,64,66,65,72,80,41,43,48,57,76,72,42,80,48,69,54,75,72,49,68,32,34,75,72,75,73,63,74,74,65,70,75,86,73,CDM,3,2,Right,"188cm / 6'2""",84kg / 185lb,['CM'],31,Guinea,Ligue 1,Havre AC,['Aerial Fortress'],,,,,
2271,Josep Martínez,M,75,75,71,67,74,26,76,24,30,11,6,50,7,6,18,12,52,12,27,24,11,8,32,22,75,11,42,11,11,15,13,15,54,42,58,24,GK,3,1,Right,"191cm / 6'3""",78kg / 172lb,,27,Spain,Serie A,Milano FC,"['Cross Claimer', 'Far Throw']",75.0,71.0,67.0,76.0,74.0
2272,César Tárrega,M,75,63,45,59,67,75,80,60,65,31,31,68,55,45,48,45,53,48,71,68,35,66,61,72,73,69,61,73,78,77,73,73,86,74,86,71,CB,3,2,Right,"193cm / 6'4""",78kg / 172lb,,23,Spain,LaLiga,Valencia,[],,,,,
2273,CJ Egan-Riley,M,75,76,32,61,67,75,78,74,78,32,28,47,23,30,42,54,50,27,71,73,59,66,54,70,75,69,75,73,72,76,76,75,84,77,78,78,CB,3,2,Right,"183cm / 6'0""",74kg / 163lb,,22,England,Ligue 1,Marseille,"['Jockey', 'Long Ball Pass']",,,,,
2282,Tommaso Baldanzi,M,75,76,71,73,78,41,48,77,76,74,69,77,74,70,58,68,78,64,75,68,75,78,83,89,70,78,69,33,48,42,41,48,53,65,36,53,CAM,3,3,Left,"170cm / 5'7""",63kg / 139lb,['CM'],22,Italy,Serie A,Roma,[],,,,,
2287,Ansu Fati,M,75,81,72,72,78,30,53,82,81,72,72,75,71,70,70,70,72,72,73,70,75,77,83,83,71,77,79,20,62,23,32,28,68,60,49,48,LM,4,4,Right,"178cm / 5'10""",66kg / 146lb,['LW'],23,Spain,Ligue 1,Monaco,['Quick Step'],,,,,
2289,Patrick Cutrone,M,75,73,74,64,76,29,69,72,73,76,76,74,69,74,73,62,62,46,72,56,72,78,63,72,74,79,74,14,74,36,20,18,81,70,71,62,ST,3,3,Right,"183cm / 6'0""",79kg / 174lb,,27,Italy,Serie A,Parma,[],,,,,
2292,Taiwo Awoniyi,M,75,71,75,60,69,32,77,65,75,76,76,82,66,68,70,57,53,44,69,56,55,72,55,62,75,70,63,33,75,25,27,23,85,54,88,77,ST,2,3,Right,"183cm / 6'0""",84kg / 185lb,,28,Nigeria,Premier League,Nott'm Forest,[],,,,,
2298,Otávio,M,75,73,42,53,62,75,79,72,73,34,24,70,60,27,43,33,43,35,68,66,43,59,53,50,74,69,68,76,73,75,74,73,85,70,80,84,CB,2,2,Left,"187cm / 6'2""",83kg / 183lb,,23,Brazil,Ligue 1,Paris FC,"['Bruiser', 'Long Ball Pass', 'Power Shot']",,,,,
2300,Riccardo Sottil,M,75,88,66,69,77,34,49,90,87,75,66,68,64,56,69,69,72,45,74,62,60,79,75,74,72,79,68,30,42,32,35,39,58,53,45,50,LM,3,4,Right,"180cm / 5'11""",70kg / 154lb,['LW'],26,Italy,Serie A,Lecce,[],,,,,
2301,Roberto Piccoli,M,75,73,75,55,67,34,79,66,79,77,78,78,68,71,69,43,55,45,66,50,42,66,56,54,76,72,68,25,76,23,38,34,85,77,82,71,ST,3,2,Right,"189cm / 6'2""",94kg / 207lb,,24,Italy,Serie A,Fiorentina,"['Enforcer', 'Precision Header']",,,,,
2302,Andreas Hanche-Olsen,M,75,70,38,57,63,75,79,68,72,48,35,51,32,31,38,58,45,29,68,61,42,62,67,66,74,60,76,75,76,74,76,71,86,68,81,87,CB,3,2,Right,"185cm / 6'1""",82kg / 181lb,,28,Norway,Bundesliga,Mainz,"['Bruiser', 'Jockey', 'Slide Tackle']",,,,,
2303,Reiss Nelson,M,75,76,67,71,78,36,54,78,75,70,70,69,59,59,61,72,72,67,73,66,66,79,82,80,73,78,60,42,39,31,37,37,57,64,53,42,RM,3,4,Right,"175cm / 5'9""",70kg / 154lb,"['LM', 'RW']",25,England,Premier League,Brentford,['Technical'],,,,,
2304,Victor Nelsson,M,75,61,43,60,66,75,77,60,62,47,36,60,41,37,53,46,59,38,69,67,52,63,61,67,72,68,74,76,65,73,79,78,82,68,79,80,CB,2,2,Right,"185cm / 6'1""",78kg / 172lb,,27,Denmark,Serie A,Verona,"['Aerial Fortress', 'Anticipate', 'Block', 'Long Ball Pass']",,,,,
2306,Marvin Pieringer,M,75,65,73,59,70,36,79,63,66,77,75,77,67,73,67,49,67,44,68,43,63,67,69,60,77,75,75,30,81,38,27,23,88,77,83,69,ST,3,3,Right,"191cm / 6'3""",82kg / 181lb,['CAM'],26,Germany,Bundesliga,Heidenheim,"['Acrobatic', 'Aerial Fortress']",,,,,
2308,Badredine Bouanani,M,75,70,68,75,78,33,58,72,69,71,70,68,67,58,63,75,77,66,77,71,73,80,78,77,69,79,70,28,45,33,34,30,61,71,59,38,RW,3,3,Left,"177cm / 5'10""",68kg / 150lb,"['CAM', 'RM']",20,Algeria,Bundesliga,Stuttgart,"['Inventive', 'Technical']",,,,,
2309,Rani Khedira,M,75,57,43,57,62,79,83,53,60,43,34,58,51,29,46,42,59,41,68,63,38,58,54,55,75,68,69,78,75,83,78,74,79,80,83,86,CDM,3,2,Right,"189cm / 6'2""",86kg / 190lb,['CM'],31,Germany,Bundesliga,Union Berlin,"['Aerial Fortress', 'Bruiser']",,,,,
2310,Manu Sánchez,M,75,70,44,64,70,73,60,71,69,62,42,50,41,36,38,69,57,34,74,54,52,70,68,73,70,73,62,75,66,69,78,75,66,74,50,68,LB,3,3,Left,"171cm / 5'7""",66kg / 146lb,['LM'],25,Spain,LaLiga,Levante UD,['Block'],,,,,
2311,Terem Moffi,M,75,82,75,54,71,26,73,80,84,71,75,80,76,66,65,50,47,55,65,42,59,75,58,55,67,74,69,16,74,19,24,20,90,58,85,57,ST,3,2,Left,"188cm / 6'2""",89kg / 196lb,"['RW', 'RM']",26,Nigeria,Ligue 1,Nice,"['Enforcer', 'Finesse Shot', 'Quick Step']",,,,,
2312,Ernest Nuamah,M,75,82,70,69,78,24,58,85,79,71,71,77,71,58,49,71,68,58,72,61,75,80,78,80,72,78,72,17,37,29,21,23,64,62,62,41,RM,3,4,Left,"178cm / 5'10""",71kg / 157lb,['RW'],22,Ghana,Ligue 1,Lyon,"['Gamechanger', 'Quick Step', 'Rapid']",,,,,
2313,Wilson Odobert,M,75,86,70,68,78,30,49,87,85,73,67,74,72,66,68,71,72,57,69,61,69,79,82,74,71,77,72,23,44,29,30,28,56,67,43,38,LW,4,3,Right,"182cm / 6'0""",75kg / 165lb,"['RW', 'LM']",20,France,Premier League,Tottenham,['Technical'],,,,,
2318,Christian Mawissa,M,75,79,31,57,64,75,74,73,84,40,28,45,21,28,42,53,48,28,71,56,42,63,57,58,73,68,69,75,73,72,77,75,84,69,76,74,CB,5,2,Left,"184cm / 6'0""",77kg / 170lb,"['LB', 'LM']",20,France,Ligue 1,Monaco,[],,,,,
2319,Jarell Quansah,M,75,70,34,59,68,74,75,66,73,36,26,54,28,41,45,38,54,37,71,74,48,69,53,56,71,71,76,73,74,75,74,76,82,64,79,75,CB,3,2,Right,"190cm / 6'3""",80kg / 176lb,,22,England,Bundesliga,Leverkusen,['Slide Tackle'],,,,,
2321,Joël Piroe,M,75,64,78,65,72,29,71,62,66,78,79,80,75,70,73,53,72,54,73,61,55,72,65,63,74,74,77,21,71,20,29,27,79,76,78,45,ST,4,3,Left,"185cm / 6'1""",74kg / 163lb,,26,Holland,Premier League,Leicester,['Finesse Shot'],,,,,
2322,Igor Thiago,M,75,66,75,54,69,37,78,65,67,76,78,85,61,69,74,29,65,40,67,48,50,68,58,55,72,74,73,23,80,36,38,23,88,56,87,80,ST,3,2,Right,"191cm / 6'3""",88kg / 194lb,,24,Brazil,Premier League,Brentford,[],,,,,
2327,El Chadaille Bitshiabu,M,75,72,36,60,56,74,79,55,85,35,26,73,23,21,38,47,62,30,69,67,51,54,44,32,71,62,61,71,76,74,76,69,85,56,92,73,CB,3,2,Left,"196cm / 6'5""",95kg / 209lb,,20,France,Bundesliga,RB Leipzig,['Pinged Pass'],,,,,
2329,Facundo Buonanotte,M,75,75,70,73,76,30,53,77,74,74,74,72,64,52,55,70,75,62,76,71,72,74,78,81,75,77,77,25,50,28,30,25,63,69,52,35,RM,3,3,Left,"174cm / 5'9""",66kg / 146lb,"['CAM', 'RW']",20,Argentina,Premier League,Chelsea,['Technical'],,,,,
2332,Marcão,M,75,59,36,59,68,73,81,56,61,25,31,52,29,34,52,35,58,34,72,70,56,69,59,61,73,70,71,73,71,74,74,73,79,79,81,86,CB,3,2,Left,"185cm / 6'1""",80kg / 176lb,,29,Brazil,LaLiga,Sevilla,"['Bruiser', 'Long Ball Pass', 'Relentless', 'Slide Tackle']",,,,,
2335,Ozan Kabak,M,75,60,37,59,66,74,79,52,67,30,35,48,30,28,51,26,65,31,75,74,32,64,65,63,65,70,67,68,76,70,78,80,88,65,82,85,CB,3,2,Right,"186cm / 6'1""",86kg / 190lb,,25,Turkey,Bundesliga,Hoffenheim,"['Bruiser', 'Slide Tackle']",,,,,
2340,Phillip Tietz,M,75,59,75,57,68,34,81,64,54,81,76,79,68,76,67,37,63,59,68,50,51,66,63,56,77,74,72,25,78,26,36,23,86,77,84,75,ST,3,3,Right,"190cm / 6'3""",86kg / 190lb,,28,Germany,Bundesliga,Augsburg,"['Acrobatic', 'Enforcer']",,,,,
2341,Ilan Kebbal,M,75,76,70,72,80,24,52,83,71,70,72,68,69,71,61,71,73,68,74,69,71,79,92,90,70,77,76,17,32,32,20,21,50,83,40,45,CAM,2,4,Left,"169cm / 5'7""",60kg / 132lb,"['RM', 'CM']",27,Algeria,Ligue 1,Paris FC,"['Incisive Pass', 'Inventive', 'Long Ball Pass', 'Quick Step', 'Relentless', 'Technical']",,,,,
2343,Luiz Felipe,M,75,68,29,61,67,75,71,65,70,28,22,44,26,32,44,53,58,35,73,68,31,69,61,39,73,71,64,76,73,70,78,79,80,53,76,78,CB,4,3,Right,"187cm / 6'2""",80kg / 176lb,,28,Italy,LaLiga,Vallecano,"['Anticipate', 'Intercept', 'Jockey', 'Long Throw', 'Slide Tackle']",,,,,
2344,Radu Drăgușin,M,75,67,37,53,65,75,74,65,69,25,27,56,40,38,49,36,48,33,69,60,37,65,63,59,73,65,68,76,75,74,76,75,81,67,78,72,CB,3,2,Right,"191cm / 6'3""",80kg / 176lb,,23,Romania,Premier League,Tottenham,[],,,,,
2345,Jérémy Jacquet,M,75,64,38,57,61,75,76,57,70,41,36,44,36,23,42,45,53,28,68,63,47,57,52,53,70,67,68,71,75,73,78,75,80,64,81,77,CB,2,2,Right,"188cm / 6'2""",77kg / 170lb,,20,France,Ligue 1,Rennes,[],,,,,
2348,Andrea Pinamonti,M,75,70,76,56,71,27,69,71,69,74,78,79,71,75,78,48,45,54,67,52,65,70,68,70,75,76,62,16,78,15,30,24,82,81,68,55,ST,3,3,Right,"188cm / 6'2""",72kg / 159lb,,26,Italy,Serie A,Empoli,['Precision Header'],,,,,
2352,Kike Salas,M,75,66,27,60,62,76,76,64,68,49,24,30,22,26,38,60,58,29,66,63,39,61,55,51,72,66,62,75,79,76,75,74,83,72,76,78,CB,3,2,Left,"186cm / 6'1""",80kg / 176lb,['LB'],23,Spain,LaLiga,Sevilla,"['Aerial Fortress', 'Precision Header']",,,,,
2354,Nikola Krstović,M,75,66,75,56,69,25,75,65,67,80,77,76,72,70,70,46,57,66,65,42,58,70,61,59,75,73,64,18,78,20,18,25,85,77,80,58,ST,4,2,Right,"185cm / 6'1""",88kg / 194lb,,25,Montenegro,Serie A,Bergamo Calcio,['Enforcer'],,,,,
2358,Johan Vásquez,M,75,61,33,58,60,76,75,59,62,40,32,38,25,29,45,62,47,40,65,60,40,53,51,64,76,68,69,76,76,76,76,76,76,80,67,86,CB,2,2,Left,"185cm / 6'1""",72kg / 159lb,,27,Mexico,Serie A,Genoa,"['Aerial Fortress', 'Block', 'Intercept']",,,,,
2362,Leandro Cabrera,M,75,49,45,58,54,76,79,52,46,36,36,76,39,30,50,62,53,37,62,62,50,50,52,41,74,60,57,75,77,75,77,76,81,74,81,81,CB,2,2,Left,"190cm / 6'3""",82kg / 181lb,['LB'],34,Uruguay,LaLiga,Espanol,"['Anticipate', 'Bruiser', 'Long Ball Pass', 'Long Throw', 'Precision Header', 'Slide Tackle']",,,,,
2365,Adam Webster,M,75,54,31,60,67,76,72,52,55,26,30,37,32,27,24,50,55,25,74,71,27,68,50,57,75,71,78,75,77,76,76,75,80,55,79,75,CB,3,2,Right,"191cm / 6'3""",75kg / 165lb,,30,England,Premier League,Brighton,['Anticipate'],,,,,
2367,Amos Pieper,M,75,66,32,53,55,77,75,60,71,31,27,50,23,26,52,37,50,35,68,60,30,50,38,49,76,62,71,76,76,77,78,76,74,76,78,66,CB,3,2,Right,"192cm / 6'4""",86kg / 190lb,,27,Germany,Bundesliga,Werder Bremen,[],,,,,
2370,Leopold Querfeld,M,75,46,44,58,53,76,78,39,51,35,24,79,65,31,31,33,60,41,71,73,22,47,51,55,69,56,71,72,80,76,77,74,79,68,85,74,CB,3,2,Right,"190cm / 6'3""",83kg / 183lb,,21,Austria,Bundesliga,Union Berlin,['Long Ball Pass'],,,,,
2371,Abdoulaye Ndiaye,M,75,67,31,51,51,75,75,60,72,21,24,56,22,23,46,28,54,18,68,53,46,43,42,55,70,59,66,72,78,75,78,73,83,63,80,75,CB,2,2,Left,"185cm / 6'1""",75kg / 165lb,,23,Senegal,Serie A,Parma,"['Jockey', 'Slide Tackle']",,,,,
2372,Joseph Aidoo,M,75,69,27,46,50,74,80,66,72,25,18,50,23,21,31,34,23,28,69,50,24,35,67,68,73,58,63,75,75,72,74,74,85,65,86,84,CB,3,2,Right,"184cm / 6'0""",80kg / 176lb,,30,Ghana,LaLiga,Celta,['Bruiser'],,,,,
2375,Copete,M,75,50,33,54,57,77,70,56,45,31,32,43,22,36,45,36,44,29,74,60,35,50,35,50,73,71,62,76,77,77,78,76,76,65,69,75,CB,2,2,Left,"192cm / 6'4""",73kg / 161lb,,26,Spain,LaLiga,Valencia,['Block'],,,,,
2377,Daniele Rugani,M,75,34,40,54,60,78,70,36,32,28,33,61,39,35,36,40,50,25,66,65,45,57,47,46,73,66,71,76,79,80,78,75,75,50,80,70,CB,3,2,Right,"190cm / 6'3""",86kg / 190lb,,31,Italy,Serie A,Juventus,[],,,,,
2379,Yunus Musah,M,74,88,69,71,78,70,76,85,91,74,66,78,74,54,50,72,72,54,74,71,60,81,76,79,71,76,78,71,56,70,74,69,78,78,71,84,CM,3,4,Right,"178cm / 5'10""",71kg / 157lb,"['CDM', 'RM', 'CAM']",22,United States,Serie A,Bergamo Calcio,['Rapid'],,,,,
2381,Tommaso Pobega,M,74,74,76,70,75,74,74,73,74,80,75,79,78,69,60,68,68,62,73,71,64,74,74,72,79,76,71,74,77,69,78,74,85,75,72,75,CM,4,3,Right,"188cm / 6'2""",75kg / 165lb,['CDM'],26,Italy,Serie A,Bologna,[],,,,,
2383,Robert Skov,M,74,75,77,77,75,67,69,77,74,71,72,87,82,73,80,85,70,86,76,72,87,75,75,72,75,76,71,68,57,69,69,67,73,66,68,72,LB,3,3,Left,"185cm / 6'1""",81kg / 179lb,"['RB', 'RM', 'LM']",29,Denmark,Bundesliga,Union Berlin,"['Dead Ball', 'Finesse Shot', 'Gamechanger', 'Power Shot', 'Whipped Pass']",,,,,
2386,Hannibal,M,74,76,63,73,76,68,82,74,77,70,60,70,62,60,56,69,73,67,75,72,76,75,78,77,73,76,75,70,57,67,72,70,76,90,76,88,CM,3,3,Right,"182cm / 6'0""",70kg / 154lb,"['CAM', 'CDM']",22,Tunisia,Premier League,Burnley,[],,,,,
2387,Romain Perraud,M,74,72,75,76,75,68,71,74,70,77,70,84,80,73,60,77,75,71,76,75,77,75,73,80,74,75,69,74,65,65,68,70,74,81,65,75,LB,2,3,Left,"173cm / 5'8""",68kg / 150lb,['LM'],28,France,Ligue 1,Lille,['Power Shot'],,,,,
2388,Josha Vagnoman,M,74,87,61,69,72,68,80,83,90,73,58,70,66,38,36,71,68,42,74,65,60,75,67,68,72,72,68,68,68,67,71,66,87,78,84,70,RB,4,3,Right,"190cm / 6'3""",90kg / 198lb,['RM'],24,Germany,Bundesliga,Stuttgart,"['Long Throw', 'Rapid']",,,,,
2390,Maxwel Cornet,M,74,85,74,70,75,67,65,83,86,74,73,79,76,72,64,72,70,69,72,62,71,76,75,76,69,74,67,66,69,64,70,66,79,57,64,72,LM,4,3,Right,"179cm / 5'10""",69kg / 152lb,"['ST', 'LW']",29,Côte d'Ivoire,Serie A,Genoa,['Rapid'],,,,,
2393,Alex Král,M,74,71,66,71,76,73,79,69,73,65,62,75,66,65,59,68,75,50,74,73,66,76,74,77,74,76,75,74,71,73,74,74,81,84,76,78,CM,3,3,Right,"187cm / 6'2""",80kg / 176lb,['CAM'],27,Czech Republic,Bundesliga,Union Berlin,[],,,,,
2400,Simon Sohm,M,74,75,69,70,71,70,80,77,74,76,69,73,67,64,50,61,74,50,76,71,56,70,73,62,72,75,67,72,72,70,70,68,87,83,80,75,CM,3,3,Right,"188cm / 6'2""",85kg / 187lb,"['CDM', 'CAM']",24,Switzerland,Serie A,Fiorentina,['Incisive Pass'],,,,,
2401,Tajon Buchanan,M,74,90,65,66,74,67,73,91,90,64,65,75,58,58,55,67,68,47,70,61,55,75,77,69,73,74,66,68,68,68,66,64,83,73,69,78,RM,3,3,Right,"183cm / 6'0""",71kg / 157lb,"['RB', 'RW']",26,Canada,LaLiga,Villarreal,"['Quick Step', 'Rapid', 'Relentless']",,,,,
2403,Lucas Da Cunha,M,74,77,71,73,79,71,63,80,75,71,66,75,78,75,68,70,74,77,74,71,76,79,83,78,76,80,72,74,56,71,75,71,69,75,57,61,CDM,3,3,Left,"176cm / 5'9""",69kg / 152lb,"['CM', 'CAM']",24,France,Serie A,Como,"['Anticipate', 'Dead Ball', 'Finesse Shot', 'Jockey']",,,,,
2408,Adrián Bernabé,M,74,77,70,75,79,69,63,82,73,68,69,72,73,68,64,67,75,74,78,76,75,78,85,84,70,80,76,71,46,70,75,70,62,79,52,70,CDM,3,3,Left,"170cm / 5'7""",68kg / 150lb,['CM'],24,Spain,Serie A,Parma,"['Finesse Shot', 'First Touch', 'Inventive', 'Long Ball Pass']",,,,,
2410,Jobe Bellingham,M,74,70,68,71,74,72,78,68,71,72,69,68,67,65,56,64,74,59,75,72,65,75,70,73,75,75,74,72,66,71,73,73,75,84,75,80,CM,3,3,Right,"191cm / 6'3""",75kg / 165lb,"['CDM', 'CAM']",20,England,Bundesliga,Dortmund,"['Finesse Shot', 'Press Proven', 'Slide Tackle']",,,,,
2414,Niklas Dorsch,M,74,70,71,72,77,71,70,73,68,64,66,82,78,65,62,65,74,63,76,74,63,75,80,84,73,78,72,71,61,72,72,70,73,69,68,75,CDM,3,3,Right,"178cm / 5'10""",76kg / 168lb,"['CM', 'CB']",27,Germany,Bundesliga,Heidenheim,[],,,,,
2415,Frank Onyeka,M,74,74,64,69,74,72,78,68,79,75,64,70,64,53,48,58,73,42,75,74,60,72,79,71,73,75,70,77,63,72,73,68,74,85,74,80,CM,3,3,Right,"183cm / 6'0""",70kg / 154lb,['CDM'],27,Nigeria,Premier League,Brentford,['Slide Tackle'],,,,,
2417,Alexander Prass,M,74,74,65,74,75,69,74,76,73,69,59,72,71,64,57,74,75,66,75,73,68,74,78,77,74,74,74,72,56,72,68,66,75,79,73,68,LB,2,3,Left,"180cm / 5'11""",72kg / 159lb,"['LM', 'CM', 'LW']",24,Austria,Bundesliga,Hoffenheim,"['Incisive Pass', 'Power Shot']",,,,,
2420,Ezequiel Ávila,M,74,74,76,69,75,52,84,70,78,76,73,83,75,75,77,66,72,57,72,68,63,75,70,84,75,75,72,55,77,50,46,41,88,76,84,92,RM,5,3,Right,"172cm / 5'8""",81kg / 179lb,"['ST', 'RW']",31,Argentina,LaLiga,Betis,"['Acrobatic', 'Finesse Shot', 'Long Ball Pass', 'Power Shot', 'Relentless']",,,,,
2421,Nadir Zortea,M,74,77,69,68,74,68,74,77,77,74,65,78,74,65,53,76,68,58,68,63,68,76,71,63,75,74,71,69,60,68,69,68,78,78,73,72,RM,4,3,Right,"187cm / 6'2""",85kg / 187lb,"['RB', 'RW']",26,Italy,Serie A,Bologna,[],,,,,
2423,Noah Sadiki,M,74,77,65,68,76,68,76,81,74,60,66,68,69,38,52,57,72,49,77,74,43,76,82,82,75,75,73,71,53,68,70,68,75,84,72,74,CM,3,2,Right,"173cm / 5'8""",77kg / 170lb,"['CDM', 'CAM']",20,Congo DR,Premier League,Sunderland,[],,,,,
2424,Patrick Dorgu,M,74,86,59,69,74,69,73,84,87,70,56,67,59,44,49,72,69,52,71,65,66,75,73,78,70,73,73,68,65,68,70,72,82,75,74,64,LB,2,2,Left,"185cm / 6'1""",70kg / 154lb,['LM'],21,Denmark,Premier League,Man United,[],,,,,
2425,Ricardo Rodríguez,M,74,66,69,78,74,70,72,67,66,70,58,84,77,66,80,82,75,84,75,78,82,76,63,70,74,76,77,70,60,68,74,72,72,74,71,72,LB,3,3,Left,"180cm / 5'11""",78kg / 172lb,"['CB', 'LM']",33,Switzerland,LaLiga,Betis,['Long Throw'],,,,,
2428,Cristian Cásseres Jr,M,74,77,64,68,72,74,74,78,76,65,64,69,67,47,48,62,66,69,74,65,72,70,74,80,69,72,73,72,64,75,78,76,76,85,67,78,CDM,4,3,Right,"176cm / 5'9""",68kg / 150lb,['CM'],25,Venezuela,Ligue 1,Toulouse,['Intercept'],,,,,
2429,Emil Holm,M,74,83,61,67,71,67,80,80,85,71,57,71,60,54,59,74,63,40,70,64,62,74,55,57,72,74,64,67,65,66,69,69,84,78,82,75,RB,3,3,Right,"191cm / 6'3""",83kg / 183lb,['RM'],25,Sweden,Serie A,Bologna,"['Bruiser', 'Rapid', 'Relentless']",,,,,
2430,Alfonso Espino,M,74,84,60,67,68,69,81,83,85,65,60,70,55,50,51,70,60,57,69,68,69,67,71,77,66,67,67,70,62,67,70,72,83,88,78,81,LB,3,3,Left,"172cm / 5'8""",71kg / 157lb,,33,Uruguay,LaLiga,Vallecano,['Bruiser'],,,,,
2431,Jackson Tchatchoua,M,74,89,59,63,74,66,78,87,91,70,56,67,59,51,55,75,54,42,67,57,61,76,74,74,65,73,64,64,65,64,70,69,83,88,73,75,RB,3,3,Right,"186cm / 6'1""",76kg / 168lb,['RM'],24,Cameroon,Premier League,Wolves,"['Anticipate', 'Jockey', 'Rapid', 'Whipped Pass']",,,,,
2433,Adrien Tameze,M,74,75,65,66,76,74,71,76,75,69,60,73,72,50,60,54,68,52,74,70,60,76,77,76,70,76,78,74,70,72,77,75,78,67,69,77,CDM,3,3,Right,"182cm / 6'0""",78kg / 172lb,"['CM', 'CB']",31,France,Serie A,Torino,[],,,,,
2434,Jurgen Ekkelenkamp,M,74,70,69,73,73,67,75,68,71,74,69,73,69,64,55,66,76,68,78,72,70,75,66,58,74,74,72,68,66,66,66,68,75,76,75,72,CM,3,3,Right,"188cm / 6'2""",83kg / 183lb,"['LM', 'CAM']",25,Holland,Serie A,Udinese,[],,,,,
2444,Arnau Tenas,M,74,73,70,81,77,52,72,54,48,11,5,61,9,5,15,14,65,18,45,49,10,18,58,45,72,38,60,14,12,11,13,15,60,26,38,41,GK,2,1,Right,"185cm / 6'1""",85kg / 187lb,,24,Spain,LaLiga,Villarreal,[],73.0,70.0,81.0,72.0,77.0
2446,Farès Chaïbi,M,74,69,68,75,76,68,69,70,69,73,71,70,63,52,61,76,76,68,76,75,74,77,74,74,74,76,71,69,65,67,69,68,72,68,69,68,CAM,3,4,Right,"183cm / 6'0""",79kg / 174lb,"['LW', 'ST', 'CM']",22,Algeria,Bundesliga,Ein Frankfurt,"['Finesse Shot', 'Technical']",,,,,
2449,Michel Aebischer,M,74,66,67,72,75,74,70,73,61,68,66,73,69,57,51,68,73,65,75,72,67,73,75,72,72,78,72,76,62,74,77,74,74,72,69,67,CM,4,3,Right,"183cm / 6'0""",78kg / 172lb,['CDM'],28,Switzerland,Serie A,Pisa,[],,,,,
2451,Krépin Diatta,M,74,88,69,67,76,57,67,90,86,69,68,73,70,68,59,67,69,58,68,64,62,77,88,76,70,74,70,57,62,57,57,55,78,83,61,60,RM,4,4,Right,"175cm / 5'9""",69kg / 152lb,['RW'],26,Senegal,Ligue 1,Monaco,"['Aerial Fortress', 'Quick Step', 'Rapid']",,,,,
2452,Mattéo Tramoni,M,74,89,70,70,77,53,65,90,88,70,70,72,69,58,68,64,72,65,74,70,65,76,92,84,70,74,74,50,60,46,58,54,76,80,59,58,CAM,3,3,Right,"175cm / 5'9""",72kg / 159lb,['CM'],25,France,Serie A,Pisa,"['Finesse Shot', 'First Touch', 'Quick Step', 'Rapid']",,,,,
2459,Albert Grønbæk,M,74,75,68,72,77,62,69,76,74,73,70,67,66,62,56,69,75,62,74,71,70,76,86,84,69,76,76,64,55,62,64,62,71,78,65,68,CAM,3,4,Right,"176cm / 5'9""",65kg / 143lb,"['CM', 'ST']",24,Denmark,Serie A,Genoa,"['Incisive Pass', 'Technical']",,,,,
2460,Merlin Röhl,M,74,81,65,68,75,63,71,78,83,74,66,69,63,60,52,59,76,39,76,68,53,78,74,67,73,74,71,68,61,59,66,59,78,82,71,56,CAM,4,3,Right,"192cm / 6'4""",79kg / 174lb,"['CM', 'CDM', 'ST']",23,Germany,Premier League,Everton,"['Rapid', 'Slide Tackle']",,,,,
2462,Glen Kamara,M,74,75,58,68,77,69,75,73,76,64,55,68,56,56,53,58,69,47,76,68,64,75,80,85,71,78,78,73,59,70,71,64,74,83,73,69,CDM,4,3,Right,"181cm / 5'11""",73kg / 161lb,['CM'],30,Finland,Ligue 1,Rennes,['Press Proven'],,,,,
2464,Kevin Diks,M,74,74,59,68,69,73,79,76,72,65,58,65,52,58,72,64,63,52,74,72,60,66,73,76,72,71,70,72,70,73,74,73,83,82,79,74,CB,4,3,Right,"182cm / 6'0""",79kg / 174lb,"['LB', 'RB']",29,Indonesia,Bundesliga,M'gladbach,"['Intercept', 'Long Ball Pass', 'Long Throw', 'Precision Header']",,,,,
2469,Silas,M,74,90,69,61,79,52,71,87,92,77,75,70,49,65,80,66,59,33,68,48,59,83,83,75,70,76,67,54,65,53,50,39,85,64,77,59,RM,2,5,Right,"189cm / 6'2""",82kg / 181lb,"['RW', 'ST']",27,Congo DR,Bundesliga,Stuttgart,"['Acrobatic', 'Quick Step', 'Trickster']",,,,,
2472,Cesare Casadei,M,74,66,70,74,72,69,71,63,69,72,68,73,71,65,65,65,76,65,78,76,67,72,66,59,72,76,72,69,72,67,70,68,75,76,69,70,CM,3,2,Right,"192cm / 6'4""",77kg / 170lb,['CDM'],22,Italy,Serie A,Torino,['Aerial Fortress'],,,,,
2473,Morales,M,74,78,76,72,77,52,66,77,79,79,76,76,74,78,76,74,71,68,71,69,78,77,78,80,74,77,77,58,60,44,54,45,74,70,66,58,ST,4,4,Right,"180cm / 5'11""",70kg / 154lb,"['LM', 'LW']",38,Spain,LaLiga,Levante UD,"['Power Shot', 'Rapid']",,,,,
2475,Mathias Honsak,M,74,86,70,68,74,54,69,88,85,72,71,73,71,63,47,72,68,64,70,60,70,76,72,70,62,76,70,57,55,44,62,51,79,67,71,64,LM,4,3,Left,"188cm / 6'2""",80kg / 176lb,"['LW', 'ST']",28,Austria,Bundesliga,Heidenheim,"['Quick Step', 'Rapid']",,,,,
2479,Zion Suzuki,M,74,73,72,71,76,56,73,55,58,7,6,53,8,7,18,12,40,11,21,23,13,14,59,33,67,11,29,7,12,8,16,13,73,23,78,26,GK,3,1,Right,"190cm / 6'3""",91kg / 201lb,,23,Japan,Serie A,Parma,"['Cross Claimer', 'Long Ball Pass']",73.0,72.0,71.0,73.0,76.0
2482,Petar Sučić,M,74,69,68,72,77,61,74,70,69,72,71,66,66,56,57,68,73,64,74,76,57,76,74,72,74,81,84,61,59,63,61,58,69,90,67,71,CM,4,3,Right,"183cm / 6'0""",76kg / 168lb,['CDM'],22,Croatia,Serie A,Milano FC,"['Relentless', 'Technical']",,,,,
2488,Edoardo Bove,M,74,66,69,68,75,76,66,64,67,75,68,75,72,43,52,60,65,55,78,72,51,74,63,80,80,78,77,75,64,78,81,73,66,66,59,84,CM,3,2,Right,"175cm / 5'9""",64kg / 141lb,,23,Italy,Serie A,Roma,"['Relentless', 'Slide Tackle']",,,,,
2497,Alex Scott,M,74,71,62,73,79,65,68,73,69,68,63,63,62,53,52,68,74,72,76,73,67,79,84,85,73,77,73,68,52,65,68,62,67,71,64,76,CAM,3,3,Right,"178cm / 5'10""",68kg / 150lb,"['CDM', 'CM']",22,England,Premier League,Bournemouth,[],,,,,
2498,Fabio Miretti,M,74,73,60,75,76,66,68,74,73,68,52,66,68,70,65,71,76,69,78,74,74,76,78,77,71,76,72,66,49,64,71,69,64,76,61,76,CM,4,3,Right,"180cm / 5'11""",72kg / 159lb,"['CDM', 'LM', 'CAM']",22,Italy,Serie A,Juventus,[],,,,,
2499,Gaetano Oristanio,M,74,85,72,69,77,51,64,83,86,75,73,73,72,72,63,66,65,66,73,67,73,78,88,78,66,76,70,53,72,45,49,47,79,69,57,73,CAM,4,3,Left,"174cm / 5'9""",62kg / 137lb,"['ST', 'CM']",23,Italy,Serie A,Parma,['Gamechanger'],,,,,
2502,Aster Vranckx,M,74,57,65,71,76,72,76,67,48,72,63,76,65,59,41,65,69,58,77,74,68,77,74,77,75,77,72,73,67,72,73,70,75,78,75,77,CM,5,3,Right,"183cm / 6'0""",78kg / 172lb,['CDM'],23,Belgium,Serie A,Empoli,[],,,,,
2506,Matt Doherty,M,74,66,63,69,69,74,75,66,66,69,59,76,63,46,48,72,69,45,71,70,64,69,66,66,76,70,70,73,73,74,74,73,78,76,72,78,CB,4,3,Right,"185cm / 6'1""",80kg / 176lb,"['RB', 'RM']",33,Republic of Ireland,Premier League,Wolves,[],,,,,
2509,Jacob Bruun Larsen,M,74,78,72,70,74,55,67,85,72,73,72,82,66,69,62,69,70,70,72,67,73,75,76,75,73,74,66,59,58,56,54,44,76,62,68,68,LM,5,3,Right,"183cm / 6'0""",77kg / 170lb,"['RM', 'ST', 'LW']",27,Denmark,Premier League,Burnley,[],,,,,
2511,Abner Vinícius,M,74,79,58,72,74,68,65,78,79,72,55,72,51,53,42,76,67,37,75,74,75,74,79,73,70,74,73,67,54,65,74,73,69,69,61,69,LB,2,3,Left,"182cm / 6'0""",74kg / 163lb,['LM'],25,Brazil,Ligue 1,Lyon,['Whipped Pass'],,,,,
2515,Arne Maier,M,74,65,62,73,74,68,73,66,65,73,59,75,66,43,38,70,76,53,76,75,56,74,68,67,74,77,74,70,49,70,70,67,68,77,77,61,CM,3,3,Right,"187cm / 6'2""",84kg / 185lb,"['RM', 'CDM', 'CAM']",26,Germany,Bundesliga,Augsburg,['Dead Ball'],,,,,
2518,Johann Lepenant,M,74,66,60,71,74,72,72,67,65,63,56,64,67,56,46,63,71,61,76,75,68,71,78,78,76,76,66,72,53,76,74,72,65,85,66,72,CM,3,3,Right,"176cm / 5'9""",69kg / 152lb,"['CAM', 'CDM']",23,France,Ligue 1,Nantes,[],,,,,
2521,Pierluigi Gollini,M,74,74,72,71,76,47,74,46,48,12,14,53,17,18,21,17,40,15,31,25,13,18,56,52,70,24,63,18,19,20,12,19,67,40,68,19,GK,2,1,Right,"194cm / 6'4""",94kg / 207lb,,30,Italy,Serie A,Roma,[],74.0,72.0,71.0,74.0,76.0
2525,Tanguy Ndombele,M,74,56,68,76,81,66,67,57,56,70,63,79,71,62,58,70,81,59,80,76,74,83,80,80,64,82,77,64,56,65,71,64,68,45,75,73,CM,3,4,Right,"181cm / 5'11""",76kg / 168lb,"['CDM', 'CB']",28,France,Ligue 1,Nice,"['Inventive', 'Technical']",,,,,
2527,Elvis Rexhbeçaj,M,74,60,67,71,73,69,74,63,57,72,59,83,75,50,54,68,71,51,77,74,51,74,68,70,74,74,65,67,58,67,75,68,68,75,70,84,CM,3,3,Left,"182cm / 6'0""",78kg / 172lb,"['CDM', 'CAM']",28,Kosovo,Bundesliga,Augsburg,"['Block', 'Power Shot', 'Relentless']",,,,,
2529,Zakaria Aboukhlal,M,74,82,72,69,75,41,75,84,81,72,75,74,70,55,65,66,73,52,73,63,70,76,83,75,71,73,68,20,49,53,44,34,73,87,72,68,CAM,5,4,Left,"179cm / 5'10""",74kg / 163lb,"['RW', 'CM']",25,Morocco,Serie A,Torino,"['Acrobatic', 'Gamechanger', 'Quick Step', 'Technical']",,,,,
2531,Olasagasti,M,74,63,65,72,71,71,72,65,62,73,65,65,64,57,59,60,75,62,78,75,66,70,65,73,73,74,71,72,64,71,74,69,70,81,68,71,CM,3,2,Left,"176cm / 5'9""",74kg / 163lb,['CDM'],25,Spain,LaLiga,Levante UD,[],,,,,
2536,Lassana Coulibaly,M,74,69,58,69,72,72,73,67,71,68,55,64,58,52,53,62,67,52,76,72,60,72,70,69,70,74,72,72,70,72,73,72,73,80,69,75,CDM,3,3,Right,"183cm / 6'0""",77kg / 170lb,['CM'],29,Mali,Serie A,Lecce,"['Aerial Fortress', 'Jockey']",,,,,
2538,Yukinari Sugawara,M,74,75,54,73,72,69,70,75,75,69,48,65,54,50,49,76,70,74,72,73,77,71,80,75,71,72,70,71,54,70,72,71,77,75,67,68,RB,3,3,Right,"178cm / 5'10""",68kg / 150lb,['RM'],25,Japan,Bundesliga,Werder Bremen,"['Dead Ball', 'Long Throw', 'Whipped Pass']",,,,,
2539,András Schäfer,M,74,71,62,69,76,65,70,73,70,72,57,71,71,45,42,63,69,53,77,71,45,73,82,79,78,77,71,73,48,66,67,57,64,85,63,72,CM,4,4,Right,"178cm / 5'10""",72kg / 159lb,['CAM'],26,Hungary,Bundesliga,Union Berlin,['Relentless'],,,,,
2540,Abdallah Sima,M,74,87,74,66,73,41,72,85,89,73,77,77,67,71,61,69,68,51,68,60,68,75,75,68,72,70,71,35,75,37,38,40,88,72,74,62,LM,4,3,Right,"188cm / 6'2""",74kg / 163lb,['LW'],24,Senegal,Ligue 1,RC Lens,['Rapid'],,,,,
2541,Williot Swedberg,M,74,74,69,71,76,61,62,75,73,72,72,66,68,58,60,67,75,51,75,72,67,76,84,62,71,76,73,66,60,55,69,45,69,78,56,57,LW,3,3,Right,"187cm / 6'2""",75kg / 165lb,"['CM', 'LM']",21,Sweden,LaLiga,Celta,[],,,,,
2548,Dimitri Foulquier,M,74,73,59,66,68,72,74,71,74,73,54,71,59,54,49,72,62,40,69,67,65,69,64,63,71,69,68,71,67,71,76,69,77,76,74,72,RB,3,3,Right,"183cm / 6'0""",72kg / 159lb,"['LB', 'RM']",32,France,LaLiga,Valencia,[],,,,,
2549,Maxime Dupé,M,74,76,73,72,74,46,71,48,42,11,10,54,11,10,18,10,35,11,34,29,12,11,35,39,66,22,58,23,13,9,11,11,68,21,71,35,GK,3,1,Right,"188cm / 6'2""",88kg / 194lb,,32,France,Ligue 1,Nice,[],76.0,73.0,72.0,71.0,74.0
2551,Gabriel Suazo,M,74,68,59,69,71,70,75,67,69,70,60,67,50,38,59,70,67,67,72,66,53,70,72,65,74,72,74,69,53,72,73,74,68,82,71,77,LB,2,3,Left,"178cm / 5'10""",72kg / 159lb,['LM'],28,Chile,LaLiga,Sevilla,[],,,,,
2554,Brenden Aaronson,M,74,80,66,70,78,57,61,81,79,73,66,67,67,59,62,64,74,67,73,65,67,79,77,81,73,77,70,55,49,59,61,46,63,84,53,54,CAM,3,3,Right,"177cm / 5'10""",69kg / 152lb,['CM'],25,United States,Premier League,Leicester,['Relentless'],,,,,
2556,Hugo Bueno,M,74,74,52,73,78,68,67,75,73,65,52,57,47,46,52,79,73,68,72,68,78,79,77,71,74,80,74,71,47,69,70,69,65,73,66,62,LB,2,3,Left,"180cm / 5'11""",73kg / 161lb,['LM'],23,Spain,Premier League,Wolves,['Whipped Pass'],,,,,
2559,Giovanni Fabbian,M,74,67,72,72,74,67,60,70,65,78,72,74,71,71,58,63,75,64,77,74,68,74,74,71,72,76,71,68,70,64,69,68,69,61,55,69,CM,4,3,Right,"186cm / 6'1""",75kg / 165lb,['CAM'],22,Italy,Serie A,Bologna,[],,,,,
2560,Lucas Pires,M,74,79,49,69,72,70,73,81,78,53,41,68,51,35,44,71,67,65,71,63,72,72,76,71,71,73,68,70,63,69,72,70,80,76,73,69,LB,3,3,Left,"182cm / 6'0""",77kg / 170lb,['LM'],24,Brazil,Premier League,Burnley,[],,,,,
2563,Yussuf Poulsen,M,74,65,70,67,73,56,80,66,65,76,73,73,58,75,58,68,72,42,72,53,70,74,67,54,77,76,73,54,85,53,59,34,88,76,80,81,ST,3,3,Right,"192cm / 6'4""",87kg / 192lb,,31,Denmark,Bundesliga,Hamburger SV,['Enforcer'],,,,,
2564,James Justin,M,74,79,52,69,70,71,70,73,83,65,53,54,47,53,43,73,67,60,72,67,60,70,67,70,71,70,66,71,68,71,72,71,75,74,69,66,RB,4,3,Right,"183cm / 6'0""",80kg / 176lb,"['LB', 'LM']",27,England,Premier League,Leicester,['Block'],,,,,
2566,Ionuț Andrei Radu,M,74,74,71,69,77,50,70,52,48,9,18,52,17,16,15,13,37,15,24,24,16,15,43,40,72,17,43,14,16,12,21,17,64,32,58,22,GK,2,1,Right,"188cm / 6'2""",70kg / 154lb,,28,Romania,LaLiga,Celta,['Cross Claimer'],74.0,71.0,69.0,70.0,77.0
2569,Brugui,M,74,88,70,63,77,43,70,90,87,80,75,68,61,54,69,59,60,70,68,57,62,75,91,80,76,75,70,40,71,29,48,44,84,83,64,65,ST,3,3,Left,"174cm / 5'9""",68kg / 150lb,"['LM', 'RM', 'LW']",29,Spain,LaLiga,Levante UD,"['Low Driven Shot', 'Precision Header', 'Quick Step', 'Rapid']",,,,,
2572,Gabriele Zappa,M,74,75,62,65,69,69,71,67,82,72,62,69,57,54,48,73,62,45,66,62,64,70,72,58,73,67,69,72,63,68,71,70,70,85,66,68,RB,2,2,Right,"183cm / 6'0""",78kg / 172lb,"['CB', 'RM']",25,Italy,Serie A,Cagliari,[],,,,,
2579,Kevin Müller,M,74,71,71,69,77,48,74,49,46,11,13,52,15,11,20,12,39,16,35,34,13,17,48,43,72,18,52,20,13,12,10,10,71,31,76,41,GK,2,1,Right,"190cm / 6'3""",94kg / 207lb,,34,Germany,Bundesliga,Heidenheim,"['Far Throw', 'Footwork', 'Long Ball Pass']",71.0,71.0,69.0,74.0,77.0
2580,Franco Vázquez,M,74,47,77,77,77,56,76,50,45,74,78,76,80,79,67,73,80,76,78,75,80,81,67,40,70,82,78,66,69,45,59,48,72,71,79,78,ST,3,4,Left,"187cm / 6'2""",82kg / 181lb,['CAM'],36,Argentina,Serie A,Monza,"['Chip Shot', 'Finesse Shot', 'First Touch', 'Incisive Pass', 'Long Ball Pass', 'Technical']",,,,,
2582,Álvaro,M,74,75,71,68,76,47,73,44,51,5,8,51,5,6,14,9,41,13,29,26,14,14,68,48,74,28,52,14,9,10,11,11,59,37,59,22,GK,3,1,Left,"186cm / 6'1""",75kg / 165lb,,27,Spain,LaLiga,Sevilla,[],75.0,71.0,68.0,73.0,76.0
2585,Joris Chotard,M,74,64,57,73,75,69,72,64,64,68,55,61,58,47,55,68,76,57,77,75,66,75,77,71,69,76,75,73,58,70,72,64,67,83,66,75,CDM,4,3,Right,"179cm / 5'10""",70kg / 154lb,['CM'],24,France,Ligue 1,Brest,"['Inventive', 'Long Ball Pass']",,,,,
2592,Benjamin Lecomte,M,74,73,72,75,75,41,73,41,40,10,11,56,10,10,20,13,44,19,30,33,20,11,36,30,71,23,61,24,10,17,11,12,63,34,68,23,GK,3,1,Left,"186cm / 6'1""",78kg / 172lb,,34,France,Premier League,Fulham,"['Far Throw', 'Footwork', 'Long Ball Pass']",73.0,72.0,75.0,73.0,75.0
2598,Ki-Jana Hoever,M,74,73,55,69,71,70,71,76,70,70,48,67,57,61,43,75,66,60,69,67,69,73,66,64,70,72,69,72,56,69,75,69,72,82,66,69,RB,3,2,Right,"183cm / 6'0""",73kg / 161lb,['RM'],23,Holland,Premier League,Wolves,[],,,,,
2603,Lukas Ullrich,M,74,73,56,63,73,73,71,72,73,68,59,64,51,34,35,70,64,31,66,58,57,74,71,72,71,74,69,74,64,74,76,72,74,77,68,71,LB,2,2,Left,"180cm / 5'11""",73kg / 161lb,['LM'],21,Germany,Bundesliga,M'gladbach,[],,,,,
2605,Jonny,M,74,71,54,69,74,72,68,75,67,66,51,68,49,46,46,75,67,54,70,64,66,73,72,77,71,75,72,72,69,73,73,73,74,71,62,76,RB,3,3,Right,"170cm / 5'7""",70kg / 154lb,"['LB', 'RM']",31,Spain,LaLiga,Alaves,[],,,,,
2607,Daniel Heuer Fernandes,M,74,74,70,75,75,41,73,42,40,7,11,56,9,7,19,8,48,12,45,54,13,20,38,33,70,26,28,15,10,12,15,11,63,40,69,23,GK,4,1,Right,"188cm / 6'2""",81kg / 179lb,,33,Portugal,Bundesliga,Hamburger SV,"['Deflector', 'Long Ball Pass']",74.0,70.0,75.0,73.0,75.0
2609,Joe Scally,M,74,83,49,60,69,71,76,80,85,62,49,51,50,29,39,54,59,28,69,58,60,68,77,74,69,68,60,71,64,71,74,72,80,85,74,69,RB,3,2,Right,"184cm / 6'0""",80kg / 176lb,"['CB', 'LB', 'RM']",22,United States,Bundesliga,M'gladbach,['Anticipate'],,,,,
2611,Kristjan Asllani,M,74,65,61,74,74,70,64,65,65,59,57,72,66,48,54,63,77,65,80,77,65,75,64,74,70,78,71,71,64,68,75,68,68,67,60,68,CDM,3,2,Right,"179cm / 5'10""",70kg / 154lb,['CM'],23,Albania,Serie A,Torino,"['Incisive Pass', 'Tiki Taka']",,,,,
2619,Matthieu Udol,M,74,70,52,65,72,74,74,70,70,59,51,54,56,35,45,68,56,56,72,64,57,71,76,78,71,73,68,71,75,74,76,73,78,80,69,80,CB,3,2,Left,"178cm / 5'10""",79kg / 174lb,"['LB', 'LM']",29,France,Ligue 1,RC Lens,"['Jockey', 'Whipped Pass']",,,,,
2623,Jan Schöppner,M,74,65,57,64,64,76,81,61,69,58,57,66,60,33,40,60,66,43,71,66,44,62,57,54,68,68,69,76,80,76,78,70,83,90,77,78,CDM,3,2,Right,"190cm / 6'3""",78kg / 172lb,['CM'],26,Germany,Bundesliga,Heidenheim,"['Aerial Fortress', 'Anticipate', 'Intercept', 'Precision Header', 'Relentless']",,,,,
2626,Arsen Zakharyan,M,74,78,71,74,72,53,59,80,77,69,68,78,75,67,60,73,74,77,72,76,73,72,68,69,72,75,70,51,51,57,54,44,64,70,53,58,RM,4,3,Right,"182cm / 6'0""",73kg / 161lb,"['CM', 'LM', 'RW']",22,Russia,LaLiga,Sociedad,['Finesse Shot'],,,,,
2627,Tim Iroegbunam,M,74,65,58,67,73,72,72,66,65,65,57,68,53,49,56,56,70,41,75,72,58,76,64,64,72,73,70,75,68,69,74,70,74,71,72,72,CDM,4,3,Right,"183cm / 6'0""",70kg / 154lb,['CM'],22,England,Premier League,Everton,[],,,,,
2628,Daniel Boloca,M,74,59,61,70,74,67,76,58,60,62,58,68,64,53,52,57,74,46,78,74,64,74,70,59,72,79,70,68,52,68,69,66,65,87,74,69,CM,3,3,Right,"188cm / 6'2""",80kg / 176lb,['CDM'],26,Romania,Serie A,Empoli,"['Jockey', 'Relentless']",,,,,
2630,Ngal'ayel Mukau,M,74,69,57,65,71,70,75,71,67,70,55,67,54,43,40,45,71,38,76,72,58,70,66,73,71,73,70,71,66,69,72,69,77,75,73,79,CDM,2,2,Left,"186cm / 6'1""",79kg / 174lb,['CM'],21,Congo DR,Ligue 1,Lille,[],,,,,
2631,Janik Haberer,M,74,61,67,71,74,63,70,61,61,69,63,77,67,64,61,59,76,55,77,74,69,75,68,60,75,77,71,73,54,61,64,58,64,74,67,73,CM,3,3,Right,"186cm / 6'1""",79kg / 174lb,['CDM'],31,Germany,Bundesliga,Union Berlin,[],,,,,
2634,Largie Ramazani,M,74,89,69,67,76,41,64,90,89,72,71,71,65,62,68,70,65,60,71,61,65,75,90,92,70,73,73,35,61,50,34,30,77,69,60,63,LM,4,3,Right,"167cm / 5'6""",60kg / 132lb,"['RM', 'ST', 'LW']",24,Belgium,LaLiga,Valencia,"['Acrobatic', 'Finesse Shot', 'Quick Step', 'Technical']",,,,,
2636,Aaron Hickey,M,74,71,54,70,73,74,64,70,72,59,48,63,60,56,47,74,67,40,75,68,61,74,71,64,73,74,72,72,67,75,76,75,69,60,59,78,RB,5,2,Right,"185cm / 6'1""",72kg / 159lb,['RM'],23,Scotland,Premier League,Brentford,[],,,,,
2638,Devyne Rensch,M,74,74,56,67,71,72,66,75,74,75,60,57,50,42,42,65,66,38,75,66,48,70,74,71,72,73,69,73,68,72,74,72,73,70,61,72,RB,4,3,Right,"179cm / 5'10""",73kg / 161lb,['CB'],22,Holland,Serie A,Roma,"['Intercept', 'Jockey', 'Slide Tackle']",,,,,
2644,Héctor Bellerín,M,74,78,51,68,75,69,64,77,79,67,52,52,43,41,62,75,66,50,72,59,63,75,72,78,74,75,70,72,58,68,72,72,69,71,57,69,RB,2,3,Right,"178cm / 5'10""",74kg / 163lb,['RM'],30,Spain,LaLiga,Betis,[],,,,,
2647,Gideon Mensah,M,74,76,57,65,72,68,67,77,76,66,54,67,54,57,46,71,54,49,71,63,67,72,72,80,70,71,63,69,63,66,70,74,71,79,57,76,LB,2,3,Left,"178cm / 5'10""",64kg / 141lb,['LM'],27,Ghana,Ligue 1,Auxerre,['Jockey'],,,,,
2648,Lassine Sinayoko,M,74,75,73,68,73,43,73,72,78,74,76,73,69,59,71,68,72,52,70,64,58,75,60,58,72,77,72,44,70,41,39,36,81,70,78,60,ST,3,3,Right,"186cm / 6'1""",81kg / 179lb,"['LM', 'CAM']",25,Mali,Ligue 1,Auxerre,[],,,,,
2649,Jonas Urbig,M,74,74,70,79,76,32,74,31,33,8,5,59,17,8,15,10,36,12,23,28,12,8,30,36,65,19,40,14,13,8,14,10,53,24,51,27,GK,4,1,Right,"189cm / 6'2""",83kg / 183lb,,22,Germany,Bundesliga,Bayern Munich,"['Cross Claimer', 'Footwork']",74.0,70.0,79.0,74.0,76.0
2655,Kalvin Phillips,M,74,54,65,73,70,72,70,58,50,65,61,74,67,54,58,70,71,70,76,77,61,69,62,73,72,72,72,72,62,71,75,73,70,54,74,78,CDM,3,3,Right,"178cm / 5'10""",72kg / 159lb,['CM'],29,England,Premier League,Man City,['Slide Tackle'],,,,,
2656,Jack Harrison,M,74,76,69,71,75,47,66,74,77,72,66,76,69,62,64,77,75,56,72,57,77,74,79,80,73,75,72,44,45,60,39,39,63,76,62,65,RM,3,3,Left,"175cm / 5'9""",70kg / 154lb,['RW'],29,England,Premier League,Leicester,['Pinged Pass'],,,,,
2657,Odriozola,M,74,72,55,69,74,71,63,65,78,69,48,61,59,48,62,74,63,47,71,70,71,75,71,78,72,74,67,71,70,71,72,72,68,73,58,62,RB,3,3,Right,"176cm / 5'9""",66kg / 146lb,['RM'],29,Spain,LaLiga,Sociedad,[],,,,,
2659,Jakub Kamiński,M,74,84,65,67,77,53,58,86,83,72,68,64,65,46,52,69,69,48,70,62,69,79,85,76,63,77,63,50,68,54,54,42,74,74,54,44,LM,3,3,Right,"179cm / 5'10""",68kg / 150lb,['LW'],23,Poland,Bundesliga,1. FC Köln,['Rapid'],,,,,
2660,Stefano Turati,M,74,75,71,71,78,35,74,37,31,8,10,53,7,7,17,11,45,13,24,20,11,7,46,35,65,20,24,12,13,10,15,15,56,30,54,28,GK,2,1,Right,"188cm / 6'2""",85kg / 187lb,,24,Italy,Serie A,Empoli,[],75.0,71.0,71.0,74.0,78.0
2661,Tijjani Noslin,M,74,78,73,66,77,43,67,79,77,72,74,78,70,71,68,72,65,53,67,59,72,78,77,72,68,78,77,42,74,35,42,39,82,59,69,66,ST,4,4,Right,"178cm / 5'10""",73kg / 161lb,"['RM', 'LM', 'RW']",26,Holland,Serie A,Lazio,[],,,,,
2667,Eli Junior Kroupi,M,74,80,74,68,78,47,57,81,80,75,76,74,71,71,73,57,68,55,76,70,69,80,75,72,67,81,72,38,63,42,54,46,80,63,55,48,ST,3,3,Right,"179cm / 5'10""",70kg / 154lb,,19,France,Premier League,Bournemouth,"['Finesse Shot', 'Incisive Pass']",,,,,
2668,Djibril Sidibé,M,74,63,55,69,67,76,73,62,63,68,51,63,58,42,43,67,65,66,74,66,70,67,58,68,75,68,72,75,69,79,76,72,74,68,75,74,CB,4,3,Right,"183cm / 6'0""",80kg / 176lb,"['RB', 'RM']",33,France,Ligue 1,Toulouse,"['Anticipate', 'Jockey']",,,,,
2669,Ilia Gruev,M,74,67,55,71,71,70,69,61,71,58,52,57,58,52,60,63,70,64,77,73,63,70,63,66,73,74,74,71,59,71,71,73,66,78,66,66,CDM,3,3,Left,"185cm / 6'1""",77kg / 170lb,['CM'],25,Bulgaria,Premier League,Leicester,[],,,,,
2678,Gerard Martín,M,74,71,52,70,69,72,68,67,75,61,44,69,55,39,48,73,63,59,74,68,65,70,56,57,73,72,70,71,69,71,75,73,75,61,71,69,LB,3,3,Left,"186cm / 6'1""",76kg / 168lb,"['CB', 'LM']",23,Spain,LaLiga,Barcelona,[],,,,,
2680,Kevin Akpoguma,M,74,76,48,59,70,75,74,76,76,45,45,70,38,35,48,65,46,27,68,62,40,73,54,51,76,73,60,74,73,75,76,71,79,65,80,69,CB,4,3,Right,"192cm / 6'4""",85kg / 187lb,"['RB', 'RM']",30,Nigeria,Bundesliga,Hoffenheim,['Block'],,,,,
2687,Wilfried Gnonto,M,74,88,72,65,79,31,67,87,88,72,72,80,67,59,65,63,64,46,72,64,52,79,86,85,69,77,73,29,54,37,21,19,74,69,67,61,RM,4,3,Right,"169cm / 5'7""",72kg / 159lb,"['LM', 'RW']",22,Italy,Premier League,Leicester,"['Quick Step', 'Rapid']",,,,,
2688,Fabian Rieder,M,74,74,69,71,75,51,62,75,73,69,70,73,73,42,64,54,79,74,75,74,75,74,79,82,67,75,74,54,38,45,59,53,58,75,59,53,CAM,3,3,Left,"179cm / 5'10""",74kg / 163lb,"['CM', 'RM']",23,Switzerland,Bundesliga,Augsburg,"['Dead Ball', 'First Touch', 'Incisive Pass', 'Long Ball Pass', 'Whipped Pass']",,,,,
2702,Tom Cairney,M,74,52,71,76,73,66,62,53,51,74,69,73,72,72,65,76,76,72,77,76,76,73,64,67,76,77,78,67,58,67,69,55,63,53,68,58,CM,2,3,Left,"185cm / 6'1""",84kg / 185lb,"['CDM', 'CAM']",34,Scotland,Premier League,Fulham,[],,,,,
2705,Franco Cervi,M,74,82,66,71,76,55,50,82,82,72,68,68,64,55,56,70,70,76,72,68,77,74,87,86,71,74,71,50,48,51,64,52,53,70,31,72,LM,3,4,Left,"166cm / 5'5""",62kg / 137lb,['LW'],31,Argentina,LaLiga,Celta,"['Inventive', 'Quick Step']",,,,,
2710,Philipp Treu,M,74,81,45,67,76,65,66,79,83,62,47,41,44,33,40,73,62,44,75,62,53,77,86,88,72,74,60,68,42,69,67,68,58,93,54,64,LB,3,3,Right,"172cm / 5'8""",68kg / 150lb,"['LM', 'RB']",24,Germany,Bundesliga,Freiburg,['Anticipate'],,,,,
2719,Lucas Tousart,M,74,60,55,63,68,74,79,52,67,57,47,72,62,43,48,56,60,45,72,70,39,69,59,65,76,70,67,73,75,73,76,73,78,78,80,79,CDM,3,2,Right,"185cm / 6'1""",83kg / 183lb,['CM'],28,France,Ligue 1,Brest,"['Bruiser', 'Pinged Pass', 'Press Proven', 'Relentless']",,,,,
2721,Aarón Martín,M,74,59,54,76,75,71,64,69,50,69,43,69,65,45,50,83,68,85,76,69,82,74,77,75,72,78,74,72,66,71,72,70,68,81,57,61,LB,3,3,Left,"178cm / 5'10""",70kg / 154lb,['LM'],28,Spain,Serie A,Genoa,"['Anticipate', 'Dead Ball', 'Intercept', 'Whipped Pass']",,,,,
2724,Jofre,M,74,79,72,71,74,41,62,76,81,74,70,78,77,64,59,72,72,55,74,67,70,76,75,71,72,74,67,41,59,39,39,32,70,64,59,63,RM,3,3,Right,"175cm / 5'9""",70kg / 154lb,"['LM', 'RW']",24,Spain,LaLiga,Espanol,['Rapid'],,,,,
2726,Kévin Danois,M,74,59,62,71,75,68,64,57,60,62,63,60,62,57,61,61,74,52,78,74,65,77,62,66,72,78,70,74,58,65,72,63,61,75,59,61,CM,3,2,Right,"183cm / 6'0""",72kg / 159lb,,21,France,Ligue 1,Auxerre,[],,,,,
2727,Vesga,M,74,40,74,69,64,73,78,33,46,72,74,78,72,63,78,63,70,53,73,75,60,65,41,36,72,72,68,74,70,73,73,71,69,81,82,65,CDM,3,3,Left,"191cm / 6'3""",86kg / 190lb,['CM'],32,Spain,LaLiga,Ath Bilbao,"['Aerial Fortress', 'Bruiser']",,,,,
2728,Guridi,M,74,60,69,72,76,65,56,61,60,72,72,66,70,50,56,62,73,55,78,76,62,78,69,77,73,76,69,71,60,59,72,58,63,58,57,48,CAM,3,3,Left,"179cm / 5'10""",70kg / 154lb,"['CM', 'CDM']",30,Spain,LaLiga,Alaves,"['Aerial Fortress', 'Technical']",,,,,
2732,Roberto,M,74,73,73,62,73,41,76,69,76,76,76,77,67,65,67,56,66,46,68,57,59,74,65,69,74,76,70,37,73,39,37,35,80,76,75,75,ST,4,3,Right,"186cm / 6'1""",78kg / 172lb,,23,Spain,LaLiga,Espanol,['Gamechanger'],,,,,
2739,Luca Pellegrini,M,74,71,54,66,76,72,58,77,66,68,46,65,60,57,49,76,47,39,75,65,63,77,70,72,70,78,69,69,61,71,76,76,65,66,46,75,LB,4,3,Left,"178cm / 5'10""",72kg / 159lb,['LM'],26,Italy,Serie A,Lazio,[],,,,,
2740,Jaidon Anthony,M,74,79,67,70,75,39,67,78,80,69,69,66,64,61,65,73,73,61,71,60,74,75,71,77,69,77,73,29,52,38,48,24,69,84,64,51,LM,3,3,Right,"183cm / 6'0""",72kg / 159lb,"['RM', 'LW']",25,England,Premier League,Burnley,"['Dead Ball', 'Finesse Shot', 'Technical']",,,,,
2741,Daniel Maldini,M,74,70,70,75,76,42,64,66,74,72,64,73,78,75,70,75,73,78,78,69,78,77,69,63,72,81,72,35,65,31,50,40,71,69,67,46,CAM,4,3,Right,"188cm / 6'2""",83kg / 183lb,['CM'],24,Italy,Serie A,Bergamo Calcio,['Technical'],,,,,
2742,Nnamdi Collins,M,74,86,30,64,68,73,76,83,88,48,28,38,24,25,25,68,65,20,71,63,44,70,63,57,70,69,70,73,73,73,76,68,89,71,79,72,CB,3,2,Right,"191cm / 6'3""",84kg / 185lb,"['RB', 'RM']",21,Germany,Bundesliga,Ein Frankfurt,['Slide Tackle'],,,,,
2745,Gianluca Gaetano,M,74,64,72,73,76,51,60,69,60,74,71,74,72,69,65,68,75,67,75,71,75,76,72,79,68,78,75,51,59,45,54,50,65,58,58,65,CAM,3,3,Right,"180cm / 5'11""",80kg / 176lb,['CM'],25,Italy,Serie A,Cagliari,[],,,,,
2746,Julian Araujo,M,74,83,35,64,70,71,73,86,80,65,25,50,36,30,44,70,64,37,67,62,55,68,79,71,70,69,68,71,66,72,73,71,80,73,69,80,RB,2,2,Right,"176cm / 5'9""",70kg / 154lb,['RM'],24,Mexico,Premier League,Bournemouth,"['Relentless', 'Slide Tackle']",,,,,
2748,Trai Hume,M,74,80,37,61,68,71,79,77,83,61,38,35,32,36,40,70,57,34,66,57,52,68,69,67,70,69,63,68,70,70,72,74,82,83,76,83,RB,3,2,Right,"180cm / 5'11""",75kg / 165lb,['CB'],23,Northern Ireland,Premier League,Sunderland,"['Block', 'Long Ball Pass', 'Slide Tackle']",,,,,
2750,Kamory Doumbia,M,74,68,68,70,77,57,56,69,68,73,66,72,69,66,58,63,75,48,74,71,64,77,82,85,72,76,74,59,55,54,60,59,58,70,48,59,CAM,3,3,Right,"170cm / 5'7""",53kg / 117lb,['CM'],22,Mali,Ligue 1,Brest,['Intercept'],,,,,
2751,Tom Rothe,M,74,61,50,70,68,71,76,66,56,63,52,58,37,46,35,84,66,30,69,70,77,68,57,51,74,74,68,73,75,73,68,69,82,77,79,67,LB,3,3,Left,"192cm / 6'4""",85kg / 187lb,['LM'],21,Germany,Bundesliga,Union Berlin,"['Long Throw', 'Whipped Pass']",,,,,
2755,Billy Gilmour,M,74,60,58,74,76,69,58,69,52,58,53,63,60,58,65,65,75,55,82,77,65,76,75,81,75,77,77,72,50,70,74,67,56,66,49,73,CM,3,3,Right,"170cm / 5'7""",66kg / 146lb,['CDM'],24,Scotland,Serie A,Napoli,[],,,,,
2758,Robin Roefs,M,74,76,74,68,76,31,70,29,33,6,5,51,5,9,16,11,33,14,21,14,10,10,31,25,72,16,31,7,14,8,13,13,51,23,64,24,GK,3,1,Left,"192cm / 6'4""",72kg / 159lb,,22,Holland,Premier League,Sunderland,"['Far Reach', 'Footwork']",76.0,74.0,68.0,70.0,76.0
2759,Tyler Dibling,M,74,77,67,70,77,38,66,78,76,71,69,68,64,57,61,75,74,53,72,58,73,78,78,75,72,76,75,44,41,36,38,26,65,67,70,55,RM,3,3,Left,"186cm / 6'1""",79kg / 174lb,"['RW', 'CAM']",19,England,Premier League,Everton,"['Incisive Pass', 'Technical']",,,,,
2761,Kilian Fischer,M,74,84,38,64,68,68,72,83,84,55,35,44,38,30,37,67,59,37,72,63,49,68,70,71,67,70,58,71,59,70,65,72,76,84,69,65,RB,4,2,Right,"182cm / 6'0""",77kg / 170lb,['RM'],25,Germany,Bundesliga,Wolfsburg,[],,,,,
2763,Eren Dinkçi,M,74,86,72,69,75,31,60,86,86,74,71,74,73,69,66,60,72,62,72,69,71,77,72,75,69,75,75,27,64,30,28,19,76,78,59,36,CAM,3,4,Right,"188cm / 6'2""",76kg / 168lb,"['RM', 'CM']",23,Turkey,Bundesliga,Freiburg,"['Finesse Shot', 'Rapid']",,,,,
2765,Florian Kainz,M,74,64,73,75,76,44,60,69,60,73,71,77,75,58,81,77,74,73,75,74,78,75,79,82,75,75,75,31,55,55,41,34,61,68,54,67,CAM,4,4,Right,"176cm / 5'9""",71kg / 157lb,"['CM', 'LM']",33,Austria,Bundesliga,1. FC Köln,"['Dead Ball', 'Incisive Pass', 'Whipped Pass']",,,,,
2766,Denis Suárez,M,74,55,70,77,75,63,52,60,50,73,69,74,70,68,63,75,77,69,78,77,80,74,71,73,76,77,74,67,49,69,65,49,54,51,54,47,CM,3,3,Right,"176cm / 5'9""",66kg / 146lb,"['LM', 'CAM', 'LW']",31,Spain,LaLiga,Alaves,['Technical'],,,,,
2772,Conrad Harder,M,74,75,76,66,71,28,76,74,75,74,76,81,79,66,63,64,70,55,68,58,72,71,72,69,72,70,72,23,75,28,19,18,87,63,81,76,ST,3,3,Left,"185cm / 6'1""",84kg / 185lb,"['CAM', 'LW', 'CM']",20,Denmark,Bundesliga,RB Leipzig,"['Enforcer', 'Power Shot']",,,,,
2774,Bigas,M,74,57,52,64,65,74,79,57,57,61,49,62,47,44,48,67,45,43,75,69,47,64,62,66,69,67,69,72,74,75,74,71,80,72,82,82,CB,2,2,Left,"181cm / 5'11""",78kg / 172lb,,35,Spain,LaLiga,Elche CF,"['Aerial Fortress', 'Bruiser', 'Long Ball Pass', 'Precision Header']",,,,,
2776,Lloyd Kelly,M,74,67,40,65,67,73,79,64,69,57,34,50,40,34,45,62,60,44,73,68,46,67,55,52,69,73,72,72,75,72,75,72,82,79,80,75,CB,3,3,Left,"190cm / 6'3""",86kg / 190lb,"['LB', 'LM']",27,England,Serie A,Juventus,"['Jockey', 'Long Ball Pass', 'Long Throw', 'Slide Tackle']",,,,,
2781,Dominic Calvert-Lewin,M,74,72,72,63,70,38,75,66,76,76,74,79,60,65,80,62,64,54,70,47,64,69,61,62,73,74,74,35,80,38,31,23,86,62,80,76,ST,2,3,Right,"189cm / 6'2""",80kg / 176lb,,28,England,Premier League,Leicester,['Aerial Fortress'],,,,,
2785,Christos Mandas,M,74,76,71,72,78,23,70,22,25,7,8,54,5,7,18,11,40,12,30,20,12,12,39,34,71,18,31,14,10,5,12,14,46,23,45,19,GK,3,1,Right,"189cm / 6'2""",73kg / 161lb,,24,Greece,Serie A,Lazio,[],76.0,71.0,72.0,70.0,78.0
2790,Maduka Okoye,M,74,73,72,68,78,24,74,23,26,8,6,51,6,6,14,15,45,11,39,45,13,14,32,41,70,18,37,18,11,16,16,16,61,34,75,26,GK,3,1,Right,"197cm / 6'6""",94kg / 207lb,,26,Nigeria,Serie A,Udinese,[],73.0,72.0,68.0,74.0,78.0
2797,Pablo Durán,M,74,72,74,64,74,36,68,71,72,77,77,73,72,68,63,58,65,59,71,58,60,75,66,65,75,75,73,33,68,38,28,26,74,72,67,62,ST,3,3,Right,"176cm / 5'9""",72kg / 159lb,"['LM', 'CAM']",24,Spain,LaLiga,Celta,[],,,,,
2798,Estéban Lepaul,M,74,75,75,60,73,36,68,77,73,78,79,68,72,76,71,43,69,58,68,50,65,72,72,69,67,77,73,35,70,34,32,22,78,81,69,48,ST,3,3,Right,"177cm / 5'10""",71kg / 157lb,"['CAM', 'CM']",25,France,Ligue 1,Rennes,['Gamechanger'],,,,,
2801,Juan David Cabal,M,74,72,38,69,65,74,69,71,73,46,37,42,35,30,44,70,62,39,74,75,65,63,67,62,69,70,55,72,73,70,77,81,82,54,74,71,LB,3,3,Left,"186cm / 6'1""",80kg / 176lb,"['CB', 'LM']",24,Colombia,Serie A,Juventus,[],,,,,
2802,Robert Navarro,M,74,74,69,70,77,34,63,73,74,68,73,68,64,59,71,67,73,61,74,63,73,79,75,74,71,77,68,40,49,24,34,38,64,66,63,57,RM,3,4,Right,"178cm / 5'10""",65kg / 143lb,"['LM', 'RW']",23,Spain,LaLiga,Ath Bilbao,"['Gamechanger', 'Technical']",,,,,
2808,Jordan Beyer,M,74,72,34,63,69,74,74,69,75,48,29,46,30,31,42,61,55,35,73,69,44,68,68,63,73,71,74,74,73,74,75,74,82,67,77,75,CB,3,2,Right,"187cm / 6'2""",80kg / 176lb,,25,Germany,Premier League,Burnley,['Slide Tackle'],,,,,
2810,Pablo Torre,M,74,72,64,76,76,45,53,76,68,70,65,62,68,50,62,75,76,79,77,75,75,76,82,81,69,76,70,45,41,42,48,46,54,71,48,44,CAM,4,4,Right,"173cm / 5'8""",63kg / 139lb,['CM'],22,Spain,LaLiga,Mallorca,[],,,,,
2811,Brajan Gruda,M,74,74,71,69,79,30,63,78,70,73,65,82,72,72,65,69,72,59,71,61,75,82,85,81,72,77,62,31,51,26,30,21,68,66,62,62,CAM,3,4,Left,"178cm / 5'10""",70kg / 154lb,"['RM', 'CM']",21,Germany,Premier League,Brighton,"['First Touch', 'Long Throw', 'Pinged Pass', 'Technical']",,,,,
2813,Claudio Echeverri,M,74,84,66,71,80,38,47,87,82,71,66,68,69,59,52,70,72,69,71,69,78,81,92,92,71,74,74,39,40,32,44,37,53,55,40,54,CAM,3,3,Right,"170cm / 5'7""",65kg / 143lb,"['CM', 'LW']",19,Argentina,Bundesliga,Leverkusen,[],,,,,
2814,Clément Akpa,M,74,70,42,61,67,74,72,71,69,57,42,42,36,38,45,64,57,37,70,48,56,64,63,66,73,70,72,75,73,72,76,75,82,67,74,69,CB,2,2,Left,"183cm / 6'0""",68kg / 150lb,"['LB', 'LM']",24,Côte d'Ivoire,Ligue 1,Auxerre,[],,,,,
2815,Isaac,M,74,78,72,68,73,23,71,77,79,72,73,73,71,69,65,68,65,50,72,67,70,74,69,66,73,75,63,22,74,23,12,10,85,72,74,58,ST,3,3,Left,"184cm / 6'0""",70kg / 154lb,"['LW', 'RW', 'LM']",25,Spain,LaLiga,Sevilla,[],,,,,
2819,Juan Iglesias,M,74,79,39,61,66,71,69,76,82,58,36,45,33,37,42,67,56,40,68,51,58,67,66,53,70,66,62,71,70,68,74,72,77,75,67,63,RB,4,3,Right,"187cm / 6'2""",77kg / 170lb,"['LB', 'RM']",27,Spain,LaLiga,Getafe CF,"['Block', 'Intercept', 'Long Throw']",,,,,
2820,Orri Óskarsson,M,74,74,73,63,70,31,74,73,74,76,74,75,69,69,66,52,65,56,72,58,60,68,66,72,74,74,66,26,73,29,25,25,84,72,76,69,ST,3,2,Right,"186cm / 6'1""",76kg / 168lb,,21,Iceland,LaLiga,Sociedad,[],,,,,
2822,Valentin Gendrey,M,74,75,37,60,67,72,73,82,70,48,40,38,28,26,45,71,45,34,68,57,60,63,73,74,71,71,63,72,60,71,77,69,78,78,70,73,RB,2,3,Right,"179cm / 5'10""",75kg / 165lb,['RM'],25,France,Bundesliga,Hoffenheim,"['Anticipate', 'Whipped Pass']",,,,,
2831,Juanmi,M,74,74,73,69,75,31,60,75,73,77,73,75,71,70,64,73,65,60,74,62,65,75,76,76,71,76,70,23,77,25,28,25,78,67,56,57,ST,3,3,Right,"172cm / 5'8""",69kg / 152lb,"['LM', 'CAM']",32,Spain,LaLiga,Getafe CF,[],,,,,
2836,Wesley Saïd,M,74,73,75,67,78,30,58,72,74,78,76,77,73,73,60,64,69,52,71,65,59,78,83,86,74,76,78,23,69,28,25,23,71,65,59,44,ST,3,4,Right,"171cm / 5'7""",72kg / 159lb,,30,France,Ligue 1,RC Lens,"['Gamechanger', 'Technical']",,,,,
2837,Elgezabal,M,74,58,50,58,62,76,77,53,62,43,47,66,40,32,68,40,60,46,69,68,36,60,53,49,73,68,64,76,70,78,75,74,73,77,78,75,CB,3,2,Right,"185cm / 6'1""",74kg / 163lb,"['CM', 'CDM']",32,Spain,LaLiga,Levante UD,"['Aerial Fortress', 'Long Ball Pass']",,,,,
2838,Mark McKenzie,M,74,80,36,50,64,73,78,78,82,40,37,34,40,28,30,25,37,24,72,68,26,59,70,67,72,66,69,73,69,72,76,75,84,75,80,74,CB,5,2,Right,"184cm / 6'0""",83kg / 183lb,,26,United States,Ligue 1,Toulouse,[],,,,,
2840,Joaquín Panichelli,M,74,68,75,62,70,27,79,62,73,75,76,78,72,65,75,55,69,52,65,56,62,70,63,71,71,73,68,11,80,35,16,18,87,74,85,70,ST,3,3,Right,"187cm / 6'2""",82kg / 181lb,,23,Argentina,Ligue 1,Strasbourg,"['Precision Header', 'Press Proven']",,,,,
2841,Jesús Rodríguez,M,74,80,68,69,77,32,54,83,78,70,68,72,66,63,61,70,74,49,70,65,65,79,83,61,70,76,70,33,55,25,30,30,70,56,56,42,LM,3,3,Right,"185cm / 6'1""",68kg / 150lb,"['RM', 'LW']",20,Spain,Serie A,Como,[],,,,,
2845,Adam Masina,M,74,62,42,66,68,77,65,55,68,58,30,63,46,37,31,72,60,35,69,70,64,68,63,40,71,72,72,78,75,79,74,75,73,53,68,72,CB,3,3,Left,"189cm / 6'2""",78kg / 172lb,,31,Morocco,Serie A,Torino,['Slide Tackle'],,,,,
2849,Fábio Carvalho,M,74,75,68,68,77,46,46,77,74,75,73,66,65,61,49,60,71,53,73,69,65,76,82,86,71,78,73,39,43,49,54,32,50,62,39,42,CAM,4,4,Right,"170cm / 5'7""",62kg / 137lb,"['CM', 'RM']",23,Portugal,Premier League,Brentford,['Technical'],,,,,
2850,Julien Le Cardinal,M,74,71,31,63,65,74,76,65,76,31,27,32,37,28,36,70,61,29,69,61,49,64,55,67,73,69,68,73,70,72,78,73,77,77,76,73,CB,2,2,Right,"184cm / 6'0""",74kg / 163lb,,28,France,Ligue 1,Brest,[],,,,,
2856,Juan Cruz,M,74,69,40,62,64,73,71,70,69,35,34,57,39,30,48,63,45,31,76,64,59,60,65,53,75,71,56,73,66,74,75,73,73,73,69,71,LB,3,2,Left,"182cm / 6'0""",79kg / 174lb,['CB'],33,Spain,LaLiga,Osasuna,[],,,,,
2860,Martin Vitík,M,74,73,39,56,62,74,75,71,75,51,33,60,34,28,22,31,66,30,68,62,32,63,48,45,71,67,67,73,76,73,75,74,88,63,81,72,CB,3,2,Right,"193cm / 6'4""",84kg / 185lb,,22,Czech Republic,Serie A,Bologna,['Intercept'],,,,,
2861,Max Rosenfelder,M,74,82,30,57,67,75,68,74,89,41,26,35,30,24,33,48,55,24,68,61,35,66,65,65,72,70,66,73,73,74,77,76,87,63,69,69,CB,3,3,Right,"186cm / 6'1""",76kg / 168lb,"['RB', 'RM']",22,Germany,Bundesliga,Freiburg,['Anticipate'],,,,,
2862,Ilias Akhomach,M,74,78,72,68,76,28,57,78,78,71,74,72,74,55,59,71,67,63,72,57,68,77,80,72,70,77,62,23,38,25,30,35,57,68,54,51,RM,4,4,Left,"175cm / 5'9""",70kg / 154lb,"['RW', 'LW']",21,Morocco,LaLiga,Villarreal,[],,,,,
2863,Haris Belkebla,M,74,46,49,71,70,68,74,51,42,61,41,61,51,47,55,63,73,64,76,73,56,71,59,67,70,73,70,68,55,69,72,70,62,86,67,77,CDM,3,3,Right,"177cm / 5'10""",68kg / 150lb,['CM'],31,Algeria,Ligue 1,Angers,['Relentless'],,,,,
2864,David Okereke,M,74,83,71,58,75,26,65,79,86,76,76,74,56,70,68,43,64,51,68,45,67,76,84,68,70,74,68,17,71,31,17,15,81,70,67,48,ST,4,3,Right,"181cm / 5'11""",79kg / 174lb,"['RW', 'LW', 'RM']",28,Nigeria,Serie A,Monza,['First Touch'],,,,,
2867,Koni De Winter,M,74,67,40,58,66,75,72,65,69,48,30,52,45,42,50,59,42,34,68,65,51,66,62,55,71,67,64,71,76,74,79,76,79,76,70,71,CB,3,2,Right,"191cm / 6'3""",75kg / 165lb,,23,Belgium,Serie A,Milan,[],,,,,
2872,Adnan Januzaj,M,74,70,69,76,78,30,54,69,70,71,66,75,69,69,60,76,75,74,78,71,80,79,79,75,70,78,75,36,42,30,23,22,56,55,59,41,RW,4,4,Left,"186cm / 6'1""",76kg / 168lb,"['RM', 'LM']",30,Belgium,LaLiga,Sevilla,"['Inventive', 'Long Ball Pass', 'Pinged Pass', 'Technical']",,,,,
2874,Eddie Nketiah,M,74,81,73,58,76,25,64,83,79,76,75,75,69,71,71,43,60,44,73,49,54,77,79,75,74,74,70,20,70,24,19,15,79,66,63,58,ST,3,3,Right,"180cm / 5'11""",73kg / 161lb,,26,England,Premier League,Crystal Palace,['Chip Shot'],,,,,
2876,Alidu Seidu,M,74,61,43,61,70,75,67,64,58,52,35,62,41,42,37,66,52,31,68,61,55,69,63,69,75,72,73,76,71,77,75,74,75,51,70,75,CB,3,2,Right,"173cm / 5'8""",68kg / 150lb,"['RB', 'RM']",25,Ghana,Ligue 1,Rennes,"['Anticipate', 'Block', 'Long Throw']",,,,,
2877,Kike Barja,M,74,74,66,69,74,35,58,76,72,75,70,66,61,49,58,73,73,41,71,70,52,76,70,62,70,75,69,33,59,35,30,31,71,59,60,47,RM,3,3,Right,"179cm / 5'10""",69kg / 152lb,"['LM', 'LW', 'RW']",28,Spain,LaLiga,Osasuna,['Technical'],,,,,
2879,Sebastiaan Bornauw,M,74,69,45,59,55,74,74,66,71,48,44,61,40,26,34,57,51,42,64,71,41,52,48,52,70,58,67,70,85,74,72,73,89,53,81,78,CB,3,2,Right,"191cm / 6'3""",83kg / 183lb,,26,Belgium,Premier League,Leicester,['Block'],,,,,
2880,Antonio Blanco,M,74,46,59,72,67,70,62,51,42,67,56,63,64,40,60,61,76,65,76,75,62,65,58,56,73,73,73,73,49,69,74,72,51,73,54,72,CDM,3,3,Right,"176cm / 5'9""",68kg / 150lb,['CM'],25,Spain,LaLiga,Alaves,['Intercept'],,,,,
2881,Jair Cunha,M,74,67,38,59,58,73,80,64,69,37,31,58,33,34,49,51,54,32,69,63,55,57,44,42,72,64,66,72,75,73,74,74,85,70,86,75,CB,4,2,Right,"198cm / 6'6""",92kg / 203lb,,20,Brazil,Premier League,Nott'm Forest,[],,,,,
2883,Eric Bailly,M,74,64,42,59,66,74,70,58,69,47,33,55,48,42,46,49,59,43,68,61,46,65,59,60,70,67,76,76,72,76,72,74,78,45,79,76,CB,3,3,Right,"187cm / 6'2""",77kg / 170lb,,31,Côte d'Ivoire,LaLiga,R. Oviedo,['Slide Tackle'],,,,,
2884,Martín Satriano,M,74,63,74,62,72,34,69,64,62,77,76,74,71,71,69,56,65,53,71,51,58,75,58,57,74,76,69,22,73,27,36,31,78,65,73,62,ST,3,3,Right,"187cm / 6'2""",75kg / 165lb,['CAM'],24,Uruguay,Ligue 1,Lyon,[],,,,,
2885,Mohamed Abdelmonem,M,74,62,40,63,61,74,74,63,62,48,34,56,38,28,44,56,57,24,74,71,58,58,61,68,68,62,74,73,78,73,76,73,83,63,77,77,CB,3,2,Right,"183cm / 6'0""",78kg / 172lb,,26,Egypt,Ligue 1,Nice,[],,,,,
2886,Toni Martínez,M,74,67,74,60,70,24,78,66,67,74,75,80,69,75,64,50,64,45,69,53,56,71,66,56,74,72,65,23,73,20,14,23,83,74,83,68,ST,3,3,Right,"187cm / 6'2""",84kg / 185lb,,28,Spain,LaLiga,Alaves,"['Chip Shot', 'Enforcer', 'Finesse Shot']",,,,,
2889,Santiago Mouriño,M,74,67,36,56,64,73,77,65,69,42,32,55,30,22,29,37,51,31,71,66,35,61,66,70,69,66,65,69,75,72,76,74,82,71,80,76,CB,3,2,Right,"183cm / 6'0""",76kg / 168lb,"['RB', 'RM']",23,Uruguay,LaLiga,Villarreal,[],,,,,
2895,Salomón Rondón,M,74,51,75,66,70,33,75,52,50,82,74,80,70,74,68,60,70,67,71,53,67,70,58,65,74,74,77,25,75,29,33,23,80,56,86,68,ST,4,3,Right,"189cm / 6'2""",90kg / 198lb,,36,Venezuela,LaLiga,R. Oviedo,['Enforcer'],,,,,
2896,Gift Orban,M,74,76,79,62,73,18,62,78,74,75,81,83,76,76,71,58,63,74,61,58,74,73,73,78,75,71,78,17,58,10,17,10,73,60,67,48,ST,3,3,Right,"178cm / 5'10""",70kg / 154lb,['CAM'],23,Nigeria,Serie A,Verona,"['First Touch', 'Power Shot']",,,,,
2897,Samuel Essende,M,74,73,72,50,67,26,81,74,73,78,78,74,58,66,64,34,52,34,63,43,50,69,62,54,74,68,58,18,74,22,22,18,89,75,89,64,ST,3,3,Right,"192cm / 6'4""",87kg / 192lb,,27,Congo DR,Bundesliga,Augsburg,['Enforcer'],,,,,
2899,Arthur Chaves,M,74,78,37,51,52,76,73,74,81,29,38,46,25,34,45,34,35,30,69,67,30,40,58,64,72,62,54,75,77,73,79,77,83,79,70,71,CB,4,2,Right,"188cm / 6'2""",80kg / 176lb,,24,Brazil,Bundesliga,Hoffenheim,['Bruiser'],,,,,
2900,Can Uzun,M,74,62,75,66,77,25,62,75,52,75,77,75,75,68,66,53,69,59,73,64,75,79,80,78,73,76,70,25,61,19,21,20,73,67,66,43,CAM,3,4,Right,"186cm / 6'1""",70kg / 154lb,"['ST', 'CM']",20,Turkey,Bundesliga,Ein Frankfurt,"['Finesse Shot', 'First Touch', 'Gamechanger', 'Technical']",,,,,
2909,Jorge Cuenca,M,74,70,37,58,52,75,73,66,73,31,27,59,41,31,44,45,60,26,69,67,29,34,63,58,72,68,66,74,74,75,75,74,80,66,75,74,CB,3,2,Left,"190cm / 6'3""",75kg / 165lb,,26,Spain,Premier League,Fulham,['Precision Header'],,,,,
2910,Jean-Philippe Krasso,M,74,65,73,64,72,21,70,65,65,77,75,72,69,68,74,57,69,47,69,58,69,74,64,53,73,76,72,12,74,16,18,14,83,69,83,33,ST,3,3,Left,"187cm / 6'2""",80kg / 176lb,['CAM'],28,Côte d'Ivoire,Ligue 1,Paris FC,"['Enforcer', 'Incisive Pass', 'Press Proven']",,,,,
2912,Duje Ćaleta-Car,M,74,58,39,55,59,74,76,54,62,54,32,67,27,32,38,28,60,31,69,68,28,59,34,44,72,64,72,73,75,73,75,73,80,58,84,78,CB,3,2,Right,"192cm / 6'4""",89kg / 196lb,,29,Croatia,LaLiga,Sociedad,"['Aerial Fortress', 'Bruiser']",,,,,
2917,Hauke Wahl,M,74,54,32,56,64,76,76,41,64,29,30,44,24,21,45,28,59,20,76,66,22,58,60,63,73,71,71,77,68,78,77,68,69,79,79,65,CB,3,2,Right,"189cm / 6'2""",85kg / 187lb,,31,Germany,Bundesliga,St Pauli,"['Block', 'Slide Tackle']",,,,,
2922,Ardian Ismajli,M,74,67,30,49,62,78,70,66,68,24,22,60,23,23,31,34,38,26,64,61,41,58,66,70,74,61,67,78,75,79,78,74,76,72,66,75,CB,3,2,Right,"185cm / 6'1""",76kg / 168lb,,29,Albania,Serie A,Torino,"['Bruiser', 'Intercept', 'Slide Tackle']",,,,,
2924,Juan Jesus,M,74,58,33,53,61,77,73,63,53,35,20,62,35,17,37,60,34,36,61,59,44,58,64,60,69,61,73,77,74,79,77,75,78,66,72,81,CB,3,2,Left,"185cm / 6'1""",83kg / 183lb,,34,Brazil,Serie A,Napoli,['Long Ball Pass'],,,,,
2925,Diego Coppola,M,74,52,40,56,60,75,72,52,52,35,36,59,31,29,44,40,52,36,70,62,47,61,42,46,74,65,58,75,74,76,75,74,74,68,72,76,CB,3,2,Right,"192cm / 6'4""",78kg / 172lb,,21,Italy,Premier League,Brighton,"['Aerial Fortress', 'Intercept']",,,,,
2930,Herrando,M,74,49,37,57,67,76,66,53,45,31,26,59,41,27,43,41,50,24,75,69,27,69,51,55,74,72,63,75,77,75,77,76,72,66,61,77,CB,3,2,Left,"192cm / 6'4""",76kg / 168lb,,24,Spain,LaLiga,Osasuna,[],,,,,
2931,Marvin Friedrich,M,74,58,41,54,50,76,72,54,62,32,39,58,35,35,38,43,59,26,58,64,39,43,40,52,69,57,68,74,79,72,79,78,73,55,79,74,CB,2,2,Right,"193cm / 6'4""",84kg / 185lb,,29,Germany,Bundesliga,M'gladbach,['Anticipate'],,,,,
2932,Marin Pongračić,M,74,61,26,52,62,74,76,56,65,28,21,40,22,25,30,27,54,25,67,63,34,59,62,52,71,64,69,71,76,73,77,73,83,63,82,76,CB,3,2,Right,"193cm / 6'4""",85kg / 187lb,,28,Croatia,Serie A,Fiorentina,"['Intercept', 'Long Ball Pass']",,,,,
2933,Carlos Domínguez,M,74,63,28,56,56,74,72,56,68,40,29,36,15,18,38,50,47,32,69,62,26,45,52,56,73,68,68,75,74,73,76,72,78,57,78,72,CB,3,2,Left,"187cm / 6'2""",81kg / 179lb,,24,Spain,LaLiga,Celta,[],,,,,
2934,Kialonda Gaspar,M,74,64,30,43,54,74,84,63,64,27,25,48,20,30,47,32,30,29,61,44,29,54,41,38,69,58,62,68,70,75,78,76,81,79,89,76,CB,2,2,Right,"193cm / 6'4""",88kg / 194lb,,28,Angola,Serie A,Lecce,[],,,,,
2940,Pablo Marí,M,74,52,40,49,53,76,74,49,54,34,38,49,40,28,31,32,34,30,68,61,27,49,42,31,71,60,70,76,77,74,77,75,78,66,78,74,CB,3,2,Left,"193cm / 6'4""",87kg / 192lb,,32,Spain,Serie A,Fiorentina,"['Intercept', 'Long Ball Pass', 'Precision Header']",,,,,
2941,Abdelkabir Abqar,M,74,49,31,54,63,76,69,35,60,24,27,42,28,32,38,35,40,31,73,65,33,66,40,33,74,71,58,75,75,76,77,76,69,63,72,71,CB,3,2,Right,"188cm / 6'2""",80kg / 176lb,,26,Morocco,LaLiga,Getafe CF,['Anticipate'],,,,,
2942,Charlie Cresswell,M,74,54,30,51,57,74,75,55,54,24,23,55,23,24,41,36,33,30,69,62,41,55,35,52,69,64,71,70,77,73,78,73,81,65,79,74,CB,3,2,Right,"191cm / 6'3""",77kg / 170lb,,23,England,Ligue 1,Toulouse,"['Aerial Fortress', 'Block', 'Precision Header', 'Slide Tackle']",,,,,
2944,Domingos Duarte,M,74,42,36,57,52,75,74,50,36,40,30,52,31,27,45,55,44,27,72,60,32,48,31,34,73,62,64,76,76,75,75,74,79,66,78,75,CB,3,2,Right,"190cm / 6'3""",80kg / 176lb,,30,Portugal,LaLiga,Getafe CF,['Slide Tackle'],,,,,
2945,Pietro Comuzzo,M,74,57,27,50,57,77,68,53,61,26,26,38,22,24,24,42,44,20,65,51,30,48,44,60,76,69,71,78,71,79,76,74,69,69,63,79,CB,2,2,Right,"183cm / 6'0""",75kg / 165lb,,20,Italy,Serie A,Fiorentina,[],,,,,
2946,Gautier Lloris,M,74,37,36,54,55,75,78,36,38,34,29,53,35,34,39,44,49,28,65,60,36,49,53,38,75,63,69,75,77,74,75,72,77,71,84,71,CB,3,2,Left,"191cm / 6'3""",87kg / 192lb,,30,France,Ligue 1,Havre AC,"['Aerial Fortress', 'Intercept', 'Precision Header']",,,,,
2947,Stefan Bell,M,74,42,38,52,48,77,73,33,50,32,31,64,30,32,31,43,47,40,60,64,33,46,34,33,73,50,76,75,81,79,77,66,71,49,85,73,CB,2,2,Right,"192cm / 6'4""",88kg / 194lb,,34,Germany,Bundesliga,Mainz,[],,,,,
2949,Pacheco,M,74,48,22,52,51,75,68,47,49,33,18,32,16,21,36,25,42,24,75,64,31,36,39,59,74,71,60,74,75,75,76,74,73,58,72,70,CB,3,2,Left,"184cm / 6'0""",77kg / 170lb,,24,Spain,LaLiga,Alaves,[],,,,,
2953,Fisayo Dele-Bashiru,M,73,85,72,65,76,66,76,79,89,72,69,84,74,63,53,51,66,53,74,67,54,79,77,70,68,75,74,66,61,65,68,65,83,71,81,70,CAM,3,3,Right,"186cm / 6'1""",80kg / 176lb,['CM'],24,Nigeria,Serie A,Lazio,"['Power Shot', 'Rapid']",,,,,
2961,Nicolás Capaldo,M,73,76,69,69,73,69,77,77,75,70,70,70,67,64,60,64,69,55,73,71,65,71,82,75,77,73,74,68,54,71,72,69,73,90,72,76,CM,2,4,Right,"177cm / 5'10""",73kg / 161lb,"['CDM', 'RB']",27,Argentina,Bundesliga,Hamburger SV,['Relentless'],,,,,
2963,Santiago Colombatto,M,73,71,70,73,71,69,78,72,70,68,67,74,71,65,75,75,71,78,73,72,76,70,73,79,70,70,73,71,61,69,71,70,76,85,74,80,CDM,2,3,Left,"179cm / 5'10""",71kg / 157lb,['CM'],28,Argentina,LaLiga,R. Oviedo,"['Aerial Fortress', 'Dead Ball', 'Incisive Pass', 'Long Ball Pass']",,,,,
2964,Josh Laurent,M,73,78,61,64,70,71,87,76,80,62,59,66,63,53,51,59,63,45,68,68,68,70,70,66,73,71,70,70,67,71,72,70,86,90,87,84,CDM,3,3,Right,"188cm / 6'2""",76kg / 168lb,['CM'],30,England,Premier League,Burnley,[],,,,,
2968,Oliver Sørensen,M,73,73,68,69,71,68,80,69,77,72,70,70,69,49,57,66,71,45,73,70,57,69,73,73,74,73,74,68,67,68,69,66,79,92,81,61,CM,3,3,Left,"184cm / 6'0""",78kg / 172lb,['CAM'],23,Denmark,Serie A,Parma,['Aerial Fortress'],,,,,
2969,Diego Gómez,M,73,69,67,71,75,72,75,70,68,71,65,70,70,53,63,63,72,54,76,73,70,76,72,63,73,76,74,72,65,73,73,68,76,70,75,79,CM,3,2,Right,"183cm / 6'0""",77kg / 170lb,['CDM'],22,Paraguay,Premier League,Brighton,[],,,,,
2979,Charalampos Lykogiannis,M,73,77,68,72,66,69,73,71,82,64,59,84,78,68,58,80,58,82,72,71,83,68,40,47,66,74,64,70,64,68,71,69,79,67,80,61,LB,3,2,Left,"191cm / 6'3""",90kg / 198lb,['LM'],32,Greece,Serie A,Bologna,[],,,,,
2982,Wouter Burger,M,73,75,63,69,68,69,81,74,76,61,60,70,69,48,49,62,69,54,72,73,69,67,64,61,73,71,69,69,62,68,72,70,81,82,81,78,CDM,4,3,Left,"191cm / 6'3""",83kg / 183lb,['CM'],24,Holland,Bundesliga,Hoffenheim,"['Aerial Fortress', 'Intercept', 'Slide Tackle']",,,,,
2987,Antonio Sánchez,M,73,72,66,73,73,65,75,71,72,68,61,79,70,58,54,66,73,57,81,74,62,72,82,76,68,73,71,72,54,62,68,64,72,85,75,64,RM,3,3,Right,"179cm / 5'10""",78kg / 172lb,"['CM', 'RB']",28,Spain,LaLiga,Mallorca,[],,,,,
2992,Aurélio Buta,M,73,87,60,68,76,66,66,90,85,71,54,70,62,49,61,71,69,41,71,65,63,74,88,84,72,74,76,69,42,69,69,68,66,74,60,73,RB,4,4,Right,"172cm / 5'8""",66kg / 146lb,['RM'],28,Portugal,Bundesliga,Ein Frankfurt,[],,,,,
2995,Nico O'Reilly,M,73,73,66,72,73,69,70,71,74,70,65,70,66,57,59,71,71,59,75,70,70,74,72,69,70,73,72,71,69,68,70,68,75,72,68,70,LB,2,3,Left,"193cm / 6'4""",77kg / 170lb,"['CM', 'CAM']",20,England,Premier League,Man City,[],,,,,
3004,Hong Hyeon Seok,M,73,72,70,72,76,66,65,77,67,72,72,70,68,76,58,73,71,65,76,69,67,75,84,81,72,75,74,68,41,66,71,68,60,74,59,69,CAM,3,3,Left,"177cm / 5'10""",74kg / 163lb,['CM'],26,Korea Republic,Ligue 1,Nantes,[],,,,,
3005,Adrian Beck,M,73,63,72,71,71,69,75,65,61,74,74,76,70,70,53,74,72,52,74,69,60,73,60,60,75,73,76,66,72,69,72,65,78,79,74,74,CM,3,2,Right,"185cm / 6'1""",80kg / 176lb,"['CAM', 'RM']",28,Germany,Bundesliga,Heidenheim,['Relentless'],,,,,
3006,Mandela Keita,M,73,77,56,66,75,71,76,78,76,52,42,76,70,47,61,48,73,49,74,71,55,77,78,73,68,73,70,72,64,69,73,71,80,79,74,74,CDM,3,3,Right,"180cm / 5'11""",78kg / 172lb,"['CM', 'CB']",23,Belgium,Serie A,Parma,[],,,,,
3009,Juan Carlos,M,73,72,73,72,73,59,71,58,61,11,14,54,15,15,30,31,42,12,25,27,30,13,56,57,67,22,53,21,19,25,20,21,73,42,71,13,GK,3,1,Right,"186cm / 6'1""",85kg / 187lb,,37,Spain,LaLiga,Girona,['Far Throw'],72.0,73.0,72.0,71.0,73.0
3012,Mama Baldé,M,73,88,71,65,72,49,75,85,90,72,71,77,67,67,67,68,65,49,67,59,73,72,80,75,72,69,66,47,73,41,52,48,88,75,75,73,ST,3,3,Right,"176cm / 5'9""",69kg / 152lb,"['LW', 'LM']",30,Guinea-Bissau,Ligue 1,Brest,['Quick Step'],,,,,
3013,Zian Flemming,M,73,70,74,71,72,54,79,65,74,73,73,77,75,68,68,65,73,74,74,70,74,71,67,70,73,74,72,46,73,52,57,52,81,82,78,77,ST,4,3,Right,"185cm / 6'1""",84kg / 185lb,,27,Holland,Premier League,Burnley,"['Inventive', 'Long Throw', 'Precision Header']",,,,,
3015,Dan Neil,M,73,73,64,66,72,68,77,74,72,66,66,62,65,54,57,54,70,51,73,71,58,71,76,73,69,73,69,67,62,68,70,65,74,91,70,78,CDM,4,2,Right,"178cm / 5'10""",65kg / 143lb,['CM'],23,England,Premier League,Sunderland,['Press Proven'],,,,,
3016,Robin Fellhauer,M,73,80,58,67,70,70,75,72,86,64,55,74,55,41,39,66,65,43,72,67,61,69,67,73,71,70,72,71,62,69,73,71,74,90,70,70,CDM,3,2,Right,"182cm / 6'0""",78kg / 172lb,['CM'],27,Germany,Bundesliga,Augsburg,"['Aerial Fortress', 'Anticipate', 'Intercept']",,,,,
3019,Kingsley Ehizibue,M,73,88,57,65,69,66,74,87,89,64,54,70,56,42,42,70,62,38,68,66,57,70,66,58,68,70,66,66,67,64,68,67,83,77,72,74,RB,2,3,Right,"189cm / 6'2""",78kg / 172lb,['RM'],30,Nigeria,Serie A,Udinese,[],,,,,
3025,Rubén Blanco,M,73,76,72,73,74,53,70,54,52,11,18,55,15,19,22,18,37,13,35,29,18,17,52,57,66,10,57,22,15,25,11,11,52,44,35,22,GK,3,1,Right,"188cm / 6'2""",70kg / 154lb,,30,Spain,Ligue 1,Marseille,[],76.0,72.0,73.0,70.0,74.0
3027,Alessio Zerbin,M,73,75,67,69,73,69,65,74,75,69,68,65,70,61,58,75,66,53,72,62,72,76,71,63,68,74,68,68,55,69,74,72,70,78,66,45,RM,3,3,Right,"182cm / 6'0""",80kg / 176lb,"['LM', 'LB', 'RB']",26,Italy,Serie A,Monza,['Technical'],,,,,
3028,Jeffrey de Lange,M,73,73,69,74,73,56,73,58,54,8,6,56,5,5,18,13,48,14,35,44,10,9,40,39,70,15,52,7,12,8,14,13,54,26,51,17,GK,4,1,Right,"190cm / 6'3""",80kg / 176lb,,27,Holland,Ligue 1,Marseille,"['Far Throw', 'Long Ball Pass']",73.0,69.0,74.0,73.0,73.0
3034,Pubill,M,73,79,55,66,71,69,78,76,81,67,52,68,49,49,41,69,66,43,69,64,61,71,75,58,71,73,69,71,69,69,69,66,83,81,80,69,RB,3,2,Right,"190cm / 6'3""",82kg / 181lb,['RM'],22,Spain,LaLiga,Ath Madrid,"['Aerial Fortress', 'Block', 'Bruiser', 'Relentless']",,,,,
3037,Hugo Rincón,M,73,81,62,66,70,67,72,80,81,65,59,71,66,34,55,70,58,45,70,66,65,70,72,73,66,72,62,67,58,66,69,68,75,82,69,64,RB,2,2,Right,"183cm / 6'0""",75kg / 165lb,['RM'],22,Spain,LaLiga,Girona,[],,,,,
3042,Martín Payero,M,73,70,65,72,76,63,71,70,70,70,59,78,67,59,61,66,75,66,76,72,69,78,72,68,73,76,76,65,62,62,65,61,74,69,72,69,CM,2,3,Right,"182cm / 6'0""",80kg / 176lb,['CAM'],27,Argentina,Serie A,Monza,[],,,,,
3044,Ísak Bergmann Jóhannesson,M,73,72,64,73,73,63,72,72,72,69,60,71,65,59,66,68,74,68,75,72,73,71,73,76,72,75,72,65,45,66,63,63,63,90,63,73,CM,3,3,Left,"180cm / 5'11""",72kg / 159lb,"['CAM', 'CDM']",22,Iceland,Bundesliga,1. FC Köln,"['Incisive Pass', 'Long Ball Pass', 'Relentless', 'Technical']",,,,,
3051,Andrés García,M,73,77,64,69,73,68,66,77,77,69,62,70,65,63,58,73,67,50,72,64,70,75,74,62,70,72,69,72,45,71,71,67,65,74,63,63,RB,4,3,Right,"183cm / 6'0""",82kg / 181lb,['RM'],22,Spain,Premier League,Aston Villa,[],,,,,
3052,Gorrotxa,M,73,72,59,66,69,71,79,70,73,60,58,63,62,44,44,60,68,58,70,67,59,68,68,73,70,70,70,70,58,73,73,70,74,90,78,70,CDM,3,2,Right,"177cm / 5'10""",70kg / 154lb,['CM'],23,Spain,LaLiga,Sociedad,[],,,,,
3057,Pablo Martínez,M,73,71,69,71,72,62,71,72,71,69,66,74,76,61,58,69,71,75,73,72,58,71,74,75,69,75,68,65,56,63,62,59,73,84,71,55,LM,3,3,Right,"182cm / 6'0""",74kg / 163lb,"['CM', 'CAM', 'LW']",27,Spain,LaLiga,Levante UD,"['Long Ball Pass', 'Press Proven']",,,,,
3066,Arnaud Bodart,M,73,76,70,68,73,55,73,58,50,6,22,51,11,7,10,15,54,11,35,42,15,19,58,48,66,29,63,25,15,15,12,18,65,20,55,15,GK,2,1,Right,"186cm / 6'1""",80kg / 176lb,,27,Belgium,Ligue 1,Lille,['Far Reach'],76.0,70.0,68.0,73.0,73.0
3068,Josh Doig,M,73,79,63,66,70,67,70,75,82,69,62,66,66,58,37,72,63,45,69,63,66,72,68,71,63,70,60,67,67,62,70,70,74,86,62,71,LB,5,3,Left,"189cm / 6'2""",71kg / 157lb,['LM'],23,Scotland,Serie A,Empoli,"['Long Throw', 'Rapid', 'Relentless', 'Whipped Pass']",,,,,
3086,Alberto Reina,M,73,66,69,71,73,66,68,64,68,72,69,70,70,55,62,65,74,61,74,73,66,72,73,77,72,75,72,68,63,64,68,62,69,78,66,62,CM,3,3,Right,"179cm / 5'10""",71kg / 157lb,"['RW', 'CAM', 'RM']",28,Spain,LaLiga,R. Oviedo,"['Intercept', 'Long Ball Pass', 'Precision Header', 'Relentless']",,,,,
3091,Tim Skarke,M,73,87,74,63,75,47,66,86,87,73,73,85,73,69,54,68,58,49,67,56,64,75,78,79,72,74,67,47,52,45,49,43,74,71,68,53,ST,3,3,Right,"181cm / 5'11""",79kg / 174lb,"['RM', 'CAM']",29,Germany,Bundesliga,Union Berlin,"['Finesse Shot', 'Power Shot', 'Rapid']",,,,,
3097,Damián,M,73,71,60,70,71,70,70,74,68,69,58,67,59,51,48,57,74,56,77,75,55,70,65,63,73,74,74,73,66,68,72,70,75,74,68,70,CM,3,3,Left,"180cm / 5'11""",75kg / 165lb,"['CDM', 'CAM']",22,Spain,LaLiga,Celta,[],,,,,
3101,Hervé Koffi,M,73,75,69,68,76,56,67,58,53,8,8,51,7,6,16,11,44,13,23,26,14,13,63,64,73,27,58,14,13,13,11,10,71,30,71,30,GK,3,1,Right,"186cm / 6'1""",82kg / 181lb,,29,Burkina Faso,Ligue 1,Angers,['Far Throw'],75.0,69.0,68.0,67.0,76.0
3102,Mihailo Ristić,M,73,73,64,66,72,68,68,72,73,67,58,84,67,48,46,74,59,44,70,62,63,74,65,60,69,75,67,68,64,66,69,70,73,77,66,62,LB,3,3,Left,"180cm / 5'11""",73kg / 161lb,['LM'],30,Serbia,LaLiga,Celta,[],,,,,
3104,Borna Sosa,M,73,71,53,77,73,67,70,72,70,68,41,70,65,44,31,84,74,68,76,72,84,74,72,65,70,74,72,68,64,62,70,70,74,74,69,65,LB,3,3,Left,"187cm / 6'2""",79kg / 174lb,['LM'],27,Croatia,Premier League,Crystal Palace,['Inventive'],,,,,
3106,Hugo Sotelo,M,73,69,66,70,72,67,67,74,65,69,67,65,68,51,58,61,73,53,75,73,65,73,64,59,73,75,72,69,58,67,69,63,71,72,65,63,CM,3,3,Right,"180cm / 5'11""",75kg / 165lb,['CDM'],21,Spain,LaLiga,Celta,[],,,,,
3113,Adama Boiro,M,73,75,58,65,69,70,73,76,75,65,57,70,56,43,44,69,56,45,71,61,69,70,71,64,68,71,57,69,65,70,71,69,80,76,75,61,LB,3,3,Left,"183cm / 6'0""",76kg / 168lb,['LM'],23,Senegal,LaLiga,Ath Bilbao,[],,,,,
3117,Antoni Milambo,M,73,74,67,70,76,60,63,74,74,70,68,71,65,59,60,61,75,56,75,72,65,75,83,72,73,75,74,60,57,57,65,58,69,81,60,48,CM,3,4,Right,"179cm / 5'10""",68kg / 150lb,"['CAM', 'CDM']",20,Holland,Premier League,Brentford,['First Touch'],,,,,
3119,Djaoui Cissé,M,73,63,69,68,75,67,67,64,62,66,66,80,76,44,48,60,66,54,76,72,53,77,63,66,70,78,71,69,61,64,72,64,69,74,69,53,CM,3,3,Right,"188cm / 6'2""",73kg / 161lb,['CDM'],21,France,Ligue 1,Rennes,[],,,,,
3122,Mahmoud Dahoud,M,73,63,67,72,78,64,65,75,54,66,60,80,72,66,55,67,74,53,76,73,77,76,81,81,71,80,72,72,42,70,61,59,59,70,59,73,CM,4,4,Right,"178cm / 5'10""",68kg / 150lb,['CDM'],29,Germany,Bundesliga,Ein Frankfurt,['Press Proven'],,,,,
3123,Oliver Burke,M,73,93,70,64,67,41,74,90,95,74,74,73,65,59,51,61,68,62,67,60,57,68,65,67,68,66,69,36,75,36,40,31,93,69,80,60,ST,3,3,Right,"188cm / 6'2""",82kg / 181lb,"['RM', 'RW']",28,Scotland,Bundesliga,Union Berlin,"['Quick Step', 'Rapid']",,,,,
3126,Abdelhamid Sabiri,M,73,59,71,71,75,59,74,68,51,70,69,80,79,41,58,65,73,73,74,66,77,77,77,63,72,76,70,56,68,52,65,58,77,74,76,68,CAM,4,3,Right,"186cm / 6'1""",80kg / 176lb,"['CM', 'ST']",28,Morocco,Serie A,Fiorentina,['Technical'],,,,,
3129,Omar Haktab Traoré,M,73,84,54,62,69,68,72,86,83,68,44,70,62,29,51,71,60,42,64,54,61,69,69,74,65,70,68,66,55,66,73,71,75,85,65,73,RB,3,3,Right,"187cm / 6'2""",80kg / 176lb,['RM'],27,Germany,Bundesliga,Heidenheim,['Rapid'],,,,,
3130,David Møller Wolfe,M,73,78,53,65,69,67,77,77,79,64,52,59,50,47,48,71,63,43,70,59,55,68,69,66,71,70,66,68,60,67,68,69,80,82,76,72,LB,2,2,Left,"185cm / 6'1""",78kg / 172lb,['LM'],23,Norway,Premier League,Wolves,"['Rapid', 'Relentless']",,,,,
3135,Jason Steele,M,73,74,72,78,72,39,73,41,36,8,15,59,12,12,24,11,45,15,60,55,19,15,36,44,65,40,70,11,28,10,18,14,63,29,55,39,GK,2,1,Right,"188cm / 6'2""",79kg / 174lb,,35,England,Premier League,Brighton,['Footwork'],74.0,72.0,78.0,73.0,72.0
3138,Leonardo Bittencourt,M,73,73,69,71,79,57,59,75,72,68,67,71,72,70,63,67,69,70,75,71,75,78,86,89,72,77,74,57,46,57,59,62,55,73,46,75,CAM,4,3,Right,"171cm / 5'7""",63kg / 139lb,['CM'],31,Germany,Bundesliga,Werder Bremen,"['Finesse Shot', 'Technical']",,,,,
3150,Stefan Bajcetic,M,73,74,52,67,73,71,71,67,79,52,50,57,53,50,48,55,70,49,74,71,59,74,69,62,69,74,73,74,54,72,73,73,68,68,72,72,CDM,3,3,Right,"185cm / 6'1""",77kg / 170lb,"['CM', 'CB']",21,Spain,Premier League,Liverpool,[],,,,,
3153,Lucas Boyé,M,73,69,73,64,72,49,80,67,70,70,74,75,70,65,70,60,66,55,70,57,65,73,71,69,70,74,67,52,73,45,45,41,85,70,86,74,ST,2,4,Right,"183cm / 6'0""",79kg / 174lb,['CAM'],29,Argentina,LaLiga,Alaves,"['First Touch', 'Gamechanger', 'Power Shot']",,,,,
3162,Máximo Perrone,M,73,72,55,70,76,68,66,72,72,65,54,59,53,55,44,49,77,35,80,78,60,76,74,74,65,79,70,70,57,70,67,67,67,77,59,68,CDM,3,2,Left,"178cm / 5'10""",64kg / 141lb,['CM'],22,Argentina,Serie A,Como,[],,,,,
3169,Pol Lirola,M,73,72,61,69,69,69,66,70,73,63,58,65,66,58,57,74,65,55,72,66,68,67,65,63,71,73,67,69,63,68,71,68,69,73,61,70,RB,3,3,Right,"183cm / 6'0""",70kg / 154lb,['CB'],28,Spain,Ligue 1,Marseille,[],,,,,
3173,Oriol Rey,M,73,57,61,72,72,70,74,55,59,58,58,66,65,55,63,63,74,58,77,75,62,69,77,74,74,74,72,73,58,67,75,67,67,85,73,66,CM,3,2,Left,"180cm / 5'11""",71kg / 157lb,['CDM'],27,Spain,LaLiga,Levante UD,"['Long Ball Pass', 'Tiki Taka']",,,,,
3179,Gauthier Gallon,M,73,74,71,72,75,40,73,40,40,15,14,54,15,16,19,12,52,19,29,27,15,17,38,54,66,18,56,22,13,12,16,13,62,29,64,30,GK,2,1,Right,"187cm / 6'2""",80kg / 176lb,,32,France,Ligue 1,Rennes,['Deflector'],74.0,71.0,72.0,73.0,75.0
3181,Turrientes,M,73,65,62,72,72,68,66,66,65,72,61,65,61,50,56,62,74,71,75,75,66,71,71,82,71,74,70,70,56,69,70,68,63,76,59,71,CM,3,2,Right,"181cm / 5'11""",70kg / 154lb,['CDM'],23,Spain,LaLiga,Sociedad,[],,,,,
3190,Leonardo Sernicola,M,73,70,58,70,69,68,69,67,73,66,54,68,59,40,56,74,68,59,72,67,66,70,66,67,70,71,64,69,65,69,69,67,71,80,66,62,LB,3,2,Right,"188cm / 6'2""",78kg / 172lb,['LM'],28,Italy,Serie A,Monza,['Whipped Pass'],,,,,
3203,Lesley Ugochukwu,M,73,64,58,68,68,71,74,64,64,57,55,68,57,55,50,60,68,45,75,72,58,67,62,54,68,72,69,72,70,70,72,72,77,70,77,73,CDM,3,3,Right,"191cm / 6'3""",88kg / 194lb,['CM'],21,France,Premier League,Burnley,['Press Proven'],,,,,
3206,Adrián,M,73,68,76,72,68,43,75,44,42,12,16,54,20,12,44,12,32,17,21,32,12,15,53,48,71,23,57,25,15,18,19,14,63,38,63,38,GK,2,1,Right,"190cm / 6'3""",78kg / 172lb,,38,Spain,LaLiga,Betis,['Footwork'],68.0,76.0,72.0,75.0,68.0
3210,Manolis Saliakas,M,73,69,58,68,72,66,69,77,62,69,58,57,56,62,50,76,57,68,73,60,69,70,74,78,74,73,65,68,44,65,69,74,62,83,61,71,RB,4,3,Right,"177cm / 5'10""",74kg / 163lb,"['RM', 'RW']",29,Greece,Bundesliga,St Pauli,"['Long Ball Pass', 'Long Throw']",,,,,
3211,Kelvin Amian,M,73,77,48,61,66,72,78,77,77,64,43,72,35,46,42,64,55,39,65,58,69,65,71,76,61,65,69,72,66,73,72,72,82,81,79,72,RB,3,2,Right,"180cm / 5'11""",78kg / 172lb,"['CB', 'RM']",27,France,Ligue 1,Nantes,['Rapid'],,,,,
3212,Toni Lato,M,73,76,56,70,71,68,61,76,76,68,55,64,53,59,39,77,65,38,73,72,75,70,73,80,70,72,64,67,60,68,70,71,70,65,56,67,LB,4,3,Left,"171cm / 5'7""",64kg / 141lb,['LM'],28,Spain,LaLiga,Mallorca,[],,,,,
3219,Pablo Marín,M,73,67,68,71,73,64,59,67,67,74,70,63,71,57,53,65,74,55,74,72,65,75,69,67,71,75,63,70,53,60,72,55,62,63,59,54,CM,3,3,Right,"178cm / 5'10""",71kg / 157lb,['CAM'],22,Spain,LaLiga,Sociedad,[],,,,,
3224,Diant Ramaj,M,73,74,70,81,76,28,72,28,29,18,16,61,18,20,24,17,67,18,53,51,22,30,31,42,64,44,65,15,12,15,15,15,58,38,64,32,GK,5,1,Right,"188cm / 6'2""",82kg / 181lb,,24,Germany,Bundesliga,Heidenheim,"['Deflector', 'Long Ball Pass', 'Pinged Pass']",74.0,70.0,81.0,72.0,76.0
3229,Adam Smith,M,73,60,59,70,70,73,68,54,65,65,50,72,68,43,55,70,68,65,75,63,67,68,65,68,75,74,70,71,69,74,75,73,68,64,68,73,RB,3,3,Right,"180cm / 5'11""",78kg / 172lb,['RM'],34,England,Premier League,Bournemouth,[],,,,,
3233,Jacob Ondrejka,M,73,78,73,71,75,46,57,79,77,73,74,72,74,68,65,71,70,71,72,67,73,76,80,80,68,73,62,46,46,45,47,43,63,58,56,55,LM,4,4,Right,"180cm / 5'11""",70kg / 154lb,['LW'],23,Sweden,Serie A,Parma,"['Finesse Shot', 'Incisive Pass', 'Rapid', 'Whipped Pass']",,,,,
3235,Daniel Peretz,M,73,74,75,73,77,35,66,30,42,7,8,55,7,6,12,8,41,8,32,30,15,14,35,39,68,19,33,11,11,9,9,14,62,30,71,22,GK,3,1,Right,"190cm / 6'3""",89kg / 196lb,,25,Israel,Bundesliga,Hamburger SV,[],74.0,75.0,73.0,66.0,77.0
3239,Mathieu Cafaro,M,73,74,68,70,75,47,65,79,69,68,65,72,72,61,69,71,69,73,70,68,71,75,83,83,70,72,68,48,47,44,50,45,64,80,59,59,LM,3,4,Right,"178cm / 5'10""",74kg / 163lb,"['RM', 'LW']",28,France,Ligue 1,Paris FC,"['Technical', 'Whipped Pass']",,,,,
3240,Rémy Descamps,M,73,74,68,65,76,43,73,45,39,8,9,49,6,6,12,10,23,12,28,24,18,12,29,24,69,15,52,17,14,13,11,10,63,28,63,29,GK,3,1,Left,"196cm / 6'5""",82kg / 181lb,,29,France,Ligue 1,Lyon,[],74.0,68.0,65.0,73.0,76.0
3242,Nacho Vidal,M,73,73,57,68,67,69,65,73,73,66,59,61,54,44,41,74,64,32,73,65,67,66,69,65,72,68,70,71,70,63,74,71,74,63,63,72,RB,3,3,Right,"180cm / 5'11""",75kg / 165lb,,30,Spain,LaLiga,R. Oviedo,[],,,,,
3244,Abel Ruiz,M,73,74,72,69,74,39,71,71,77,72,70,77,72,72,73,60,76,56,75,67,60,74,74,72,76,74,70,24,70,45,38,20,78,79,73,55,ST,3,4,Right,"180cm / 5'11""",75kg / 165lb,,25,Spain,LaLiga,Girona,[],,,,,
3246,Vladimír Coufal,M,73,58,56,70,70,74,71,62,54,68,50,66,59,61,49,77,68,42,71,69,74,69,64,70,74,72,72,74,68,75,75,75,71,63,68,86,RB,3,3,Right,"175cm / 5'9""",76kg / 168lb,['RM'],33,Czech Republic,Bundesliga,Hoffenheim,"['Jockey', 'Long Throw', 'Whipped Pass']",,,,,
3253,James Milner,M,73,46,69,75,72,73,63,45,46,71,62,79,70,73,86,75,73,73,76,75,76,72,57,63,76,76,74,75,65,72,75,72,63,47,66,77,CM,4,3,Right,"175cm / 5'9""",70kg / 154lb,"['RB', 'CDM']",39,England,Premier League,Brighton,[],,,,,
3256,Janis Blaswich,M,73,73,68,65,73,43,76,47,38,11,18,49,16,13,30,20,46,8,38,30,29,19,31,33,71,31,54,19,15,10,15,13,69,31,74,39,GK,3,1,Right,"193cm / 6'4""",89kg / 196lb,,34,Germany,Bundesliga,Leverkusen,['Cross Claimer'],73.0,68.0,65.0,76.0,73.0
3261,Torbjørn L. Heggem,M,73,73,46,61,66,73,79,70,75,48,44,54,45,40,42,58,61,42,68,61,46,66,61,60,71,67,68,72,72,73,73,71,84,79,82,68,CB,5,2,Left,"192cm / 6'4""",79kg / 174lb,"['LB', 'LM']",26,Norway,Serie A,Bologna,['Anticipate'],,,,,
3265,Bashir Humphreys,M,73,73,43,66,69,72,75,75,71,40,39,57,42,35,45,68,61,40,71,65,69,68,68,74,71,70,69,72,70,71,73,71,81,74,76,74,LB,5,2,Left,"187cm / 6'2""",79kg / 174lb,"['CB', 'RB']",22,England,Premier League,Burnley,[],,,,,
3269,Aleñá,M,73,66,69,71,74,58,59,66,66,76,69,68,73,41,73,67,73,64,74,72,70,74,71,70,75,76,77,67,34,62,59,50,54,61,61,55,RM,2,4,Left,"180cm / 5'11""",73kg / 161lb,"['LM', 'CM', 'RW']",27,Spain,LaLiga,Alaves,"['Inventive', 'Technical']",,,,,
3270,Rogério,M,73,72,53,68,76,70,58,78,67,71,45,59,59,53,55,73,67,60,72,62,56,77,72,71,73,78,68,75,61,69,70,71,68,60,53,66,LB,3,3,Left,"178cm / 5'10""",70kg / 154lb,['LM'],27,Brazil,Bundesliga,Wolfsburg,[],,,,,
3276,Matija Frigan,M,73,79,73,60,72,37,76,80,79,75,75,72,71,65,75,62,56,53,61,63,61,73,72,70,68,72,62,24,69,37,38,27,83,76,76,72,ST,4,2,Left,"185cm / 6'1""",78kg / 172lb,,22,Croatia,Serie A,Parma,"['Low Driven Shot', 'Precision Header']",,,,,
3280,Gumbau,M,73,44,67,75,69,73,68,43,44,65,64,78,71,49,55,72,75,76,77,77,75,70,58,57,72,73,67,72,70,72,75,71,67,65,71,64,CM,3,3,Left,"187cm / 6'2""",77kg / 170lb,['CDM'],30,Spain,LaLiga,Vallecano,['Dead Ball'],,,,,
3281,Karl Hein,M,73,72,71,69,76,35,73,33,38,6,8,52,7,6,18,10,41,12,37,38,13,10,36,31,70,12,26,12,17,9,16,15,60,40,62,18,GK,3,1,Right,"193cm / 6'4""",76kg / 168lb,,23,Estonia,Bundesliga,Werder Bremen,[],72.0,71.0,69.0,73.0,76.0
3285,Chemsdine Talbi,M,73,90,59,64,79,47,57,92,88,65,62,63,50,60,50,72,68,34,65,50,74,80,87,84,60,77,70,57,36,60,37,33,63,74,55,40,RM,4,3,Right,"175cm / 5'9""",64kg / 141lb,"['LM', 'RW']",20,Morocco,Premier League,Sunderland,['Technical'],,,,,
3288,Sven Ulreich,M,73,74,69,62,76,41,73,41,40,8,12,47,11,13,22,14,42,15,34,30,12,13,36,39,73,22,45,14,8,16,18,14,60,29,63,25,GK,2,1,Right,"192cm / 6'4""",87kg / 192lb,,37,Germany,Bundesliga,Bayern Munich,[],74.0,69.0,62.0,73.0,76.0
3305,Iván Villar,M,73,72,71,71,76,32,72,32,33,12,12,53,15,12,23,13,46,15,23,22,20,21,38,37,71,17,46,18,16,10,15,15,54,30,52,18,GK,2,1,Right,"186cm / 6'1""",76kg / 168lb,,28,Spain,LaLiga,Celta,['Cross Claimer'],72.0,71.0,71.0,72.0,76.0
3319,Hamza Igamane,M,73,80,72,63,74,34,70,83,77,70,73,76,67,69,62,58,68,49,67,58,72,73,80,76,72,75,73,31,69,28,35,22,81,65,70,72,ST,4,4,Right,"181cm / 5'11""",77kg / 170lb,"['LM', 'CAM']",23,Morocco,Ligue 1,Lille,"['Finesse Shot', 'First Touch', 'Gamechanger', 'Power Shot', 'Press Proven', 'Trickster']",,,,,
3323,Carlos Protesoni,M,73,65,49,66,69,73,71,67,64,45,38,68,58,36,53,60,65,43,74,68,45,69,61,59,71,72,73,73,68,74,74,73,72,69,69,80,CDM,3,2,Right,"185cm / 6'1""",77kg / 170lb,['CM'],27,Uruguay,LaLiga,Alaves,[],,,,,
3326,Morgan Guilavogui,M,73,74,71,66,71,39,72,77,71,74,74,72,65,68,61,64,71,54,68,59,63,73,78,39,73,71,73,34,73,33,40,26,85,74,74,59,ST,2,3,Right,"189cm / 6'2""",82kg / 181lb,"['RW', 'LW', 'CAM']",27,Guinea,Ligue 1,RC Lens,[],,,,,
3328,Tiago Gouveia,M,73,83,68,67,75,44,56,84,82,66,71,67,68,62,57,67,74,47,68,63,65,76,81,71,68,75,73,46,28,44,48,41,55,64,50,62,RM,3,3,Right,"176cm / 5'9""",73kg / 161lb,"['RW', 'LM']",24,Portugal,Ligue 1,Nice,['Technical'],,,,,
3329,Nediljko Labrović,M,73,73,68,63,76,40,73,41,39,6,9,47,8,7,18,12,43,14,39,41,11,15,46,51,70,21,41,15,12,17,18,19,68,28,78,31,GK,2,1,Right,"196cm / 6'5""",91kg / 201lb,,26,Croatia,Bundesliga,Augsburg,[],73.0,68.0,63.0,73.0,76.0
3330,Marc Bernal,M,73,61,53,71,74,70,63,57,65,63,49,57,55,49,51,63,72,54,78,74,63,74,73,72,73,76,70,71,52,68,75,73,61,54,66,69,CDM,3,2,Left,"191cm / 6'3""",78kg / 172lb,['CM'],18,Spain,LaLiga,Barcelona,[],,,,,
3332,Emil Krafth,M,73,53,59,69,70,74,67,53,53,56,56,70,58,46,54,70,62,54,72,73,72,69,62,64,74,73,72,74,69,75,76,74,70,55,72,69,CB,3,2,Right,"184cm / 6'0""",83kg / 183lb,"['RB', 'RM']",31,Sweden,Premier League,Newcastle,['Long Throw'],,,,,
3338,Axel Tuanzebe,M,73,76,36,64,68,73,75,74,77,55,26,53,34,41,50,61,63,37,71,69,45,66,65,68,74,68,77,73,71,73,74,72,84,68,76,77,RB,3,3,Right,"185cm / 6'1""",75kg / 165lb,['CB'],28,Congo DR,Premier League,Burnley,[],,,,,
3340,Javi López,M,73,72,45,66,69,71,69,71,72,68,45,55,36,33,36,71,67,31,69,62,67,70,74,55,70,70,63,71,65,71,72,69,74,74,68,66,LB,3,2,Left,"184cm / 6'0""",80kg / 176lb,['LM'],23,Spain,LaLiga,R. Oviedo,[],,,,,
3344,Kervin Arriaga,M,73,61,49,63,62,74,83,58,64,50,41,68,52,36,39,52,61,68,69,68,53,59,61,60,68,65,64,75,80,73,75,62,85,81,84,82,CDM,2,2,Right,"191cm / 6'3""",82kg / 181lb,"['CB', 'CM']",27,Honduras,LaLiga,Levante UD,[],,,,,
3348,Michael Kayode,M,73,74,41,63,72,72,70,71,76,71,32,52,39,50,40,71,64,34,67,50,59,74,58,68,72,74,67,74,65,73,73,72,74,64,70,75,RB,3,3,Right,"179cm / 5'10""",70kg / 154lb,['RM'],21,Italy,Premier League,Brentford,['Long Throw'],,,,,
3351,Steve Mounié,M,73,63,72,64,69,44,79,53,71,73,70,78,72,68,67,60,64,55,70,60,55,70,57,49,72,73,78,42,81,39,41,36,86,66,86,78,ST,3,2,Right,"190cm / 6'3""",83kg / 183lb,,31,Benin,Bundesliga,Augsburg,"['Aerial Fortress', 'Enforcer', 'Precision Header']",,,,,
3354,Anthony Patterson,M,73,73,71,72,75,30,70,29,32,10,12,54,10,11,12,16,62,13,48,57,23,20,40,37,68,24,36,12,11,20,14,13,55,30,58,28,GK,3,1,Right,"189cm / 6'2""",87kg / 192lb,,25,England,Premier League,Sunderland,"['Far Reach', 'Far Throw']",73.0,71.0,72.0,70.0,75.0
3356,Mateu Morey,M,73,75,46,67,75,68,60,75,75,62,49,51,32,39,38,71,59,40,75,64,63,75,80,84,72,75,63,75,41,69,69,73,55,68,51,75,RB,3,3,Right,"173cm / 5'8""",67kg / 148lb,['RM'],25,Spain,LaLiga,Mallorca,[],,,,,
3357,Tim Lemperle,M,73,75,71,60,73,38,74,77,74,74,75,81,59,61,55,62,54,45,68,55,53,75,69,68,70,75,68,30,69,39,33,30,81,78,75,65,ST,3,3,Right,"187cm / 6'2""",78kg / 172lb,['CAM'],23,Germany,Bundesliga,Hoffenheim,[],,,,,
3359,Nicolò Cambiaghi,M,73,75,72,66,77,38,63,75,75,74,69,79,74,69,58,70,62,50,70,62,66,80,75,79,74,75,64,38,63,27,41,32,72,60,61,69,LM,4,3,Right,"173cm / 5'8""",74kg / 163lb,['LW'],24,Italy,Serie A,Bologna,[],,,,,
3360,Mike Penders,M,73,77,72,76,75,22,69,17,29,7,8,57,9,9,15,12,52,27,55,62,21,30,31,27,65,42,41,9,27,9,10,14,63,26,71,30,GK,2,1,Left,"200cm / 6'7""",95kg / 209lb,,20,Belgium,Ligue 1,Strasbourg,[],77.0,72.0,76.0,69.0,75.0
3364,Jeremy Toljan,M,73,82,42,66,70,66,64,84,81,56,39,49,38,41,39,75,55,33,71,65,68,69,72,69,68,73,61,66,49,64,71,70,67,75,59,62,RB,5,3,Right,"182cm / 6'0""",74kg / 163lb,,31,Germany,LaLiga,Levante UD,['Block'],,,,,
3368,Kevin Paredes,M,73,82,61,66,78,58,45,85,80,69,65,64,57,39,45,68,68,35,70,62,59,79,87,91,71,76,57,58,36,59,63,60,49,48,34,68,LW,3,4,Left,"175cm / 5'9""",61kg / 134lb,"['LM', 'LB']",22,United States,Bundesliga,Wolfsburg,['Rapid'],,,,,
3370,Tasos Douvikas,M,73,79,72,62,73,34,70,82,77,78,75,74,66,65,70,60,57,47,69,63,59,73,74,66,70,74,71,38,69,28,28,27,80,76,70,58,ST,4,3,Right,"186cm / 6'1""",76kg / 168lb,,26,Greece,Serie A,Como,['Acrobatic'],,,,,
3371,Ismaël Gharbi,M,73,78,67,69,79,41,56,81,75,65,66,74,68,55,60,68,73,57,71,64,74,79,86,82,66,79,73,40,45,37,45,38,61,70,50,54,LM,4,3,Right,"173cm / 5'8""",66kg / 146lb,"['CAM', 'LW']",21,Tunisia,Bundesliga,Augsburg,"['Gamechanger', 'Inventive', 'Technical']",,,,,
3382,Mike Trésor,M,73,81,67,72,75,38,56,80,81,69,66,68,69,67,66,72,72,76,72,68,80,75,82,76,70,73,72,45,29,41,35,32,54,63,52,58,LM,3,4,Right,"172cm / 5'8""",66kg / 146lb,"['CAM', 'LW']",26,Belgium,Premier League,Burnley,['Whipped Pass'],,,,,
3383,Faris Pemi Moumbagna,M,73,85,72,57,68,29,78,82,87,73,74,77,65,72,63,52,56,48,66,46,53,65,68,75,65,70,69,25,73,23,25,21,85,65,88,67,ST,3,2,Left,"185cm / 6'1""",78kg / 172lb,,25,Cameroon,Serie A,Monza,['Rapid'],,,,,
3384,Antoniu Roca,M,73,80,63,69,75,41,61,78,81,70,64,64,62,60,54,71,70,43,72,67,67,76,82,63,70,75,70,40,58,39,40,33,70,62,58,63,RM,3,3,Right,"180cm / 5'11""",65kg / 143lb,"['LM', 'RW']",23,Spain,LaLiga,Espanol,['Rapid'],,,,,
3385,Yassine Kechta,M,73,57,59,72,74,64,63,59,55,68,59,64,59,49,48,68,74,61,76,73,67,73,77,78,72,75,74,68,49,62,69,64,53,79,53,69,CM,3,3,Left,"174cm / 5'9""",68kg / 150lb,"['CAM', 'CDM']",23,Morocco,Ligue 1,Havre AC,[],,,,,
3391,Tariq Lamptey,M,73,84,44,66,76,69,49,89,80,55,47,48,36,32,40,73,59,35,72,62,60,76,90,95,71,71,69,71,54,68,71,73,59,61,34,67,RB,2,2,Right,"163cm / 5'4""",62kg / 137lb,"['LB', 'RM']",25,Ghana,Serie A,Fiorentina,"['Quick Step', 'Rapid']",,,,,
3393,Justin Njinmah,M,73,88,74,63,73,30,60,90,86,73,73,87,68,65,66,56,68,44,66,60,70,74,78,78,74,72,60,33,56,27,25,18,76,74,62,35,ST,3,3,Right,"184cm / 6'0""",75kg / 165lb,"['RM', 'RW']",25,Germany,Bundesliga,Werder Bremen,"['Quick Step', 'Rapid']",,,,,
3395,Benjamín Domínguez,M,73,84,67,67,75,41,54,83,84,67,71,65,64,55,60,64,70,58,69,67,63,76,77,80,64,76,65,45,43,39,41,36,53,74,42,58,LM,3,4,Right,"172cm / 5'8""",68kg / 150lb,['LW'],22,Argentina,Serie A,Bologna,[],,,,,
3396,Kendry Páez,M,73,79,68,69,75,43,54,77,81,71,70,68,71,44,51,61,72,60,72,70,73,75,82,75,69,74,72,57,48,34,42,41,58,70,49,44,CAM,3,4,Left,"178cm / 5'10""",71kg / 157lb,"['RW', 'CM']",18,Ecuador,Ligue 1,Strasbourg,"['First Touch', 'Pinged Pass', 'Technical', 'Trickster']",,,,,
3400,Lucas Höler,M,73,67,72,55,63,51,79,63,71,78,74,79,64,69,54,47,58,39,66,45,50,64,65,63,78,59,59,41,79,49,54,39,85,80,80,72,ST,2,2,Right,"184cm / 6'0""",86kg / 190lb,['CAM'],31,Germany,Bundesliga,Freiburg,"['Low Driven Shot', 'Relentless']",,,,,
3402,Elisha Owusu,M,73,55,54,68,70,70,70,62,50,62,47,68,56,50,54,60,68,45,75,72,54,70,68,70,71,72,68,73,50,70,75,71,63,76,68,71,CDM,3,2,Right,"182cm / 6'0""",72kg / 159lb,['CM'],28,Ghana,Ligue 1,Auxerre,[],,,,,
3404,Salis Abdul Samed,M,73,58,49,63,69,71,77,61,56,58,51,49,45,38,45,48,70,34,72,70,49,66,65,70,70,72,74,71,67,71,72,70,73,80,73,82,CDM,2,2,Right,"179cm / 5'10""",69kg / 152lb,['CM'],25,Ghana,Ligue 1,Nice,['Relentless'],,,,,
3405,Obed Nkambadio,M,73,73,70,67,76,30,71,31,28,5,8,50,5,5,17,13,39,14,28,25,10,8,39,41,69,16,36,11,11,6,10,14,49,20,47,20,GK,2,1,Right,"190cm / 6'3""",86kg / 190lb,,22,France,Ligue 1,Paris FC,[],73.0,70.0,67.0,71.0,76.0
3420,James McAtee,M,73,72,69,70,75,41,59,72,72,72,71,69,69,53,58,70,71,56,72,67,67,75,77,72,72,77,72,33,42,44,42,43,60,65,62,43,RW,3,3,Left,"180cm / 5'11""",72kg / 159lb,"['CM', 'RM']",23,England,Premier League,Nott'm Forest,"['First Touch', 'Technical']",,,,,
3428,Mostafa Mohamed,M,73,70,74,58,67,37,78,68,72,77,72,81,72,68,72,52,57,65,64,50,65,65,68,61,67,70,64,38,79,33,31,27,89,71,86,64,ST,5,3,Right,"185cm / 6'1""",78kg / 172lb,,27,Egypt,Ligue 1,Nantes,"['Aerial Fortress', 'Enforcer', 'Precision Header', 'Press Proven']",,,,,
3432,Marc-Oliver Kempf,M,73,72,41,56,62,74,78,69,74,28,30,64,46,30,52,43,53,39,64,70,36,59,62,61,70,63,70,73,75,72,76,73,83,80,80,71,CB,4,2,Left,"186cm / 6'1""",87kg / 192lb,,30,Germany,Serie A,Como,['Aerial Fortress'],,,,,
3434,Dennis Geiger,M,73,55,53,75,78,64,58,57,54,59,46,57,70,45,40,69,79,55,79,77,68,76,84,83,79,78,73,69,29,67,69,69,42,59,49,81,CDM,3,3,Right,"173cm / 5'8""",67kg / 148lb,['CM'],27,Germany,Bundesliga,Hoffenheim,['Press Proven'],,,,,
3436,Unai Gómez,M,73,67,66,72,74,39,65,68,66,74,68,69,64,56,44,64,76,62,76,70,73,74,73,67,72,75,69,26,67,41,35,42,72,59,68,61,CAM,3,3,Left,"183cm / 6'0""",74kg / 163lb,"['CM', 'LM']",22,Spain,LaLiga,Ath Bilbao,[],,,,,
3439,Arnaud Nordin,M,73,76,70,70,74,37,55,78,75,71,71,74,71,60,58,70,70,50,74,69,69,74,76,82,71,74,68,34,68,37,32,26,76,53,64,31,RM,5,3,Left,"170cm / 5'7""",70kg / 154lb,"['LM', 'ST', 'RW']",27,France,Bundesliga,Mainz,[],,,,,
3440,Nicolas Cozza,M,73,69,41,61,69,74,68,72,67,49,39,49,35,39,46,62,55,36,69,62,55,68,69,74,73,68,67,75,67,75,75,74,74,67,66,73,LB,2,2,Left,"178cm / 5'10""",72kg / 159lb,['LM'],26,France,Ligue 1,Nantes,[],,,,,
3445,Maroan Sannadi,M,73,69,71,59,68,33,81,68,70,71,72,80,64,68,65,51,62,55,68,45,55,69,62,54,68,72,64,41,75,29,22,21,88,69,91,71,ST,3,3,Right,"192cm / 6'4""",85kg / 187lb,,24,Morocco,LaLiga,Ath Bilbao,['Enforcer'],,,,,
3446,Benjamin Stambouli,M,73,46,58,66,70,71,70,42,50,64,56,65,62,40,50,52,70,43,74,72,58,70,62,65,70,74,73,74,66,71,73,67,65,67,71,72,CDM,4,2,Right,"180cm / 5'11""",80kg / 176lb,['CM'],35,France,Ligue 1,FC Metz,"['Incisive Pass', 'Press Proven']",,,,,
3448,Sergio Camello,M,73,70,73,68,74,33,63,70,70,75,72,75,74,70,63,55,75,58,74,64,70,74,72,73,75,74,75,26,73,33,29,23,75,73,62,50,ST,4,4,Right,"182cm / 6'0""",77kg / 170lb,,24,Spain,LaLiga,Vallecano,['Technical'],,,,,
3455,Jeong Woo Yeong,M,73,76,62,68,78,36,60,78,74,72,66,59,56,58,50,70,72,40,74,61,52,79,86,83,69,78,65,30,61,34,32,36,69,75,54,55,CAM,4,3,Right,"179cm / 5'10""",71kg / 157lb,"['ST', 'CM']",26,Korea Republic,Bundesliga,Union Berlin,['Technical'],,,,,
3459,Linton Maina,M,73,91,62,66,73,30,57,89,92,66,69,63,50,56,47,69,67,50,69,62,66,72,85,87,70,71,63,31,44,29,28,25,59,81,48,51,LM,4,3,Right,"173cm / 5'8""",70kg / 154lb,"['ST', 'CAM', 'LW']",26,Germany,Bundesliga,1. FC Köln,"['Quick Step', 'Rapid']",,,,,
3460,Sinaly Diomandé,M,73,62,50,61,58,73,75,52,71,39,39,77,55,34,45,49,59,53,71,61,52,52,57,54,70,64,73,70,75,71,75,72,77,68,78,78,CB,3,2,Right,"184cm / 6'0""",74kg / 163lb,,24,Côte d'Ivoire,Ligue 1,Auxerre,['Anticipate'],,,,,
3461,Akor Jerome Adams,M,73,77,72,56,70,29,75,75,78,73,73,76,69,72,63,48,59,54,65,45,57,70,67,65,68,73,67,24,69,26,25,24,83,72,82,58,ST,3,3,Right,"190cm / 6'3""",92kg / 203lb,,25,Nigeria,LaLiga,Sevilla,"['Enforcer', 'Finesse Shot']",,,,,
3462,Soungoutou Magassa,M,73,54,49,66,64,72,74,51,57,52,48,59,42,45,47,55,65,51,74,69,55,62,52,53,71,70,68,72,71,71,74,72,75,68,77,72,CDM,3,2,Right,"190cm / 6'3""",75kg / 165lb,"['CM', 'CB']",22,France,Premier League,West Ham,[],,,,,
3469,Danny Namaso,M,73,79,71,61,76,23,68,79,79,77,73,71,68,68,65,52,70,50,69,45,59,76,80,73,74,77,67,20,56,23,15,19,78,72,76,42,ST,3,3,Right,"182cm / 6'0""",76kg / 168lb,['CAM'],25,Cameroon,Ligue 1,Auxerre,[],,,,,
3471,Julio César Enciso,M,73,74,72,70,78,33,51,77,72,69,69,79,79,50,63,68,70,65,73,65,67,79,81,80,67,77,72,30,40,28,38,32,50,61,42,61,CAM,3,3,Right,"173cm / 5'8""",64kg / 141lb,"['LM', 'RM', 'ST']",21,Paraguay,Ligue 1,Strasbourg,['Technical'],,,,,
3473,Ragnar Ache,M,73,81,70,52,69,29,76,81,81,72,74,75,61,58,63,41,54,36,62,47,47,70,67,71,68,69,69,17,79,31,19,22,86,70,81,68,ST,3,3,Right,"183cm / 6'0""",81kg / 179lb,,27,Germany,Bundesliga,1. FC Köln,"['Acrobatic', 'Aerial Fortress', 'Low Driven Shot', 'Precision Header']",,,,,
3477,Peque,M,73,77,71,69,74,35,51,79,76,72,75,68,69,57,75,65,70,63,73,66,69,73,77,83,71,74,63,20,50,36,38,42,57,72,43,42,CAM,4,3,Right,"172cm / 5'8""",65kg / 143lb,"['LW', 'ST', 'CM']",23,Spain,LaLiga,Sevilla,[],,,,,
3479,Timo Hübers,M,73,72,40,56,58,73,77,74,70,42,34,52,40,35,40,42,53,39,67,65,38,54,60,57,74,58,66,75,74,72,73,72,85,74,78,74,CB,4,2,Right,"190cm / 6'3""",82kg / 181lb,,29,Germany,Bundesliga,1. FC Köln,[],,,,,
3480,Goduine Koyalipou,M,73,75,72,60,70,31,68,73,76,75,75,74,66,65,60,58,58,65,65,54,58,71,64,62,71,71,68,38,71,29,21,15,83,60,76,56,ST,3,3,Right,"184cm / 6'0""",82kg / 181lb,,25,Central African Republic,LaLiga,Levante UD,[],,,,,
3490,Álex Sancris,M,73,79,68,70,70,29,58,78,79,73,70,70,67,51,54,73,68,68,71,67,69,72,72,64,70,71,53,25,42,31,26,27,61,77,59,33,RM,5,3,Right,"181cm / 5'11""",77kg / 170lb,"['RW', 'LM']",28,Spain,LaLiga,Getafe CF,[],,,,,
3492,Youssef El Arabi,M,73,59,76,65,72,37,64,58,60,78,77,74,71,79,81,58,68,71,68,60,70,72,70,58,72,75,69,44,72,25,30,42,76,49,75,51,ST,4,3,Right,"182cm / 6'0""",84kg / 185lb,,38,Morocco,Ligue 1,Nantes,"['Finesse Shot', 'Press Proven']",,,,,
3493,Nicolas Höfler,M,73,51,47,64,66,74,71,51,51,52,41,58,49,40,50,52,63,50,75,67,53,64,67,69,74,67,72,77,65,75,76,69,66,74,70,69,CDM,3,2,Right,"181cm / 5'11""",80kg / 176lb,['CM'],35,Germany,Bundesliga,Freiburg,"['Aerial Fortress', 'Anticipate', 'Press Proven', 'Slide Tackle']",,,,,
3497,Nicolás Valentini,M,73,72,32,59,62,74,74,72,72,21,28,44,31,32,38,47,60,34,69,62,48,60,62,57,72,64,70,74,69,75,75,75,85,77,72,73,CB,3,2,Left,"187cm / 6'2""",79kg / 174lb,,24,Argentina,Serie A,Verona,['Aerial Fortress'],,,,,
3499,Fer López,M,73,66,68,73,74,39,52,61,70,74,69,69,68,59,59,73,74,69,75,69,73,75,73,58,74,76,75,25,52,38,43,44,59,50,56,43,RW,2,3,Left,"188cm / 6'2""",76kg / 168lb,['RM'],21,Spain,Premier League,Wolves,[],,,,,
3501,Calero,M,73,60,42,65,65,73,67,59,60,50,37,58,34,44,40,59,64,38,71,71,60,62,67,65,73,69,64,73,73,73,73,73,76,50,73,72,CB,4,2,Right,"183cm / 6'0""",71kg / 157lb,['CDM'],30,Spain,LaLiga,Espanol,['Bruiser'],,,,,
3504,Fisnik Asllani,M,73,65,74,59,72,28,74,66,65,74,76,77,68,68,66,43,65,52,69,48,68,71,75,67,73,74,72,27,71,21,24,20,80,79,76,60,ST,4,3,Right,"191cm / 6'3""",81kg / 179lb,,23,Kosovo,Bundesliga,Hoffenheim,['Finesse Shot'],,,,,
3517,Jordan Lefort,M,73,64,26,65,65,73,76,62,65,62,22,25,27,22,37,64,63,33,73,68,46,63,56,56,75,70,68,74,70,73,74,74,76,78,76,72,CB,3,2,Left,"184cm / 6'0""",81kg / 179lb,,32,France,Ligue 1,Angers,['Block'],,,,,
3518,Malang Sarr,M,73,52,45,65,64,73,70,53,51,51,40,62,40,40,45,62,63,52,70,65,57,62,63,62,72,65,68,73,72,72,75,74,76,55,77,70,CB,2,2,Left,"183cm / 6'0""",85kg / 187lb,"['LB', 'LM']",26,France,Ligue 1,RC Lens,[],,,,,
3521,Abdón Prats,M,73,65,75,61,73,29,65,60,69,77,77,75,72,72,70,65,45,69,66,58,68,73,76,66,67,74,65,25,69,29,23,18,74,63,75,42,ST,3,3,Left,"181cm / 5'11""",81kg / 179lb,,32,Spain,LaLiga,Mallorca,[],,,,,
3528,Adam Buksa,M,73,60,74,56,67,32,77,63,57,74,77,74,68,68,67,48,62,45,66,43,53,68,67,44,73,69,71,24,80,30,23,31,86,72,82,67,ST,4,3,Left,"191cm / 6'3""",84kg / 185lb,,29,Poland,Serie A,Udinese,['Precision Header'],,,,,
3532,Lorenzo Colombo,M,73,68,76,52,71,29,69,64,71,78,76,81,75,62,63,41,54,50,61,42,55,71,65,68,69,73,69,18,74,23,30,20,76,66,69,73,ST,3,2,Left,"183cm / 6'0""",74kg / 163lb,,23,Italy,Serie A,Genoa,[],,,,,
3535,Raúl García,M,73,66,74,61,70,25,68,61,70,73,75,75,74,55,71,32,66,59,75,64,53,74,58,43,68,74,65,15,79,19,17,28,81,61,74,60,ST,3,3,Right,"192cm / 6'4""",70kg / 154lb,,25,Spain,LaLiga,Osasuna,['Technical'],,,,,
3538,Evan Ferguson,M,73,66,75,60,71,20,71,67,66,73,75,75,78,71,67,50,63,53,70,50,63,71,66,66,72,74,72,13,71,18,13,13,79,66,75,65,ST,3,3,Right,"188cm / 6'2""",78kg / 172lb,,21,Republic of Ireland,Serie A,Roma,['Finesse Shot'],,,,,
3541,Saba Sazonov,M,73,60,40,58,61,73,70,52,67,33,31,70,30,42,55,61,42,31,70,60,38,58,59,56,67,65,60,73,75,72,75,72,77,48,76,80,CB,3,2,Right,"194cm / 6'4""",84kg / 185lb,,23,Georgia,Serie A,Torino,[],,,,,
3544,Warmed Omari,M,73,60,34,58,62,73,73,56,64,34,25,52,33,31,41,44,51,32,73,64,44,59,53,53,71,68,68,72,74,72,75,73,78,63,77,72,CB,3,2,Right,"188cm / 6'2""",76kg / 168lb,,25,Comoros,Bundesliga,Hamburger SV,[],,,,,
3546,Haris Tabaković,M,73,60,73,52,65,29,80,50,69,79,78,75,60,69,72,38,58,42,64,41,39,64,60,55,79,65,70,20,79,32,18,17,84,78,87,65,ST,3,2,Right,"194cm / 6'4""",90kg / 198lb,,31,Bosnia and Herzegovina,Bundesliga,M'gladbach,"['Acrobatic', 'Aerial Fortress', 'Enforcer', 'Precision Header', 'Press Proven']",,,,,
3548,Dani Calvo,M,73,51,46,53,55,73,80,47,54,44,39,58,51,32,55,51,42,45,62,58,43,54,44,32,69,60,68,74,74,74,73,70,78,77,84,75,CB,3,2,Right,"190cm / 6'3""",82kg / 181lb,,31,Spain,LaLiga,R. Oviedo,"['Aerial Fortress', 'Anticipate', 'Precision Header']",,,,,
3549,Leo Østigård,M,73,60,37,50,61,71,79,63,58,35,33,52,32,33,42,48,34,24,62,55,46,58,66,61,71,61,58,69,76,68,73,70,85,65,82,86,CB,3,2,Right,"182cm / 6'0""",80kg / 176lb,,25,Norway,Serie A,Genoa,['Precision Header'],,,,,
3553,Michael Keane,M,73,40,49,62,58,73,74,39,40,29,50,58,46,40,48,57,58,33,68,70,53,55,50,50,70,63,65,73,77,73,73,72,78,49,84,77,CB,3,2,Right,"191cm / 6'3""",82kg / 181lb,,32,England,Premier League,Everton,['Long Ball Pass'],,,,,
3555,Dominique Heintz,M,73,53,37,60,58,73,74,51,55,45,23,49,56,26,41,55,61,32,66,65,55,58,41,48,71,62,68,73,72,74,73,71,71,55,83,76,CB,3,2,Left,"188cm / 6'2""",89kg / 196lb,"['LB', 'LM']",32,Germany,Bundesliga,1. FC Köln,[],,,,,
3557,Arouna Sangante,M,73,54,34,59,59,73,75,51,56,41,27,50,32,28,39,56,59,31,67,59,39,54,53,58,72,65,69,72,74,70,76,73,77,70,78,74,CB,3,2,Right,"189cm / 6'2""",76kg / 168lb,['RB'],23,Senegal,Ligue 1,Havre AC,['Intercept'],,,,,
3559,Alberto Dossena,M,73,50,43,52,59,75,74,47,53,32,29,68,52,43,52,46,42,32,62,58,40,56,56,42,75,62,75,75,73,75,77,71,73,73,75,74,CB,3,2,Right,"195cm / 6'5""",77kg / 170lb,,27,Italy,Serie A,Como,"['Aerial Fortress', 'Intercept']",,,,,
3560,Facundo Garcés,M,73,52,37,53,61,73,77,50,54,43,31,55,29,26,49,38,53,33,64,60,36,59,60,48,69,62,70,67,74,75,75,74,78,69,81,75,CB,4,2,Right,"188cm / 6'2""",82kg / 181lb,,26,Malaysia,LaLiga,Alaves,[],,,,,
3561,Daniel Ballard,M,73,60,30,53,57,72,81,55,64,36,25,44,26,31,37,31,58,30,64,69,28,56,50,48,68,59,61,70,72,72,74,72,82,68,88,79,CB,3,2,Right,"187cm / 6'2""",85kg / 187lb,,26,Northern Ireland,Premier League,Sunderland,[],,,,,
3564,Andrew Omobamidele,M,73,69,27,52,56,73,75,65,72,41,24,42,16,27,25,25,58,15,68,62,36,53,52,52,71,59,68,73,72,72,75,71,75,67,81,70,CB,3,2,Right,"188cm / 6'2""",74kg / 163lb,,23,Republic of Ireland,Ligue 1,Strasbourg,[],,,,,
3568,Robert Glatzel,M,73,56,73,49,66,30,75,63,50,77,75,77,64,75,68,39,48,40,60,40,50,65,53,41,75,73,69,24,81,20,28,25,89,65,85,59,ST,4,2,Right,"193cm / 6'4""",85kg / 187lb,,31,Germany,Bundesliga,Hamburger SV,"['Enforcer', 'Precision Header']",,,,,
3585,Bamo Meïté,M,73,51,33,47,57,75,72,46,55,33,26,54,28,28,42,34,35,28,66,43,43,57,31,60,69,65,55,71,73,75,79,75,72,68,72,78,CB,3,2,Right,"183cm / 6'0""",75kg / 165lb,,23,Côte d'Ivoire,Ligue 1,FC Lorient,[],,,,,
3586,Montassar Talbi,M,73,56,30,42,57,73,76,54,58,25,23,46,25,34,41,27,30,35,61,40,26,48,60,69,67,65,65,69,71,73,77,73,78,64,81,76,CB,3,2,Right,"190cm / 6'3""",81kg / 179lb,,27,Tunisia,Ligue 1,FC Lorient,"['Anticipate', 'Block', 'Slide Tackle']",,,,,
3589,Willy Boly,M,73,34,36,59,55,74,71,34,34,45,32,54,23,24,57,50,61,35,67,64,46,54,33,34,72,61,79,72,75,75,74,73,68,34,88,74,CB,4,2,Right,"195cm / 6'5""",97kg / 214lb,,34,Côte d'Ivoire,Premier League,Nott'm Forest,[],,,,,
3594,Joe Worrall,M,73,48,25,51,45,75,76,46,50,27,20,34,22,30,35,39,30,29,68,68,27,35,43,46,68,54,63,73,75,76,74,75,77,65,83,72,CB,2,2,Right,"190cm / 6'3""",90kg / 198lb,,28,England,Premier League,Burnley,[],,,,,
3595,Jamaal Lascelles,M,73,37,35,51,50,74,71,38,37,23,34,51,27,33,20,46,40,16,64,59,37,41,47,45,68,60,60,74,75,73,74,72,83,34,84,81,CB,3,2,Right,"188cm / 6'2""",83kg / 183lb,,32,England,Premier League,Newcastle,[],,,,,
3606,Junior Dina Ebimbe,M,72,79,64,69,73,69,74,80,79,64,66,71,57,51,57,65,71,49,73,70,59,72,76,75,75,71,78,74,59,69,71,61,79,66,76,77,RM,3,3,Right,"184cm / 6'0""",80kg / 176lb,"['CM', 'RB', 'RW']",25,France,Ligue 1,Brest,['Aerial Fortress'],,,,,
3613,Mamadou Sangaré,M,72,82,64,68,74,68,69,83,82,64,60,69,67,68,56,61,71,51,71,72,67,73,78,78,73,74,71,72,56,70,68,66,71,83,59,76,CM,4,3,Left,"178cm / 5'10""",63kg / 139lb,"['CDM', 'CAM']",23,Mali,Ligue 1,RC Lens,"['Gamechanger', 'Intercept', 'Inventive', 'Long Ball Pass', 'Relentless', 'Slide Tackle', 'Technical']",,,,,
3619,Oscar Højlund,M,72,78,64,68,73,71,69,75,80,69,67,66,63,56,45,54,70,48,77,71,54,71,79,75,73,73,73,71,66,75,71,68,75,66,68,76,CM,3,3,Right,"184cm / 6'0""",76kg / 168lb,['CDM'],20,Denmark,Bundesliga,Ein Frankfurt,[],,,,,
3632,Federico Redondo,M,72,72,61,69,72,69,77,65,78,65,59,69,64,44,55,61,70,58,75,70,56,72,66,70,71,74,75,67,60,70,72,68,73,82,75,75,CM,3,2,Right,"188cm / 6'2""",75kg / 165lb,['CDM'],22,Argentina,LaLiga,Elche CF,"['Long Ball Pass', 'Press Proven']",,,,,
3634,Hassane Kamara,M,72,82,62,67,74,66,68,85,80,68,57,74,67,47,46,71,65,42,69,67,66,73,82,90,70,70,72,69,50,66,70,68,71,75,61,76,LB,3,3,Left,"170cm / 5'7""",67kg / 148lb,['LM'],31,Côte d'Ivoire,Serie A,Udinese,['Rapid'],,,,,
3642,Silvan Widmer,M,72,73,62,70,71,70,72,72,74,70,59,72,62,48,56,73,69,56,70,70,70,69,75,67,75,72,76,71,72,71,69,65,84,67,76,67,RB,3,3,Right,"183cm / 6'0""",80kg / 176lb,['RM'],32,Switzerland,Bundesliga,Mainz,['Long Throw'],,,,,
3653,Nicolai Remberg,M,72,64,59,65,71,74,85,68,61,64,55,74,62,39,39,54,68,39,75,71,44,69,66,71,70,74,73,73,73,72,76,74,93,89,85,78,CM,3,2,Right,"187cm / 6'2""",88kg / 194lb,['CDM'],25,Germany,Bundesliga,Hamburger SV,"['Aerial Fortress', 'Bruiser']",,,,,
3657,Antoine Bernede,M,72,70,66,69,74,69,69,73,68,72,63,71,67,62,59,54,71,62,75,72,71,75,74,73,70,74,69,68,57,70,71,70,70,77,64,72,CM,4,3,Right,"178cm / 5'10""",73kg / 161lb,['CDM'],26,France,Serie A,Verona,[],,,,,
3658,Abdou Harroui,M,72,69,69,69,74,67,69,72,66,71,66,76,72,55,71,68,74,63,71,67,60,75,70,69,71,76,72,68,57,67,71,66,70,74,66,68,CM,4,3,Right,"182cm / 6'0""",76kg / 168lb,"['CDM', 'CAM']",27,Morocco,Serie A,Verona,['Slide Tackle'],,,,,
3664,Jari Vandeputte,M,72,80,65,73,73,61,64,81,79,67,67,65,65,57,51,66,74,69,78,72,69,70,84,72,70,74,70,64,45,60,64,60,66,75,60,60,CM,4,3,Right,"177cm / 5'10""",66kg / 146lb,"['LM', 'CAM']",29,Belgium,Serie A,Monza,"['Dead Ball', 'Incisive Pass', 'Technical', 'Whipped Pass']",,,,,
3667,Jessy Deminguet,M,72,70,63,72,74,64,73,68,72,68,63,66,57,59,66,67,73,71,75,70,69,73,80,78,69,74,63,65,62,63,66,61,71,88,68,68,CM,3,3,Left,"178cm / 5'10""",74kg / 163lb,['CDM'],27,France,Ligue 1,FC Metz,[],,,,,
3669,Michel Ndary Adopo,M,72,70,60,68,72,69,77,66,74,66,55,71,65,50,50,54,71,50,75,72,59,72,69,60,72,74,68,72,65,65,72,69,77,77,79,74,CM,3,3,Right,"187cm / 6'2""",85kg / 187lb,['CDM'],25,France,Serie A,Cagliari,[],,,,,
3670,Tomáš Suslov,M,72,78,71,71,75,52,69,87,70,70,66,81,74,71,63,69,67,71,75,72,73,75,82,85,67,74,64,56,45,53,52,48,69,73,63,80,CAM,3,3,Left,"173cm / 5'8""",72kg / 159lb,['CM'],23,Slovakia,Serie A,Verona,[],,,,,
3672,Jhoanner Chávez,M,72,85,60,66,72,66,67,85,85,70,58,71,52,47,63,70,65,38,71,59,61,73,73,62,69,72,70,66,59,63,71,66,76,75,64,63,LB,2,3,Left,"182cm / 6'0""",76kg / 168lb,['LM'],23,Ecuador,Ligue 1,RC Lens,['Quick Step'],,,,,
3673,Michele Collocolo,M,72,70,62,69,69,68,78,67,73,69,61,64,61,57,58,53,72,58,76,72,66,68,77,61,70,70,67,70,54,68,71,69,69,87,74,81,CM,3,2,Right,"188cm / 6'2""",79kg / 174lb,"['CDM', 'CAM']",26,Italy,Serie A,Monza,[],,,,,
3680,Luke O'Nien,M,72,72,58,65,68,70,82,75,70,61,57,58,60,60,59,60,65,58,69,68,60,65,77,81,70,67,69,70,68,73,69,69,87,92,75,85,CB,4,2,Right,"179cm / 5'10""",74kg / 163lb,,31,England,Premier League,Sunderland,"['Long Ball Pass', 'Long Throw', 'Slide Tackle']",,,,,
3685,Aleix Febas,M,72,74,61,72,74,64,70,73,75,68,57,66,66,58,59,66,76,64,74,71,68,70,90,81,70,73,74,70,36,66,68,64,59,83,65,70,CM,3,3,Right,"172cm / 5'8""",64kg / 141lb,"['CDM', 'CB']",29,Spain,LaLiga,Elche CF,['Inventive'],,,,,
3687,Karl Darlow,M,72,73,70,66,75,58,72,60,54,18,14,50,11,15,19,12,37,16,36,30,19,14,64,64,66,31,53,26,12,17,11,12,67,44,60,13,GK,2,1,Right,"190cm / 6'3""",88kg / 194lb,,35,Wales,Premier League,Leicester,['Far Throw'],73.0,70.0,66.0,72.0,75.0
3690,Amir Richardson,M,72,73,64,68,72,67,70,63,81,69,63,72,63,55,43,54,73,43,75,71,69,74,67,53,71,74,72,71,58,66,70,63,69,66,71,72,CM,3,3,Left,"195cm / 6'5""",79kg / 174lb,['CDM'],23,Morocco,Serie A,Fiorentina,['Long Ball Pass'],,,,,
3691,Àlex Sala,M,72,65,68,67,69,70,75,65,65,64,65,74,74,56,53,60,68,57,72,66,62,70,65,55,73,70,73,66,60,70,75,72,74,72,77,75,CDM,3,2,Right,"185cm / 6'1""",77kg / 170lb,"['CM', 'CAM']",24,Spain,Serie A,Lecce,[],,,,,
3696,Pasquale Mazzocchi,M,72,76,59,72,73,68,65,75,76,68,58,63,57,58,58,75,68,59,73,73,69,74,69,70,64,75,66,69,59,68,70,69,71,60,64,71,RB,3,3,Right,"180cm / 5'11""",74kg / 163lb,['RM'],30,Italy,Serie A,Napoli,[],,,,,
3700,Ismaël Koné,M,72,78,63,68,71,64,69,74,81,68,59,71,73,46,44,56,71,48,74,72,72,72,69,52,73,73,74,67,52,65,66,58,69,75,69,62,CM,4,3,Right,"188cm / 6'2""",76kg / 168lb,,23,Canada,Serie A,Empoli,[],,,,,
3703,Marnon Busch,M,72,85,53,64,70,66,74,84,85,57,44,75,59,34,36,73,50,74,69,55,68,70,72,71,68,69,65,64,57,65,70,68,79,73,74,73,RB,2,2,Right,"182cm / 6'0""",80kg / 176lb,"['CB', 'LB', 'RM']",30,Germany,Bundesliga,Heidenheim,[],,,,,
3714,Junior Messias,M,72,76,73,72,76,58,56,75,76,75,74,71,75,68,62,68,74,71,74,70,74,76,76,72,71,78,65,61,61,50,66,51,66,61,52,55,CM,3,3,Left,"179cm / 5'10""",70kg / 154lb,"['RM', 'CAM']",34,Brazil,Serie A,Genoa,[],,,,,
3717,Niels Nkounkou,M,72,83,49,69,74,65,71,82,84,64,50,58,42,28,37,76,66,31,72,68,71,76,76,75,67,74,61,68,55,66,66,64,78,69,73,65,LB,2,3,Left,"180cm / 5'11""",77kg / 170lb,['LM'],25,France,Serie A,Torino,"['Rapid', 'Whipped Pass']",,,,,
3729,Loïc Négo,M,72,75,64,68,69,67,66,74,75,68,64,69,61,68,54,77,59,43,70,69,81,68,66,72,72,70,73,70,54,67,68,66,68,68,65,67,RB,3,3,Right,"181cm / 5'11""",71kg / 157lb,['RM'],34,Hungary,Ligue 1,Havre AC,['Rapid'],,,,,
3736,Jan Thielmann,M,72,81,69,66,72,54,67,84,78,67,69,73,69,62,55,65,68,44,69,63,67,71,76,79,72,74,62,61,60,55,45,60,74,82,58,71,RM,3,3,Right,"178cm / 5'10""",72kg / 159lb,['RB'],23,Germany,Bundesliga,1. FC Köln,['Rapid'],,,,,
3740,Christian Ordoñez,M,72,83,45,64,70,66,81,82,83,58,39,57,44,37,44,50,70,46,72,71,45,69,79,75,69,71,59,65,59,63,70,71,81,92,77,75,CDM,3,2,Right,"177cm / 5'10""",65kg / 143lb,['CM'],21,Argentina,Serie A,Parma,['Aerial Fortress'],,,,,
3745,Arijanet Murić,M,72,73,71,75,73,45,71,44,46,11,12,56,14,16,18,13,60,11,55,58,24,20,38,40,66,35,66,18,10,15,17,18,65,29,71,24,GK,2,1,Right,"197cm / 6'6""",95kg / 209lb,,27,Kosovo,Serie A,Empoli,"['Cross Claimer', 'Far Throw']",73.0,71.0,75.0,71.0,73.0
3749,Warren Bondo,M,72,74,61,69,75,66,63,75,73,65,52,67,71,71,59,59,69,59,74,74,62,74,78,76,69,76,69,68,51,66,70,66,61,79,53,67,CM,2,3,Right,"177cm / 5'10""",63kg / 139lb,['CDM'],22,France,Serie A,Monza,"['Jockey', 'Technical']",,,,,
3751,Aaron Zehnter,M,72,74,64,72,70,64,64,78,71,68,59,76,68,46,54,80,74,78,69,60,82,70,75,70,69,72,53,64,56,67,64,62,68,86,55,59,LM,4,3,Left,"180cm / 5'11""",70kg / 154lb,['LB'],21,Germany,Bundesliga,Wolfsburg,"['Dead Ball', 'Whipped Pass']",,,,,
3752,Álex Valle,M,72,81,56,67,72,67,65,82,81,65,50,65,59,58,55,68,69,43,69,64,66,70,79,80,68,74,66,66,66,66,68,68,74,75,57,69,LB,3,3,Left,"183cm / 6'0""",57kg / 126lb,['LM'],21,Spain,Serie A,Como,[],,,,,
3763,Marcus Pedersen,M,72,89,49,68,71,64,66,88,89,70,48,51,42,46,53,74,65,44,69,68,67,72,80,71,64,68,63,66,38,64,70,69,65,78,62,61,RB,4,3,Right,"184cm / 6'0""",76kg / 168lb,['RM'],25,Norway,Serie A,Torino,['Rapid'],,,,,
3768,Marco Silvestri,M,72,72,71,57,74,59,73,58,61,14,20,43,16,20,16,12,47,11,22,20,16,18,65,34,70,20,44,11,12,8,18,16,66,34,60,31,GK,3,1,Right,"191cm / 6'3""",87kg / 192lb,,34,Italy,Serie A,Monza,['Footwork'],72.0,71.0,57.0,73.0,74.0
3770,Sam Byram,M,72,72,57,65,70,71,71,71,72,62,59,66,52,43,41,67,65,33,70,64,55,71,68,68,70,70,71,70,69,70,74,71,77,70,71,69,LB,4,3,Right,"183cm / 6'0""",72kg / 159lb,"['RB', 'LM']",32,England,Premier League,Leicester,['Block'],,,,,
3772,Angus Gunn,M,72,73,71,70,74,48,70,48,49,9,15,53,17,19,19,14,49,15,31,46,20,20,40,42,65,27,48,18,14,20,16,14,65,31,66,28,GK,3,1,Right,"196cm / 6'5""",77kg / 170lb,,29,Scotland,Premier League,Nott'm Forest,"['Deflector', 'Footwork']",73.0,71.0,70.0,70.0,74.0
3777,Woyo Coulibaly,M,72,75,52,66,71,69,73,72,77,54,45,74,51,45,40,70,64,41,69,67,64,74,71,52,67,72,61,69,71,68,68,71,84,67,77,70,RB,3,2,Right,"185cm / 6'1""",84kg / 185lb,"['LB', 'RM']",26,France,Serie A,Empoli,[],,,,,
3782,Mathis Amougou,M,72,71,57,68,74,67,68,74,69,63,57,60,57,46,45,57,73,45,75,73,60,74,75,75,70,75,73,71,58,64,72,65,71,70,65,70,CM,3,3,Right,"177cm / 5'10""",65kg / 143lb,['CDM'],19,France,Ligue 1,Strasbourg,[],,,,,
3792,Reda Khadra,M,72,85,66,67,76,48,63,87,84,70,66,70,66,59,55,66,69,63,69,63,66,76,86,81,70,73,70,41,56,45,54,42,76,50,67,64,CAM,3,3,Right,"180cm / 5'11""",72kg / 159lb,"['LM', 'ST', 'CM']",24,Germany,Ligue 1,Havre AC,['Technical'],,,,,
3796,Niccolò Pisilli,M,72,67,66,68,73,69,62,70,65,68,65,75,68,48,50,61,65,56,77,71,50,74,56,67,76,76,74,72,65,65,72,71,67,62,55,76,CM,3,2,Right,"180cm / 5'11""",75kg / 165lb,['CAM'],21,Italy,Serie A,Roma,[],,,,,
3798,Charalampos Kostoulas,M,72,86,68,61,71,41,77,84,87,70,73,70,58,58,72,45,63,40,71,63,61,73,72,73,66,69,64,34,69,39,41,34,86,74,79,71,ST,3,3,Right,"185cm / 6'1""",75kg / 165lb,"['CAM', 'RM']",18,Greece,Premier League,Brighton,[],,,,,
3799,Morten Thorsby,M,72,55,62,69,71,72,75,62,50,71,62,69,60,55,49,68,69,48,73,72,56,70,64,62,74,74,73,73,83,68,73,66,82,78,70,81,CM,3,2,Right,"189cm / 6'2""",79kg / 174lb,,29,Norway,Serie A,Genoa,"['Aerial Fortress', 'Precision Header']",,,,,
3805,Grigoris Kastanos,M,72,74,70,71,74,55,60,74,74,70,67,74,75,69,69,67,71,70,74,72,72,75,67,77,66,76,70,55,51,48,62,58,66,56,61,59,CAM,4,3,Left,"179cm / 5'10""",71kg / 157lb,['CM'],27,Cyprus,Serie A,Verona,[],,,,,
3806,Dela,M,72,72,60,63,63,73,73,69,74,53,52,77,65,39,72,61,59,70,65,64,54,60,62,55,69,67,65,71,71,75,72,71,79,75,72,73,CB,3,2,Right,"179cm / 5'10""",78kg / 172lb,['RB'],26,Spain,LaLiga,Levante UD,"['Intercept', 'Long Ball Pass']",,,,,
3809,Warren Kamanzi,M,72,81,52,65,71,68,67,79,83,67,52,56,48,40,42,68,66,36,68,62,59,70,78,75,71,70,68,67,59,68,70,68,72,75,62,68,RB,3,3,Right,"177cm / 5'10""",70kg / 154lb,"['RM', 'RW']",25,Norway,Ligue 1,Toulouse,[],,,,,
3824,Dapo Afolayan,M,72,79,71,66,74,44,69,84,75,72,73,72,71,59,54,67,64,56,68,66,59,76,77,77,71,71,69,40,57,45,44,38,75,72,65,74,RW,4,3,Right,"180cm / 5'11""",71kg / 157lb,"['LW', 'ST', 'RM']",28,England,Bundesliga,St Pauli,['Technical'],,,,,
3826,Salinas,M,72,77,56,65,69,69,67,75,79,66,50,73,58,45,32,70,66,34,65,63,68,69,66,65,68,70,64,69,64,71,69,68,70,79,58,73,LB,2,2,Left,"179cm / 5'10""",69kg / 152lb,['LM'],25,Spain,LaLiga,Espanol,[],,,,,
3830,Jacopo Fazzini,M,72,68,68,71,75,60,61,70,66,72,68,73,67,58,51,67,69,59,76,72,60,75,73,73,70,77,68,66,54,57,61,58,59,73,52,68,CAM,3,3,Right,"178cm / 5'10""",70kg / 154lb,['CM'],22,Italy,Serie A,Fiorentina,[],,,,,
3831,Altimira,M,72,73,57,67,73,67,66,73,73,73,63,55,50,35,45,71,70,48,68,65,66,74,66,80,70,74,65,67,63,66,68,68,71,75,60,66,RB,3,3,Right,"176cm / 5'9""",69kg / 152lb,"['RM', 'RW']",24,Spain,LaLiga,Villarreal,['Long Ball Pass'],,,,,
3837,Anthony Jung,M,72,62,62,65,65,73,75,54,69,53,57,72,66,62,50,67,59,68,67,66,66,64,64,62,69,68,66,70,68,73,74,76,73,71,77,73,CB,3,2,Left,"185cm / 6'1""",81kg / 179lb,"['LB', 'LM']",34,Germany,Bundesliga,Freiburg,"['Anticipate', 'Bruiser']",,,,,
3839,Simone Scuffet,M,72,72,70,64,75,50,71,50,50,12,20,48,16,20,18,20,35,22,34,36,20,14,60,45,69,22,61,20,18,15,24,18,67,40,65,35,GK,2,1,Right,"190cm / 6'3""",87kg / 192lb,,29,Italy,Serie A,Pisa,[],72.0,70.0,64.0,71.0,75.0
3840,Alessandro Zanoli,M,72,77,54,65,69,69,68,76,78,71,59,50,48,42,52,69,59,42,68,67,60,70,68,55,70,71,68,69,60,67,74,70,75,70,68,66,RB,3,3,Right,"188cm / 6'2""",76kg / 168lb,['RM'],25,Italy,Serie A,Udinese,['Whipped Pass'],,,,,
3842,Denis Huseinbašić,M,72,67,62,65,73,64,71,67,67,69,67,61,58,42,43,48,73,36,75,69,44,73,68,70,71,75,72,67,53,64,65,62,65,77,67,74,CM,3,2,Right,"184cm / 6'0""",76kg / 168lb,"['CDM', 'CAM']",24,Bosnia and Herzegovina,Bundesliga,1. FC Köln,[],,,,,
3849,Mads Pedersen,M,72,77,52,65,73,68,66,81,74,71,45,66,54,46,41,68,66,37,70,63,55,73,82,79,71,71,58,69,48,69,71,69,65,69,58,82,LB,3,3,Left,"174cm / 5'9""",72kg / 159lb,"['LM', 'RB']",29,Denmark,Bundesliga,Augsburg,[],,,,,
3850,Niklas Schmidt,M,72,55,70,74,74,60,68,50,59,65,64,82,77,56,59,73,75,71,75,72,70,76,62,70,70,77,65,55,48,59,67,65,62,60,78,53,CM,5,3,Right,"184cm / 6'0""",89kg / 196lb,"['CAM', 'CDM']",27,Germany,Ligue 1,Toulouse,['Power Shot'],,,,,
3854,Tyler Morton,M,72,64,59,74,73,66,65,67,61,67,55,62,64,57,57,70,74,71,76,76,74,73,72,70,72,74,75,66,59,67,68,68,65,71,59,70,CDM,3,3,Right,"178cm / 5'10""",73kg / 161lb,['CM'],23,England,Ligue 1,Lyon,[],,,,,
3855,Lewis Miley,M,72,65,61,72,73,64,66,67,63,66,61,67,60,56,49,64,77,59,77,71,65,75,71,68,68,73,78,66,57,63,68,58,68,71,69,50,CM,4,3,Right,"189cm / 6'2""",68kg / 150lb,,19,England,Premier League,Newcastle,[],,,,,
3858,Josan,M,72,80,67,66,74,67,46,79,80,73,70,70,56,59,64,66,65,55,71,62,65,75,76,79,70,72,66,66,62,64,71,68,59,61,32,58,RM,3,4,Right,"175cm / 5'9""",68kg / 150lb,"['RB', 'RW']",35,Spain,LaLiga,Elche CF,['Anticipate'],,,,,
3859,Florian Müller,M,72,72,67,71,79,43,68,43,43,11,11,53,12,10,19,12,42,12,32,27,13,18,42,41,70,24,38,19,11,20,11,12,63,34,67,25,GK,4,1,Left,"190cm / 6'3""",88kg / 194lb,,28,Germany,Bundesliga,Freiburg,[],72.0,67.0,71.0,68.0,79.0
3860,Tete Morente,M,72,80,67,70,73,43,67,83,77,66,65,72,68,67,65,72,64,69,73,68,75,74,82,60,64,73,65,48,59,47,35,31,76,72,67,57,LM,3,3,Right,"184cm / 6'0""",78kg / 172lb,['LW'],28,Spain,Serie A,Lecce,['Aerial Fortress'],,,,,
3884,Leart Paqarada,M,72,69,47,73,72,66,71,74,64,53,36,68,54,41,39,78,68,75,73,70,78,72,73,67,72,72,66,66,57,64,69,67,71,84,66,65,LB,3,3,Left,"184cm / 6'0""",76kg / 168lb,['LM'],31,Kosovo,Bundesliga,Heidenheim,"['Dead Ball', 'Slide Tackle', 'Whipped Pass']",,,,,
3886,Rafa Mir,M,72,73,72,65,67,45,76,69,76,72,70,76,70,70,75,69,64,60,71,52,64,67,62,64,68,69,68,39,77,42,43,35,88,63,84,67,ST,3,3,Right,"191cm / 6'3""",86kg / 190lb,,28,Spain,LaLiga,Elche CF,['Enforcer'],,,,,
3889,Han-Noah Massengo,M,72,68,48,66,74,70,72,65,70,57,39,63,54,39,51,56,67,44,74,72,50,73,86,86,69,70,70,72,62,69,71,69,72,73,72,69,CDM,3,3,Right,"175cm / 5'9""",70kg / 154lb,['CM'],24,France,Bundesliga,Augsburg,['Technical'],,,,,
3895,Walid Cheddira,M,72,79,72,64,67,41,75,78,80,73,72,75,68,65,74,66,66,47,67,62,49,67,68,49,72,68,67,29,67,41,41,34,85,70,83,59,ST,4,3,Right,"187cm / 6'2""",80kg / 176lb,,27,Morocco,Serie A,Empoli,[],,,,,
3901,Mark Travers,M,72,73,69,69,74,40,72,41,38,11,14,52,13,13,18,16,47,14,50,44,14,13,39,47,68,19,47,13,15,14,15,14,61,30,60,23,GK,2,1,Right,"191cm / 6'3""",82kg / 181lb,,26,Republic of Ireland,Premier League,Everton,['Footwork'],73.0,69.0,69.0,72.0,74.0
3915,Álvaro Núñez,M,72,75,44,68,70,67,73,76,75,66,40,50,45,36,37,69,67,66,71,60,66,70,78,69,68,69,63,68,47,69,70,69,69,83,71,68,RB,3,3,Right,"177cm / 5'10""",74kg / 163lb,['RM'],25,Spain,LaLiga,Elche CF,[],,,,,
3917,Ivan Smolčić,M,72,63,52,62,68,74,77,63,63,69,55,55,40,43,50,60,68,40,66,57,56,70,60,70,72,66,75,75,70,72,75,75,77,72,79,78,RB,5,2,Right,"181cm / 5'11""",78kg / 172lb,,25,Croatia,Serie A,Como,['Long Throw'],,,,,
3919,Elseid Hysaj,M,72,71,51,66,71,71,66,69,72,63,47,68,43,40,40,73,59,30,71,68,54,72,69,68,72,71,74,71,65,71,72,71,70,62,62,79,LB,3,3,Right,"182cm / 6'0""",75kg / 165lb,['RB'],31,Albania,Serie A,Lazio,[],,,,,
3920,Odysseas Vlachodimos,M,72,73,72,66,71,42,72,41,43,14,12,50,16,14,18,15,46,13,27,24,17,13,61,37,70,23,56,23,13,17,14,12,70,37,67,32,GK,3,1,Right,"190cm / 6'3""",81kg / 179lb,,31,Greece,LaLiga,Sevilla,[],73.0,72.0,66.0,72.0,71.0
3927,Luca Netz,M,72,73,48,69,72,68,66,76,70,65,46,59,43,32,49,77,60,68,73,64,52,73,74,72,65,72,64,67,60,66,71,70,74,68,65,65,LB,3,2,Left,"184cm / 6'0""",83kg / 183lb,['LM'],22,Germany,Bundesliga,M'gladbach,['Long Throw'],,,,,
3937,Dennis Cirkin,M,72,78,55,64,68,67,63,77,78,59,54,59,57,52,47,68,60,61,68,58,57,68,68,65,70,68,66,67,64,67,68,68,72,75,57,63,LB,3,3,Left,"182cm / 6'0""",72kg / 159lb,['LM'],23,England,Premier League,Sunderland,[],,,,,
3939,Matteo Cancellieri,M,72,79,71,69,77,38,61,76,81,67,68,74,77,70,67,69,65,70,71,65,76,79,81,75,68,77,64,33,55,31,42,41,71,54,64,59,LM,3,4,Left,"180cm / 5'11""",79kg / 174lb,"['RM', 'LW']",23,Italy,Serie A,Lazio,[],,,,,
3946,Kosta Nedeljković,M,72,81,44,65,69,68,67,82,80,60,42,45,44,35,45,69,61,51,68,61,65,69,64,72,67,71,64,69,61,68,69,66,76,70,64,69,RB,2,2,Right,"184cm / 6'0""",72kg / 159lb,['RM'],19,Serbia,Bundesliga,RB Leipzig,[],,,,,
3947,Raúl Fernández,M,72,71,73,67,71,38,74,35,42,11,13,50,12,13,24,23,49,14,29,26,24,16,40,48,60,14,54,21,13,18,11,11,65,32,75,21,GK,2,1,Right,"195cm / 6'5""",92kg / 203lb,,37,Spain,LaLiga,Alaves,['Footwork'],71.0,73.0,67.0,74.0,71.0
3954,Devis Vásquez,M,72,72,68,71,75,38,70,36,40,7,8,53,7,9,16,14,40,13,27,25,11,12,38,47,70,15,30,9,14,12,12,13,62,19,68,22,GK,3,1,Right,"195cm / 6'5""",93kg / 205lb,,27,Colombia,Serie A,Roma,['Deflector'],72.0,68.0,71.0,70.0,75.0
3956,Stanley Nsoki,M,72,78,38,62,67,72,77,70,84,55,34,47,36,31,37,59,63,31,67,65,49,68,64,65,63,67,66,70,74,69,74,72,83,75,78,73,CB,2,2,Left,"184cm / 6'0""",83kg / 183lb,"['LB', 'LM']",26,France,Bundesliga,Union Berlin,[],,,,,
3957,Illan Meslier,M,72,71,72,70,73,38,70,37,40,8,11,53,17,9,11,18,61,10,50,50,12,20,42,25,71,35,65,19,15,22,17,19,55,40,53,27,GK,3,1,Left,"196cm / 6'5""",74kg / 163lb,,25,France,Premier League,Leicester,"['Cross Claimer', 'Far Throw', 'Footwork']",71.0,72.0,70.0,70.0,73.0
3965,Darlin Yongwa,M,72,85,40,61,69,67,71,81,88,57,41,35,40,39,41,69,57,37,67,57,48,64,86,84,66,69,63,66,48,67,73,70,70,78,70,66,LB,3,3,Left,"174cm / 5'9""",65kg / 143lb,['LM'],25,Cameroon,Ligue 1,FC Lorient,"['Intercept', 'Jockey', 'Press Proven', 'Whipped Pass']",,,,,
3967,Ilyas Chaira,M,72,79,69,69,73,40,63,80,78,69,70,69,70,58,64,67,71,67,71,63,67,73,85,56,69,72,66,46,60,34,36,39,75,73,65,43,LM,3,4,Right,"186cm / 6'1""",75kg / 165lb,"['RM', 'CAM', 'LW']",24,Morocco,LaLiga,R. Oviedo,[],,,,,
3973,Florent Hanin,M,72,73,44,66,68,69,72,72,73,58,38,59,45,33,25,68,66,54,66,65,72,65,72,75,70,68,69,72,63,69,70,66,76,78,71,68,LB,3,2,Left,"177cm / 5'10""",73kg / 161lb,['LM'],35,France,Ligue 1,Angers,[],,,,,
3978,Lyle Foster,M,72,81,72,61,69,36,73,79,82,73,74,76,65,66,65,62,63,47,65,51,55,69,65,66,68,71,68,24,70,36,33,31,83,71,76,66,ST,3,3,Right,"185cm / 6'1""",70kg / 154lb,"['LM', 'CAM']",25,South Africa,Premier League,Burnley,[],,,,,
3983,Elias Baum,M,72,75,50,61,68,67,71,76,75,51,43,82,40,36,41,70,48,27,68,62,62,68,71,71,68,69,57,66,58,67,69,67,72,91,65,63,RB,3,2,Right,"180cm / 5'11""",73kg / 161lb,['RM'],20,Germany,Bundesliga,Ein Frankfurt,[],,,,,
3986,David Costas,M,72,69,46,63,67,71,75,67,71,50,42,58,44,38,50,62,59,59,67,64,51,67,65,61,69,69,70,71,72,72,71,70,82,68,79,70,CB,4,2,Right,"184cm / 6'0""",71kg / 157lb,,30,Spain,LaLiga,R. Oviedo,"['Aerial Fortress', 'Jockey']",,,,,
3990,Nathan Ngoumou,M,72,89,70,64,71,33,64,83,94,75,69,77,68,65,66,64,64,47,67,60,68,73,67,61,69,72,67,17,46,41,31,34,69,70,67,46,RM,2,3,Right,"183cm / 6'0""",74kg / 163lb,"['RW', 'LM']",25,Cameroon,Bundesliga,M'gladbach,['Rapid'],,,,,
4000,Thibault De Smet,M,72,66,52,64,68,68,72,63,68,55,46,68,58,26,37,72,53,33,72,62,59,65,61,69,71,73,65,67,69,66,71,70,71,80,68,73,LB,3,2,Left,"183cm / 6'0""",65kg / 143lb,['LM'],27,Belgium,Ligue 1,Paris FC,['Bruiser'],,,,,
4026,Kassoum Ouattara,M,72,77,44,65,69,66,68,76,78,58,41,55,40,35,36,71,59,35,71,62,58,68,68,74,68,70,69,65,59,63,70,69,72,75,65,65,LB,2,3,Left,"176cm / 5'9""",73kg / 161lb,['LM'],21,France,Ligue 1,Monaco,['Long Throw'],,,,,
4034,Cyril Ngonge,M,72,82,72,66,75,35,58,87,77,70,71,75,75,67,64,68,58,58,72,58,74,77,79,73,66,75,66,40,68,22,35,35,77,54,58,60,RM,3,4,Left,"179cm / 5'10""",67kg / 148lb,"['RW', 'CAM']",25,Belgium,Serie A,Torino,['Quick Step'],,,,,
4035,Daniel Elfadli,M,72,65,52,59,61,73,78,67,64,40,53,59,48,40,48,57,44,49,69,63,50,59,58,63,68,62,65,77,64,74,72,72,76,84,76,74,CB,2,2,Right,"188cm / 6'2""",78kg / 172lb,"['CDM', 'CM']",28,Libya,Bundesliga,Hamburger SV,"['Intercept', 'Long Ball Pass']",,,,,
4041,Odsonne Edouard,M,72,66,73,65,71,45,67,65,67,75,74,76,67,63,74,58,69,71,69,58,71,73,63,67,67,73,74,39,71,44,46,28,78,61,73,55,ST,4,4,Right,"187cm / 6'2""",83kg / 183lb,,27,France,Ligue 1,RC Lens,['Chip Shot'],,,,,
4046,Jim Allevinah,M,72,82,69,66,73,47,50,84,81,66,70,74,68,66,54,74,69,61,66,48,73,73,75,79,65,74,68,46,43,48,53,36,53,67,42,48,RM,4,3,Right,"172cm / 5'8""",70kg / 154lb,"['LM', 'RW']",30,Gabon,Ligue 1,Angers,['Rapid'],,,,,
4047,Rodrigo Gomes,M,72,79,67,64,75,52,50,79,79,70,73,69,61,45,56,60,65,41,70,64,56,75,82,76,74,73,66,54,52,54,49,51,57,63,42,52,RW,3,3,Right,"175cm / 5'9""",67kg / 148lb,"['LW', 'RM']",22,Portugal,Premier League,Wolves,[],,,,,
4048,Jordy Makengo,M,72,82,36,62,66,69,72,80,84,50,34,41,33,29,33,67,56,34,70,59,56,68,61,62,70,67,59,70,63,68,72,69,82,67,76,66,LB,3,2,Left,"190cm / 6'3""",79kg / 174lb,"['CB', 'LM']",24,France,Bundesliga,Freiburg,['Rapid'],,,,,
4050,Harrison Reed,M,72,53,60,71,68,71,63,55,52,65,59,67,63,40,49,72,69,61,73,71,65,67,62,70,73,71,70,74,53,72,74,72,61,43,66,82,CDM,3,2,Right,"176cm / 5'9""",74kg / 163lb,['CM'],30,England,Premier League,Fulham,['Slide Tackle'],,,,,
4057,Soumaila Coulibaly,M,72,85,36,54,65,69,77,82,87,29,30,56,35,29,30,34,38,25,73,72,36,61,79,54,65,68,65,71,71,66,71,66,90,69,81,76,CB,3,2,Left,"191cm / 6'3""",73kg / 161lb,,22,France,Ligue 1,Strasbourg,[],,,,,
4058,Junior Mwanga,M,72,63,50,62,68,71,72,64,63,56,51,50,49,43,52,38,72,32,73,68,45,67,61,63,70,72,73,71,69,69,73,69,74,76,71,67,CDM,3,2,Right,"184cm / 6'0""",80kg / 176lb,['CM'],22,France,Ligue 1,Nantes,[],,,,,
4060,Ally Samatta,M,72,75,70,62,68,37,73,73,76,75,70,76,67,69,60,60,61,57,67,52,65,67,70,70,68,69,66,28,74,34,34,33,83,69,75,69,ST,4,3,Right,"183cm / 6'0""",75kg / 165lb,,32,Tanzania,Ligue 1,Havre AC,[],,,,,
4064,Wilson Isidor,M,72,81,71,60,70,31,72,77,84,72,73,72,67,68,65,55,65,55,64,53,66,71,70,64,70,70,71,29,68,26,28,25,80,68,73,72,ST,3,3,Right,"186cm / 6'1""",74kg / 163lb,,25,France,Premier League,Sunderland,[],,,,,
4081,Saël Kumbedi,M,72,80,42,63,72,67,60,79,81,59,39,50,41,37,37,68,59,34,70,57,58,71,81,82,69,71,68,68,54,66,69,70,63,70,50,71,RB,3,2,Right,"175cm / 5'9""",63kg / 139lb,['RM'],20,France,Bundesliga,Wolfsburg,[],,,,,
4100,Iker Losada,M,72,72,70,72,73,39,56,72,72,71,70,72,70,65,68,73,72,75,72,68,71,73,77,83,72,73,65,46,64,43,28,21,70,55,58,50,CAM,3,3,Right,"175cm / 5'9""",70kg / 154lb,"['RM', 'CM']",24,Spain,LaLiga,Levante UD,['First Touch'],,,,,
4109,Lennard Maloney,M,72,62,44,56,60,75,84,55,67,40,42,49,45,39,46,48,45,42,67,63,44,59,56,62,69,60,67,76,70,74,75,76,77,82,84,87,CDM,2,2,Right,"187cm / 6'2""",88kg / 194lb,['CM'],26,United States,Bundesliga,Mainz,"['Bruiser', 'Jockey', 'Relentless']",,,,,
4120,Keinan Davis,M,72,64,71,56,72,40,76,61,66,72,73,80,63,64,60,50,58,40,64,50,49,74,65,65,67,73,70,39,74,36,38,23,82,60,81,80,ST,2,3,Right,"189cm / 6'2""",68kg / 150lb,,27,England,Serie A,Udinese,['Press Proven'],,,,,
4121,Eray Cömert,M,72,66,49,61,55,72,76,61,70,33,30,76,67,41,55,49,59,59,69,67,48,41,68,67,71,67,62,70,74,71,73,70,80,75,77,75,CB,4,2,Right,"183cm / 6'0""",80kg / 176lb,,27,Switzerland,LaLiga,Valencia,"['Intercept', 'Jockey']",,,,,
4129,Luka Vušković,M,72,58,59,57,58,70,77,53,62,49,58,76,55,39,50,36,42,51,74,73,35,59,34,43,64,68,53,68,81,66,73,69,86,67,85,69,CB,3,2,Right,"193cm / 6'4""",86kg / 190lb,,18,Croatia,Bundesliga,Hamburger SV,"['Aerial Fortress', 'Long Ball Pass', 'Precision Header']",,,,,
4141,Willem Geubbels,M,72,79,72,60,72,27,67,77,81,72,75,73,63,72,74,54,63,46,68,53,57,74,72,66,68,72,70,21,62,27,21,19,76,73,70,50,ST,3,3,Right,"185cm / 6'1""",81kg / 179lb,,24,France,Ligue 1,Paris FC,"['Acrobatic', 'Gamechanger', 'Low Driven Shot', 'Rapid']",,,,,
4143,Cheikh Sabaly,M,72,86,72,66,76,25,52,84,88,75,75,73,68,63,63,66,67,48,71,63,59,74,90,91,69,73,68,19,59,16,25,26,67,66,49,37,ST,3,3,Right,"168cm / 5'6""",56kg / 123lb,"['LM', 'CAM']",26,Senegal,Ligue 1,FC Metz,"['Press Proven', 'Quick Step']",,,,,
4145,Haissem Hassan,M,72,91,63,61,79,26,57,92,90,65,63,66,59,55,64,66,61,50,63,54,62,80,92,87,66,74,70,20,40,21,31,25,65,68,59,36,RM,3,3,Left,"178cm / 5'10""",71kg / 157lb,['RW'],23,France,LaLiga,R. Oviedo,['Quick Step'],,,,,
4147,Fran Pérez,M,72,72,68,69,74,39,55,71,72,70,66,67,73,66,66,69,67,62,72,68,63,76,76,67,70,73,59,42,30,47,35,31,52,66,55,40,RM,4,4,Right,"176cm / 5'9""",67kg / 148lb,"['LM', 'RW']",23,Spain,LaLiga,Vallecano,[],,,,,
4150,Ibrahim Osman,M,72,90,64,62,76,28,57,92,89,70,65,69,57,63,53,61,61,38,67,59,65,77,85,76,66,75,63,29,52,28,20,22,69,65,53,56,LM,2,3,Right,"178cm / 5'10""",63kg / 139lb,"['RM', 'LW']",20,Ghana,Ligue 1,Auxerre,"['Quick Step', 'Rapid']",,,,,
4151,Samuel Mbangula,M,72,78,69,66,74,34,55,75,80,69,69,73,67,71,65,70,61,69,68,60,70,76,70,75,68,75,61,26,59,33,33,35,61,73,46,55,LM,3,3,Right,"179cm / 5'10""",65kg / 143lb,['LW'],21,Belgium,Bundesliga,Werder Bremen,[],,,,,
4157,Rayan Philippe,M,72,90,69,56,73,22,66,88,92,72,71,74,60,60,72,53,59,36,65,43,51,75,74,74,72,72,68,20,62,15,17,22,79,84,67,39,ST,2,3,Left,"182cm / 6'0""",78kg / 172lb,['CAM'],25,France,Bundesliga,Hamburger SV,['Low Driven Shot'],,,,,
4162,Pontus Almqvist,M,72,84,67,62,75,38,49,85,84,76,72,69,59,62,49,61,60,39,66,63,72,76,80,73,68,75,66,39,62,33,35,39,68,54,45,48,RM,4,4,Left,"183cm / 6'0""",67kg / 148lb,['RW'],26,Sweden,Serie A,Parma,[],,,,,
4165,Elias Saad,M,72,74,67,67,77,31,59,82,67,68,72,69,59,60,55,64,71,42,73,63,63,79,86,83,68,73,70,25,42,28,33,36,62,69,59,45,LW,3,5,Right,"185cm / 6'1""",72kg / 159lb,"['LM', 'CAM']",25,Tunisia,Bundesliga,Augsburg,"['Finesse Shot', 'Inventive', 'Tiki Taka', 'Trickster']",,,,,
4168,Jonas Meffert,M,72,51,48,64,66,70,75,53,49,43,42,57,55,46,51,52,66,40,73,70,49,64,63,65,65,70,65,69,64,72,72,69,70,77,75,74,CDM,4,2,Right,"186cm / 6'1""",76kg / 168lb,['CM'],31,Germany,Bundesliga,Hamburger SV,[],,,,,
4172,Bence Dárdai,M,72,66,62,69,75,44,58,65,66,64,66,59,54,58,63,56,74,62,76,69,64,75,73,73,73,78,69,44,57,40,46,39,63,66,57,50,CAM,3,3,Right,"189cm / 6'2""",71kg / 157lb,['CM'],19,Hungary,Bundesliga,Wolfsburg,[],,,,,
4178,Luca Waldschmidt,M,72,68,75,68,74,29,59,73,63,70,71,81,78,74,81,64,72,63,69,65,75,75,77,76,69,74,70,28,56,33,19,18,68,67,61,44,CAM,3,3,Left,"181cm / 5'11""",74kg / 163lb,"['ST', 'CM']",29,Germany,Bundesliga,1. FC Köln,['Finesse Shot'],,,,,
4185,Kevin Carlos,M,72,66,73,52,71,27,83,64,67,74,75,75,69,68,57,37,60,46,62,44,38,70,67,73,57,78,55,20,76,22,21,26,89,75,91,69,ST,3,2,Right,"186cm / 6'1""",98kg / 216lb,,24,Spain,Ligue 1,Nice,"['Enforcer', 'Finesse Shot', 'Low Driven Shot', 'Precision Header']",,,,,
4186,Federico Viñas,M,72,73,72,56,70,25,76,71,74,73,71,77,69,72,73,41,58,54,65,56,55,68,67,77,72,72,72,20,71,14,22,26,85,71,81,68,ST,3,3,Left,"181cm / 5'11""",80kg / 176lb,,27,Uruguay,LaLiga,R. Oviedo,['Precision Header'],,,,,
4188,Luca Koleosho,M,72,91,63,63,74,30,51,92,91,66,64,66,62,56,51,66,67,47,64,56,65,75,86,79,66,72,61,26,49,29,30,26,59,67,40,56,LM,4,3,Right,"175cm / 5'9""",67kg / 148lb,"['RM', 'LW']",21,Italy,LaLiga,Espanol,"['Quick Step', 'Rapid']",,,,,
4193,Federico Ceccherini,M,72,62,48,56,61,73,71,63,62,41,41,70,49,36,32,54,51,31,64,58,42,58,64,62,68,62,67,74,68,74,73,72,74,61,73,76,CB,4,2,Right,"187cm / 6'2""",75kg / 165lb,,33,Italy,Serie A,Monza,['Slide Tackle'],,,,,
4196,Urko González,M,72,56,45,64,66,70,70,52,60,55,40,56,50,24,40,44,69,42,75,73,50,66,59,53,70,69,67,71,71,72,69,68,74,60,75,70,CDM,3,2,Right,"189cm / 6'2""",83kg / 183lb,"['CB', 'CM']",24,Spain,LaLiga,Espanol,[],,,,,
4198,Valentín Carboni,M,72,61,70,73,73,46,48,60,62,70,70,73,67,71,65,68,72,70,76,72,73,75,63,66,75,75,70,33,67,47,50,37,59,42,46,60,CAM,3,3,Left,"185cm / 6'1""",78kg / 172lb,"['ST', 'CM']",20,Argentina,Serie A,Genoa,[],,,,,
4203,Pablo Ibáñez,M,72,51,59,68,69,66,57,51,51,70,63,53,60,34,51,54,72,58,77,69,51,69,59,69,70,75,59,70,53,64,69,65,52,73,50,57,CM,3,2,Right,"179cm / 5'10""",74kg / 163lb,['CDM'],27,Spain,LaLiga,Alaves,['Aerial Fortress'],,,,,
4205,Stefanos Tzimas,M,72,76,70,52,69,31,72,79,74,76,72,72,65,63,59,34,49,40,65,51,59,69,69,67,67,71,68,28,71,25,27,26,86,69,76,63,ST,3,3,Right,"186cm / 6'1""",78kg / 172lb,,19,Greece,Premier League,Brighton,[],,,,,
4206,Finn Jeltsch,M,72,69,38,56,62,73,72,63,73,41,33,53,34,29,48,44,54,33,67,64,42,59,59,65,69,65,64,70,69,70,78,75,75,67,75,71,CB,4,2,Right,"187cm / 6'2""",86kg / 190lb,,19,Germany,Bundesliga,Stuttgart,[],,,,,
4211,Julien Duranville,M,72,88,61,63,82,26,49,90,86,64,61,64,63,51,48,64,59,55,67,59,63,87,91,90,69,74,63,23,33,21,28,30,56,55,47,43,RM,3,5,Right,"170cm / 5'7""",67kg / 148lb,"['LM', 'ST', 'RW']",19,Belgium,Bundesliga,Dortmund,"['Quick Step', 'Technical', 'Trickster']",,,,,
4214,Abakar Sylla,M,72,67,30,56,68,71,77,65,68,34,19,58,25,22,42,40,51,28,69,63,48,67,70,72,69,68,72,69,75,68,73,72,82,71,78,79,CB,3,2,Left,"188cm / 6'2""",79kg / 174lb,,22,Côte d'Ivoire,Ligue 1,Strasbourg,['Precision Header'],,,,,
4215,Rémy Labeau Lascary,M,72,76,71,63,71,28,60,75,77,73,73,69,68,66,69,66,68,54,69,45,58,74,57,60,71,74,71,20,70,25,23,23,75,63,62,46,ST,3,3,Right,"184cm / 6'0""",72kg / 159lb,"['RW', 'RM']",22,France,Ligue 1,Brest,[],,,,,
4223,Jesurun Rak-Sakyi,M,72,84,68,65,76,24,51,82,85,71,69,70,68,62,61,67,67,58,67,56,69,77,81,84,64,73,73,21,42,22,22,21,56,66,49,35,RW,4,3,Left,"178cm / 5'10""",73kg / 161lb,['RM'],23,England,Premier League,Crystal Palace,[],,,,,
4226,Armando Broja,M,72,69,72,54,71,30,71,61,76,74,73,79,63,65,73,47,57,40,62,43,52,74,64,63,68,72,70,20,70,20,35,20,76,59,78,65,ST,3,3,Right,"191cm / 6'3""",83kg / 183lb,,24,Albania,Premier League,Burnley,[],,,,,
4228,Habib Diallo,M,72,71,71,59,68,22,75,69,73,71,70,76,68,70,77,51,61,49,71,46,57,67,66,69,66,71,61,19,77,13,17,17,87,71,81,60,ST,3,3,Right,"186cm / 6'1""",79kg / 174lb,,30,Senegal,Ligue 1,FC Metz,['Aerial Fortress'],,,,,
4230,Budu Zivzivadze,M,72,64,71,58,66,35,72,62,65,74,75,75,62,68,61,48,62,40,67,52,64,65,52,62,72,71,71,26,73,32,34,26,80,66,78,62,ST,4,2,Right,"189cm / 6'2""",85kg / 187lb,,31,Georgia,Bundesliga,Heidenheim,"['Enforcer', 'Low Driven Shot']",,,,,
4231,Giorgi Tsitaishvili,M,72,86,61,64,75,33,47,90,83,66,64,57,62,40,54,66,68,37,68,60,56,75,88,91,61,73,64,29,32,32,35,37,49,70,32,55,RM,4,4,Left,"171cm / 5'7""",63kg / 139lb,['RW'],25,Georgia,Ligue 1,FC Metz,"['Low Driven Shot', 'Quick Step', 'Rapid']",,,,,
4233,Oscar Bobb,M,72,79,65,71,77,33,41,84,74,64,66,66,65,55,63,66,72,58,74,72,69,79,81,80,63,76,73,24,48,32,34,31,46,50,34,44,RW,3,4,Left,"174cm / 5'9""",70kg / 154lb,"['LW', 'RM']",22,Norway,Premier League,Man City,['Technical'],,,,,
4238,Frank Magri,M,72,77,72,59,73,21,63,78,77,70,74,73,69,69,68,52,58,55,70,46,59,73,73,74,65,75,66,14,68,15,19,16,78,72,69,34,ST,3,2,Right,"178cm / 5'10""",75kg / 165lb,,26,Cameroon,Ligue 1,Toulouse,[],,,,,
4239,George Ilenikhena,M,72,79,71,56,71,26,62,76,81,73,74,72,65,65,68,42,55,45,66,54,59,70,76,65,68,71,70,17,70,16,28,26,81,62,73,28,ST,3,3,Left,"185cm / 6'1""",76kg / 168lb,,19,Nigeria,Ligue 1,Monaco,[],,,,,
4241,Tanguy Nianzou,M,72,62,37,56,63,71,75,55,68,36,32,57,25,37,42,37,53,30,71,66,40,63,53,58,65,67,65,71,72,71,71,71,78,67,79,75,CB,3,2,Right,"191cm / 6'3""",83kg / 183lb,,23,France,LaLiga,Sevilla,"['Anticipate', 'Jockey']",,,,,
4242,Jay Idzes,M,72,49,46,60,59,72,78,62,38,50,39,65,42,47,47,51,53,49,71,65,44,55,55,57,67,65,61,68,77,70,74,73,83,84,77,72,CB,3,2,Right,"190cm / 6'3""",82kg / 181lb,,25,Indonesia,Serie A,Empoli,['Block'],,,,,
4245,Andrej Ilić,M,72,71,70,51,65,30,77,70,71,73,73,74,60,63,62,38,56,37,62,45,46,65,53,50,71,69,65,21,78,25,30,18,88,65,83,74,ST,3,2,Right,"189cm / 6'2""",86kg / 190lb,,25,Serbia,Bundesliga,Union Berlin,[],,,,,
4248,Issa Soumaré,M,72,83,65,63,74,20,58,83,83,68,67,60,64,55,68,67,67,40,69,52,49,74,78,79,69,72,68,16,72,17,12,12,82,69,62,30,LM,2,3,Right,"182cm / 6'0""",78kg / 172lb,"['ST', 'LW']",25,Senegal,Ligue 1,Havre AC,"['Aerial Fortress', 'Precision Header', 'Rapid']",,,,,
4255,Maxim Leitsch,M,72,72,37,57,58,74,62,77,68,44,29,56,35,30,39,59,40,35,69,61,44,57,58,58,74,54,65,74,71,75,75,74,76,36,72,67,CB,2,2,Left,"189cm / 6'2""",83kg / 183lb,,27,Germany,Bundesliga,Mainz,[],,,,,
4256,Christian Kabasele,M,72,52,50,51,58,73,75,52,52,50,49,57,44,52,53,46,40,27,64,58,34,54,46,55,71,64,64,73,70,74,74,72,72,71,76,76,CB,3,2,Right,"187cm / 6'2""",84kg / 185lb,,34,Belgium,Serie A,Udinese,[],,,,,
4264,Moustapha Mbow,M,72,62,36,52,60,72,76,61,63,24,36,52,24,29,39,23,44,32,71,69,38,59,43,44,70,66,65,71,71,74,73,67,81,72,82,65,CB,2,2,Right,"192cm / 6'4""",82kg / 181lb,,25,Senegal,Ligue 1,Paris FC,"['Intercept', 'Long Ball Pass', 'Slide Tackle']",,,,,
4265,Tim Siersleben,M,72,66,42,49,55,73,73,59,72,26,40,57,41,27,43,48,40,30,61,48,27,51,55,60,70,57,60,72,70,74,75,71,85,56,81,71,CB,1,2,Left,"187cm / 6'2""",84kg / 185lb,,25,Germany,Bundesliga,Heidenheim,[],,,,,
4267,Willy Kambwala,M,72,66,30,56,64,71,71,62,70,42,25,46,21,28,30,48,47,22,69,62,47,63,63,52,64,68,66,69,70,71,74,71,77,56,78,72,CB,3,2,Right,"192cm / 6'4""",85kg / 187lb,,21,France,LaLiga,Villarreal,[],,,,,
4269,Yerson Mosquera,M,72,80,30,50,52,71,73,76,83,35,20,45,35,31,37,35,45,29,65,54,40,41,57,55,68,63,65,70,70,70,72,71,83,61,78,75,CB,3,2,Right,"188cm / 6'2""",84kg / 185lb,['RB'],24,Colombia,Premier League,Wolves,[],,,,,
4270,Kota Takai,M,72,66,32,55,62,72,69,64,68,35,28,41,30,33,35,39,57,28,67,60,40,65,51,54,70,62,66,71,74,72,73,71,81,55,76,68,CB,3,2,Right,"192cm / 6'4""",90kg / 198lb,,21,Japan,Premier League,Tottenham,[],,,,,
4276,Ameen Al Dakhil,M,72,68,27,51,62,72,74,69,68,15,22,41,24,25,32,27,47,16,68,66,29,59,58,60,69,65,70,71,72,72,73,71,81,68,76,74,CB,3,2,Right,"188cm / 6'2""",81kg / 179lb,,23,Belgium,Bundesliga,Stuttgart,[],,,,,
4280,Chadi Riad,M,72,60,32,57,61,71,72,56,64,28,27,42,32,34,46,42,41,28,75,65,65,57,60,58,67,68,54,68,73,69,75,73,78,59,78,74,CB,3,2,Left,"190cm / 6'3""",78kg / 172lb,,22,Morocco,Premier League,Crystal Palace,[],,,,,
4295,Hjalmar Ekdal,M,72,53,33,53,63,72,76,49,56,37,30,43,28,36,28,29,55,26,67,64,28,59,69,55,70,64,72,70,70,72,73,71,74,67,81,74,CB,2,2,Right,"188cm / 6'2""",76kg / 168lb,,27,Sweden,Premier League,Burnley,[],,,,,
4311,Nikola Štulić,M,72,54,76,57,66,25,70,41,64,76,80,77,68,73,68,58,54,59,65,44,50,65,64,41,72,70,68,21,73,12,28,19,72,63,76,63,ST,3,2,Right,"188cm / 6'2""",80kg / 176lb,,24,Serbia,Serie A,Lecce,[],,,,,
4314,Mattia Viti,M,72,66,35,50,53,74,69,63,68,31,26,56,32,33,40,35,39,29,67,57,42,45,52,53,68,60,63,72,75,74,75,72,76,67,69,68,CB,3,2,Left,"190cm / 6'3""",82kg / 181lb,,23,Italy,Serie A,Fiorentina,"['Bruiser', 'Intercept']",,,,,
4320,Abdulai Juma Bah,M,72,66,25,53,53,73,75,58,73,29,19,39,19,26,34,46,48,23,65,56,33,47,45,49,70,59,67,73,72,72,75,68,80,66,81,71,CB,2,2,Right,"195cm / 6'5""",82kg / 181lb,,19,Sierra Leone,Ligue 1,Nice,[],,,,,
4322,Thomas Kristensen,M,72,62,26,50,58,73,76,60,64,28,24,30,24,26,30,30,45,29,65,60,26,58,35,52,66,64,66,73,71,74,74,70,79,71,78,74,CB,3,2,Right,"198cm / 6'6""",85kg / 187lb,,23,Denmark,Serie A,Udinese,[],,,,,
4323,Yoel Lago,M,72,62,27,56,56,72,71,56,66,22,25,38,18,22,45,49,49,22,70,60,33,48,52,58,71,65,68,72,72,70,75,72,76,64,75,66,CB,3,2,Right,"185cm / 6'1""",70kg / 154lb,,21,Spain,LaLiga,Celta,[],,,,,
4325,Armel Bella-Kotchap,M,72,72,25,50,50,72,75,64,78,29,20,40,20,24,33,31,46,22,66,64,22,39,55,61,70,60,57,72,71,71,73,71,76,59,87,66,CB,4,2,Right,"190cm / 6'3""",87kg / 192lb,,23,Germany,Serie A,Verona,[],,,,,
4330,Edoardo Goldaniga,M,72,53,34,50,56,74,76,51,55,28,26,50,38,26,38,44,37,33,61,58,38,50,65,51,71,58,66,73,72,75,74,71,76,74,77,75,CB,3,2,Right,"193cm / 6'4""",79kg / 174lb,,32,Italy,Serie A,Como,['Long Ball Pass'],,,,,
4335,Daniele Ghilardi,M,72,58,41,47,50,74,71,52,62,30,48,45,29,28,42,33,39,30,61,53,33,43,42,57,71,57,52,73,75,74,75,72,74,71,72,67,CB,2,2,Right,"189cm / 6'2""",80kg / 176lb,,22,Italy,Serie A,Roma,[],,,,,
4343,Étienne Youté Kinkoué,M,72,55,31,50,47,70,80,51,59,31,29,43,22,34,38,29,46,27,65,57,52,36,53,40,69,56,65,69,69,68,74,70,77,63,90,75,CB,3,2,Right,"195cm / 6'5""",91kg / 201lb,,23,France,Ligue 1,Havre AC,['Intercept'],,,,,
4402,Nahuel Estévez,M,71,68,70,73,73,66,64,70,66,65,70,74,67,68,66,72,71,75,75,74,70,72,79,69,67,74,68,66,60,67,69,64,66,69,58,74,CDM,3,3,Right,"181cm / 5'11""",77kg / 170lb,['CM'],30,Argentina,Serie A,Parma,[],,,,,
4410,Alieu Fadera,M,71,82,64,64,76,58,69,80,83,63,64,70,62,55,51,66,65,47,67,58,66,77,83,73,64,76,69,49,53,58,65,57,71,70,67,72,LM,4,3,Right,"182cm / 6'0""",80kg / 176lb,['LW'],24,Gambia,Serie A,Empoli,[],,,,,
4412,Óscar Trejo,M,71,58,71,73,71,68,71,51,64,72,71,71,72,68,75,72,75,73,73,70,70,70,73,78,69,71,73,68,65,66,71,68,68,70,72,68,CAM,4,3,Right,"180cm / 5'11""",79kg / 174lb,"['ST', 'CM']",37,Argentina,LaLiga,Vallecano,"['Gamechanger', 'Inventive', 'Tiki Taka']",,,,,
4421,Idrissa Touré,M,71,72,62,68,71,62,77,74,71,65,64,68,58,50,45,68,70,57,72,62,58,69,79,61,70,72,68,62,70,58,64,60,81,83,77,69,RM,3,3,Right,"188cm / 6'2""",76kg / 168lb,['RB'],27,Germany,Serie A,Pisa,['Bruiser'],,,,,
4429,Stefano Moreo,M,71,77,70,66,70,47,81,69,83,72,70,74,66,64,64,58,71,52,72,62,55,70,69,56,70,74,70,46,72,40,51,33,85,84,84,69,CAM,3,3,Right,"191cm / 6'3""",85kg / 187lb,"['ST', 'CM']",32,Italy,Serie A,Pisa,"['Enforcer', 'Incisive Pass', 'Press Proven', 'Quick Step']",,,,,
4435,Charles Pickel,M,71,63,63,68,69,67,80,65,62,65,61,65,65,61,59,60,72,50,74,70,59,68,67,67,71,70,70,68,70,66,68,66,79,86,81,71,CM,3,3,Right,"187cm / 6'2""",76kg / 168lb,['CAM'],28,Congo DR,LaLiga,Espanol,[],,,,,
4436,Dennis Johnsen,M,71,92,70,67,73,39,69,92,92,74,72,73,64,69,55,70,67,54,69,63,66,72,85,73,70,71,71,40,50,40,35,33,78,77,73,48,ST,3,4,Right,"185cm / 6'1""",75kg / 165lb,"['LW', 'CAM']",27,Norway,Serie A,Monza,"['Quick Step', 'Rapid']",,,,,
4440,Fali Candé,M,71,80,56,62,65,71,76,79,81,58,52,68,59,40,44,60,56,71,65,57,69,65,71,62,69,63,70,71,69,72,72,67,81,85,73,69,CB,2,2,Left,"184cm / 6'0""",82kg / 181lb,,27,Guinea-Bissau,Serie A,Empoli,['Slide Tackle'],,,,,
4450,Unai Vencedor,M,71,62,67,70,70,67,73,71,55,66,65,73,75,56,49,65,69,81,71,70,78,67,77,81,68,70,69,69,54,68,70,68,71,77,74,66,CDM,4,3,Right,"176cm / 5'9""",71kg / 157lb,['CM'],25,Spain,LaLiga,Levante UD,[],,,,,
4452,Filippo Terracciano,M,71,79,60,71,70,67,62,81,78,57,56,69,65,54,57,75,67,65,72,67,73,73,70,68,62,71,54,66,61,64,71,68,75,65,60,61,LB,4,3,Right,"186cm / 6'1""",68kg / 150lb,['RB'],22,Italy,Serie A,Monza,[],,,,,
4457,Calvin Verdonk,M,71,76,58,66,66,68,74,74,78,45,49,78,63,50,58,63,66,69,67,64,74,64,70,80,66,66,70,67,63,66,69,74,78,67,75,77,LB,2,2,Left,"174cm / 5'9""",69kg / 152lb,"['CB', 'LM']",28,Indonesia,Ligue 1,Lille,"['Block', 'Long Ball Pass']",,,,,
4465,Yehor Yarmoliuk,M,71,66,65,70,72,67,68,68,65,67,64,69,65,52,60,64,72,63,74,72,68,75,62,69,70,73,71,70,58,66,70,68,68,68,68,70,CM,3,3,Right,"180cm / 5'11""",72kg / 159lb,['CDM'],21,Ukraine,Premier League,Brentford,[],,,,,
4467,Giuseppe Pezzella,M,71,68,62,68,69,68,72,67,69,69,61,73,59,39,45,75,60,44,72,67,70,71,62,62,74,70,63,66,65,66,72,67,71,80,67,74,LM,3,3,Left,"187cm / 6'2""",81kg / 179lb,['LB'],27,Italy,Serie A,Monza,[],,,,,
4473,Justin Devenny,M,71,65,67,72,71,63,68,64,66,69,66,72,67,56,63,70,72,70,73,72,73,71,67,66,70,72,72,64,54,57,70,62,64,69,67,72,CM,3,3,Left,"184cm / 6'0""",80kg / 176lb,['CAM'],22,Northern Ireland,Premier League,Crystal Palace,[],,,,,
4482,Olivier Deman,M,71,64,63,69,71,66,73,73,57,67,61,71,63,60,45,72,71,58,70,63,63,71,77,68,71,72,63,67,68,65,64,66,75,87,66,72,LB,3,3,Left,"181cm / 5'11""",70kg / 154lb,"['LM', 'LW']",25,Belgium,Bundesliga,Werder Bremen,[],,,,,
4489,Lorenzo De Silvestri,M,71,61,65,70,66,69,74,54,67,75,62,72,68,58,52,74,65,59,74,70,66,64,65,57,69,68,72,66,74,69,67,71,78,66,79,70,RB,3,2,Right,"187cm / 6'2""",92kg / 203lb,['RM'],37,Italy,Serie A,Bologna,[],,,,,
4498,Jean Onana,M,71,54,66,68,70,70,77,53,54,64,61,77,68,64,54,59,72,50,73,74,59,73,56,55,67,74,72,72,68,69,70,66,75,64,83,77,CM,3,3,Right,"189cm / 6'2""",85kg / 187lb,['CDM'],25,Cameroon,Serie A,Genoa,['Enforcer'],,,,,
4499,Isaac Schmidt,M,71,86,54,59,74,66,66,87,86,59,55,58,47,55,52,60,61,36,64,50,54,73,86,87,64,72,65,65,54,66,69,68,72,80,60,62,LB,2,3,Right,"172cm / 5'8""",68kg / 150lb,"['RB', 'LM']",25,Switzerland,Bundesliga,Werder Bremen,"['Jockey', 'Rapid']",,,,,
4500,Zito Luvumbo,M,71,86,69,64,76,44,66,89,83,68,71,74,65,66,60,70,64,45,67,50,71,78,89,82,70,70,64,45,61,40,42,40,77,71,60,73,ST,2,3,Left,"174cm / 5'9""",76kg / 168lb,"['LM', 'CAM']",23,Angola,Serie A,Cagliari,['Quick Step'],,,,,
4504,Ibrahim Sulemana,M,71,71,62,64,68,70,70,75,67,60,55,77,65,59,53,58,63,49,70,68,56,66,74,75,72,68,66,73,61,69,71,73,73,69,66,78,CDM,3,2,Right,"180cm / 5'11""",78kg / 172lb,['CM'],22,Ghana,Serie A,Bologna,[],,,,,
4506,Lennon Miller,M,71,73,64,71,68,62,67,70,75,66,60,73,65,57,65,67,75,67,72,74,67,65,64,68,70,71,73,68,59,62,61,59,67,77,62,66,CM,4,2,Right,"182cm / 6'0""",72kg / 159lb,"['CDM', 'CAM', 'CB']",19,Scotland,Serie A,Udinese,"['Aerial Fortress', 'Incisive Pass', 'Intercept']",,,,,
4512,Kristoffer Lund,M,71,87,54,65,66,63,69,82,91,62,50,60,59,50,48,64,63,55,70,63,66,65,76,73,68,65,60,64,59,62,65,63,74,87,63,61,LB,3,3,Left,"185cm / 6'1""",73kg / 161lb,['LM'],23,United States,Bundesliga,1. FC Köln,"['Block', 'Quick Step', 'Rapid', 'Whipped Pass']",,,,,
4529,Pere Milla,M,71,72,71,70,71,51,67,70,73,71,70,75,72,64,72,72,70,65,72,67,68,72,74,64,70,72,65,54,71,45,54,34,75,79,63,60,ST,3,3,Left,"184cm / 6'0""",72kg / 159lb,"['LM', 'LB', 'CAM']",33,Spain,LaLiga,Espanol,"['Finesse Shot', 'First Touch', 'Power Shot', 'Rapid']",,,,,
4535,Aiyegun Tosin,M,71,88,71,60,71,38,74,87,88,71,70,73,72,67,67,62,60,48,62,58,61,71,83,74,72,68,68,37,63,31,37,38,83,74,73,73,ST,4,3,Right,"179cm / 5'10""",75kg / 165lb,,27,Benin,Ligue 1,FC Lorient,['Rapid'],,,,,
4542,Ignace Van der Brempt,M,71,73,57,65,68,67,71,74,73,68,59,62,48,48,43,69,66,38,68,65,52,68,69,61,67,72,59,65,56,67,72,70,72,73,70,73,RB,3,3,Right,"187cm / 6'2""",76kg / 168lb,['RM'],23,Belgium,Serie A,Como,['Slide Tackle'],,,,,
4549,Matteo Prati,M,71,61,66,71,71,67,65,59,62,68,60,74,71,67,56,68,72,59,75,72,69,70,69,64,70,75,72,70,66,66,68,66,68,68,64,63,CDM,3,3,Right,"185cm / 6'1""",77kg / 170lb,['CM'],21,Italy,Serie A,Cagliari,[],,,,,
4558,Domagoj Bradarić,M,71,74,57,68,71,67,63,76,72,68,53,65,61,53,43,70,65,38,73,67,67,71,73,73,69,70,67,67,62,68,67,68,70,72,55,72,LB,3,3,Left,"178cm / 5'10""",69kg / 152lb,['LM'],25,Croatia,Serie A,Verona,['Long Throw'],,,,,
4582,Thomas Delaine,M,71,72,50,69,71,67,69,68,75,70,45,62,51,35,45,69,70,45,72,69,68,72,70,66,70,70,67,67,64,66,69,67,71,67,69,72,LB,5,2,Left,"180cm / 5'11""",75kg / 165lb,['LM'],33,France,Ligue 1,Havre AC,"['Rapid', 'Slide Tackle']",,,,,
4586,Youssef Maleh,M,71,59,65,73,72,66,63,66,53,72,65,68,57,70,64,70,72,63,76,72,76,70,74,74,69,73,73,68,51,68,68,66,59,75,56,68,CM,3,3,Left,"177cm / 5'10""",74kg / 163lb,,27,Morocco,Serie A,Lecce,[],,,,,
4588,Oier Zarraga,M,71,69,61,71,74,63,60,74,65,68,62,60,64,48,54,65,72,55,77,72,65,73,79,81,68,74,72,64,58,60,68,60,67,63,58,58,CM,3,3,Right,"175cm / 5'9""",76kg / 168lb,,26,Spain,Serie A,Udinese,[],,,,,
4601,Marco Brescianini,M,71,56,68,66,69,66,72,58,55,70,68,72,72,45,54,54,70,54,73,72,50,71,55,54,71,74,69,67,65,66,68,61,71,69,73,73,CM,3,2,Left,"188cm / 6'2""",80kg / 176lb,['CAM'],25,Italy,Serie A,Bergamo Calcio,[],,,,,
4604,Arthur Avom Ebong,M,71,70,54,66,74,64,68,71,69,68,52,58,55,48,39,59,67,42,74,69,54,72,72,75,66,78,71,64,55,58,73,67,68,81,63,64,CM,2,3,Right,"173cm / 5'8""",68kg / 150lb,,20,Cameroon,Ligue 1,FC Lorient,[],,,,,
4606,Mattia Felici,M,71,85,65,65,74,48,59,84,86,67,64,71,65,58,60,68,65,54,66,57,72,74,85,71,67,72,64,52,47,45,48,46,62,65,51,69,LM,3,3,Right,"181cm / 5'11""",70kg / 154lb,"['LB', 'LW']",24,Italy,Serie A,Cagliari,['Rapid'],,,,,
4607,Isak Jansson,M,71,85,67,60,75,41,68,87,84,68,72,62,64,59,53,61,63,45,64,55,37,76,84,84,63,74,63,38,58,36,43,42,76,84,63,60,LW,3,3,Right,"174cm / 5'9""",71kg / 157lb,"['ST', 'CAM', 'LM']",23,Sweden,Ligue 1,Nice,"['Long Throw', 'Low Driven Shot', 'Quick Step', 'Technical']",,,,,
4616,Daniel Bentley,M,71,71,67,69,72,46,70,48,43,12,11,52,13,13,22,18,50,12,43,26,12,17,51,41,69,30,55,22,11,30,11,13,64,31,67,24,GK,3,1,Right,"188cm / 6'2""",73kg / 161lb,,32,England,Premier League,Wolves,[],71.0,67.0,69.0,70.0,72.0
4626,Nicholas Pierini,M,71,87,70,65,75,39,59,89,85,69,70,74,69,64,58,62,68,64,68,60,68,74,81,81,70,76,66,38,58,30,43,38,74,66,57,51,ST,3,3,Right,"176cm / 5'9""",70kg / 154lb,"['RW', 'LW', 'CAM']",27,Italy,Serie A,Empoli,"['Quick Step', 'Rapid']",,,,,
4628,Boubacar Traoré,M,71,66,53,68,71,66,71,65,67,62,45,68,56,44,52,58,69,47,75,73,52,70,71,68,68,72,70,66,57,64,69,68,70,63,73,75,CDM,2,2,Right,"183cm / 6'0""",67kg / 148lb,"['CM', 'CB']",24,Mali,Ligue 1,FC Metz,[],,,,,
4629,Yuito Suzuki,M,71,83,68,65,74,48,57,84,83,69,69,72,68,57,52,62,66,58,68,66,61,73,83,81,67,72,68,49,46,45,50,48,59,81,45,56,CAM,4,3,Right,"175cm / 5'9""",66kg / 146lb,['ST'],24,Japan,Bundesliga,Freiburg,"['Dead Ball', 'Quick Step']",,,,,
4631,Sota Kawasaki,M,71,71,62,64,75,61,62,79,65,69,63,64,59,53,52,43,67,59,73,71,60,74,81,82,72,75,72,64,59,64,56,58,67,83,52,59,CM,4,3,Right,"172cm / 5'8""",68kg / 150lb,"['CDM', 'CAM']",24,Japan,Bundesliga,Mainz,['Relentless'],,,,,
4633,Jhon Solís,M,71,60,62,64,66,68,75,59,61,65,62,66,61,50,55,53,65,44,72,68,50,69,51,53,70,69,60,70,62,68,70,66,73,78,76,68,CDM,3,3,Right,"189cm / 6'2""",80kg / 176lb,['CM'],21,Colombia,LaLiga,Girona,"['Block', 'Intercept']",,,,,
4645,Ransford-Yeboah Königsdörffer,M,71,81,69,64,74,42,64,85,77,69,72,70,66,60,60,61,67,42,68,59,63,74,81,80,69,73,66,40,68,37,42,35,79,74,64,48,ST,3,3,Right,"182cm / 6'0""",78kg / 172lb,"['CAM', 'RW', 'CM']",24,Ghana,Bundesliga,Hamburger SV,"['Acrobatic', 'Rapid']",,,,,
4646,Josué Casimir,M,71,82,68,63,71,43,67,80,84,69,70,68,67,62,61,67,64,56,69,49,58,72,68,73,70,72,67,45,63,41,39,37,77,75,68,51,RM,3,3,Right,"180cm / 5'11""",72kg / 159lb,"['ST', 'RW']",24,France,Ligue 1,Auxerre,[],,,,,
4649,Martijn Kaars,M,71,82,71,65,70,35,71,78,85,75,74,70,67,59,63,70,68,58,66,55,70,68,69,66,70,72,73,52,62,28,25,29,74,94,62,65,ST,3,3,Right,"183cm / 6'0""",73kg / 161lb,,26,Holland,Bundesliga,St Pauli,['Low Driven Shot'],,,,,
4657,Horațiu Moldovan,M,71,71,69,66,73,43,71,45,40,15,17,50,16,14,17,11,55,13,25,28,15,17,55,49,68,15,42,15,12,18,14,13,59,37,55,31,GK,2,1,Right,"189cm / 6'2""",72kg / 159lb,,27,Romania,LaLiga,R. Oviedo,[],71.0,69.0,66.0,71.0,73.0
4662,Tom Louchet,M,71,70,63,67,71,63,59,73,68,68,62,65,64,51,58,66,66,52,72,64,60,72,67,73,70,74,59,61,58,64,66,62,64,71,52,62,RM,4,3,Right,"178cm / 5'10""",66kg / 146lb,"['CM', 'RW']",22,France,Ligue 1,Nice,['Aerial Fortress'],,,,,
4664,Carlens Arcus,M,71,75,44,66,66,66,75,73,76,65,38,58,40,41,43,70,63,39,69,64,64,65,66,76,67,67,66,65,63,62,70,68,77,79,74,71,RB,2,2,Right,"180cm / 5'11""",73kg / 161lb,['RM'],29,Haiti,Ligue 1,Angers,['Intercept'],,,,,
4665,Leonidas Stergiou,M,71,78,42,60,67,70,75,77,78,53,39,54,35,36,39,58,55,29,68,65,42,64,77,72,72,68,64,72,64,70,72,68,82,76,77,69,CB,3,2,Right,"180cm / 5'11""",75kg / 165lb,"['RB', 'RM']",23,Switzerland,Bundesliga,Stuttgart,"['Anticipate', 'Jockey', 'Pinged Pass']",,,,,
4683,Patrik Carlgren,M,71,72,65,72,73,42,66,42,42,16,16,54,17,17,21,18,66,18,47,44,22,19,52,52,73,35,58,20,15,22,14,14,62,34,64,29,GK,3,1,Right,"188cm / 6'2""",84kg / 185lb,,33,Sweden,Ligue 1,Nantes,"['Far Throw', 'Footwork']",72.0,65.0,72.0,66.0,73.0
4697,Álex Jiménez,M,71,84,52,61,71,67,55,87,81,65,55,45,50,50,46,61,55,48,68,61,54,70,77,81,68,71,58,67,61,69,68,65,69,66,46,61,RB,4,2,Right,"171cm / 5'7""",66kg / 146lb,"['LB', 'RM']",20,Spain,Premier League,Bournemouth,['Quick Step'],,,,,
4704,Freddie Woodman,M,71,72,69,62,71,47,68,45,50,12,16,47,14,16,20,14,45,13,40,38,15,17,47,39,70,23,54,26,20,10,21,20,56,34,46,34,GK,2,1,Right,"188cm / 6'2""",83kg / 183lb,,28,England,Premier League,Liverpool,"['Footwork', 'Long Ball Pass', 'Rush Out']",72.0,69.0,62.0,68.0,71.0
4710,Adrian Benedyczak,M,71,84,70,65,68,32,70,85,84,68,71,73,67,59,79,67,65,44,69,60,62,70,67,59,64,69,53,29,68,33,24,24,84,61,75,63,LM,3,3,Right,"190cm / 6'3""",78kg / 172lb,['LW'],25,Poland,Serie A,Parma,[],,,,,
4711,Toma Bašić,M,71,40,64,73,70,72,70,46,35,69,54,81,75,59,51,72,73,77,74,72,77,70,61,60,70,75,72,72,75,70,73,71,73,59,74,71,CM,3,3,Right,"190cm / 6'3""",82kg / 181lb,['CDM'],28,Croatia,Serie A,Lazio,[],,,,,
4712,Nathan Patterson,M,71,71,46,63,70,70,69,68,73,55,41,62,41,41,35,69,54,54,66,63,58,70,73,75,68,69,58,69,62,70,74,72,71,66,68,74,RB,2,2,Right,"183cm / 6'0""",80kg / 176lb,['RM'],24,Scotland,Premier League,Everton,['Slide Tackle'],,,,,
4728,Ibrahim Maza,M,71,75,66,66,79,40,62,74,76,65,64,82,61,55,60,63,68,54,70,63,67,81,84,79,67,77,70,41,52,35,42,31,66,70,62,49,CAM,3,4,Right,"180cm / 5'11""",70kg / 154lb,['CM'],20,Algeria,Bundesliga,Leverkusen,"['Inventive', 'Technical']",,,,,
4740,Emir Sahiti,M,71,75,68,66,73,41,64,83,69,68,68,73,68,62,59,67,66,62,66,64,71,73,85,84,69,71,63,34,52,43,42,37,68,66,56,78,RW,4,3,Right,"174cm / 5'9""",65kg / 143lb,['RM'],26,Kosovo,Bundesliga,Hamburger SV,"['Quick Step', 'Rapid']",,,,,
4741,Eliezer Mayenda,M,71,85,70,61,69,32,70,85,85,71,71,72,66,68,65,59,61,55,65,55,57,69,71,68,68,69,65,30,65,26,30,30,80,75,70,59,ST,2,2,Left,"180cm / 5'11""",75kg / 165lb,"['RM', 'LM', 'RW']",20,Spain,Premier League,Sunderland,[],,,,,
4745,Adama Camara,M,71,61,65,67,71,66,57,62,60,66,66,68,64,56,53,59,71,43,73,70,60,69,73,68,73,73,71,70,56,66,68,62,59,70,54,50,CM,3,3,Right,"180cm / 5'11""",70kg / 154lb,"['CDM', 'RB']",29,France,Ligue 1,Paris FC,"['Long Ball Pass', 'Press Proven']",,,,,
4748,Caleb Ekuban,M,71,81,70,64,69,28,74,79,82,69,71,70,69,69,63,64,67,50,65,60,72,69,71,64,67,69,66,29,68,22,22,19,84,66,78,71,ST,3,3,Right,"182cm / 6'0""",80kg / 176lb,,31,Ghana,Serie A,Genoa,[],,,,,
4764,Fabian Bredlow,M,71,71,67,66,74,39,68,41,36,14,5,50,7,5,30,8,38,14,17,20,13,14,50,39,68,23,45,14,11,15,12,10,60,20,62,18,GK,4,1,Left,"190cm / 6'3""",87kg / 192lb,,30,Germany,Bundesliga,Stuttgart,[],71.0,67.0,66.0,68.0,74.0
4768,Amin Sarr,M,71,85,70,60,72,32,66,86,84,68,68,74,71,71,62,55,63,51,65,52,68,75,78,55,65,72,65,22,64,30,32,28,82,67,71,49,ST,4,3,Right,"188cm / 6'2""",83kg / 183lb,,24,Sweden,Serie A,Verona,[],,,,,
4770,Bilal Nadir,M,71,56,64,68,73,59,65,59,53,62,65,68,66,48,58,54,73,55,74,71,59,73,68,63,73,75,71,63,53,57,62,53,61,65,62,72,CM,3,3,Left,"179cm / 5'10""",65kg / 143lb,,21,Morocco,Ligue 1,Marseille,[],,,,,
4771,Lamare Bogarde,M,71,67,48,65,67,69,69,65,68,50,44,67,38,41,55,53,68,43,73,71,58,67,58,65,70,71,68,70,60,68,72,67,70,65,70,71,CDM,4,2,Right,"183cm / 6'0""",70kg / 154lb,"['CM', 'RB', 'RM']",21,Holland,Premier League,Aston Villa,[],,,,,
4777,William Bøving,M,71,81,69,66,73,32,63,81,81,73,70,71,67,65,52,66,68,61,70,58,68,68,90,85,72,73,65,28,64,28,28,28,76,74,61,53,ST,4,4,Right,"176cm / 5'9""",69kg / 152lb,"['CAM', 'LM']",22,Denmark,Bundesliga,Mainz,"['Long Ball Pass', 'Technical']",,,,,
4780,Robin Risser,M,71,71,72,64,71,39,67,36,44,9,8,48,7,6,11,12,36,10,34,31,18,13,31,25,67,15,38,15,9,13,13,10,62,36,71,32,GK,3,1,Right,"193cm / 6'4""",82kg / 181lb,,20,France,Ligue 1,RC Lens,[],71.0,72.0,64.0,67.0,71.0
4807,Koffi Kouao,M,71,80,39,57,67,65,74,74,85,62,35,48,35,28,47,63,40,35,69,55,51,64,74,85,65,67,66,64,49,62,70,72,67,80,70,78,RB,3,2,Right,"173cm / 5'8""",65kg / 143lb,['RM'],27,Côte d'Ivoire,Ligue 1,FC Metz,"['Jockey', 'Relentless', 'Slide Tackle']",,,,,
4812,Yannik Keitel,M,71,63,48,63,66,69,73,63,63,49,44,58,49,41,48,49,65,49,72,70,42,62,66,65,70,71,64,68,75,64,74,67,79,65,73,79,CDM,4,2,Right,"186cm / 6'1""",84kg / 185lb,"['CM', 'CB']",25,Germany,Bundesliga,Stuttgart,[],,,,,
4819,Arthur,M,71,83,40,66,73,63,57,80,85,63,35,43,42,38,46,74,65,42,73,51,64,72,78,75,71,76,60,65,60,62,64,64,66,65,49,63,RB,3,4,Right,"174cm / 5'9""",69kg / 152lb,['RM'],22,Brazil,Bundesliga,Leverkusen,[],,,,,
4823,Patrick Drewes,M,71,73,70,67,70,30,71,30,29,13,14,50,12,15,26,15,39,14,25,28,18,12,31,48,68,18,47,21,15,16,15,16,65,41,77,35,GK,2,1,Right,"194cm / 6'4""",90kg / 198lb,,32,Germany,Bundesliga,Dortmund,"['Far Throw', 'Footwork']",73.0,70.0,67.0,71.0,70.0
4824,Younes Namli,M,71,68,65,70,74,44,60,72,64,64,63,67,70,64,64,66,77,70,69,68,77,74,81,67,66,76,67,52,44,40,44,40,59,73,60,42,RM,1,3,Left,"180cm / 5'11""",70kg / 154lb,"['CAM', 'RW']",31,Denmark,Ligue 1,Havre AC,"['Dead Ball', 'Incisive Pass', 'Technical']",,,,,
4831,Iker Muñoz,M,71,55,62,64,70,68,62,51,58,68,64,63,66,43,46,48,68,42,74,69,47,71,58,68,70,75,58,72,62,63,71,69,62,65,60,62,CM,3,3,Right,"180cm / 5'11""",73kg / 161lb,['CDM'],23,Spain,LaLiga,Osasuna,['Aerial Fortress'],,,,,
4833,Marc Guiu,M,71,76,70,55,69,36,75,73,78,70,73,75,63,63,65,45,55,45,65,45,57,68,67,65,70,70,70,29,70,36,31,27,81,66,76,82,ST,4,3,Right,"187cm / 6'2""",82kg / 181lb,,19,Spain,Premier League,Chelsea,[],,,,,
4840,Romaine Mundle,M,71,80,67,64,73,38,58,83,78,67,68,67,67,64,54,68,67,55,67,51,62,73,80,77,67,71,68,31,42,39,44,30,61,67,56,50,LM,3,3,Right,"177cm / 5'10""",61kg / 134lb,"['LW', 'RM']",22,England,Premier League,Sunderland,[],,,,,
4843,Andrija Maksimović,M,71,71,70,72,70,37,59,70,71,69,72,68,70,65,71,73,71,71,75,68,73,70,71,73,70,70,70,42,40,41,31,30,58,71,65,31,RW,3,4,Left,"182cm / 6'0""",70kg / 154lb,"['CAM', 'RM']",18,Serbia,Bundesliga,RB Leipzig,"['Finesse Shot', 'Incisive Pass']",,,,,
4853,Adrian Šemper,M,71,72,68,66,72,31,70,30,32,9,15,50,13,9,15,14,65,13,34,31,12,12,31,22,68,29,25,11,12,13,14,17,51,21,51,28,GK,2,1,Right,"194cm / 6'4""",89kg / 196lb,,27,Croatia,Serie A,Pisa,['Far Throw'],72.0,68.0,66.0,70.0,72.0
4855,Adam Karabec,M,71,73,65,69,74,34,64,74,73,69,64,66,63,65,77,65,73,59,73,66,63,75,79,72,68,72,74,29,49,33,32,38,65,76,64,51,CAM,3,3,Left,"185cm / 6'1""",74kg / 163lb,"['CM', 'RW']",22,Czech Republic,Ligue 1,Lyon,['Technical'],,,,,
4856,Armindo Sieb,M,71,83,70,57,76,27,66,84,82,73,71,72,67,66,61,47,62,43,65,50,48,76,85,81,72,75,64,24,59,31,18,11,77,67,70,53,ST,4,3,Right,"175cm / 5'9""",82kg / 181lb,['CAM'],22,Germany,Bundesliga,Mainz,[],,,,,
4857,Joel Mvuka,M,71,90,59,61,75,44,50,92,88,67,62,60,53,51,50,66,64,44,61,57,56,76,91,88,59,70,65,46,49,45,40,42,58,72,39,47,RM,3,4,Right,"178cm / 5'10""",66kg / 146lb,['RW'],23,Norway,Ligue 1,FC Lorient,"['Quick Step', 'Rapid']",,,,,
4861,Pavao Pervan,M,71,71,72,66,72,30,67,32,27,5,9,50,15,8,14,19,34,14,22,30,15,14,36,33,70,15,30,15,15,16,21,19,54,22,54,28,GK,4,1,Right,"194cm / 6'4""",88kg / 194lb,,38,Austria,Bundesliga,Wolfsburg,[],71.0,72.0,66.0,67.0,72.0
4875,Nicola Leali,M,71,75,71,61,72,33,65,33,32,12,13,46,17,16,17,14,45,17,13,13,18,13,34,32,65,23,60,25,11,20,15,20,59,27,65,30,GK,2,1,Right,"188cm / 6'2""",78kg / 172lb,,32,Italy,Serie A,Genoa,[],75.0,71.0,61.0,65.0,72.0
4882,Kamaldeen Sulemana,M,71,88,63,63,76,28,59,90,86,65,63,66,64,61,55,62,64,50,67,57,73,77,88,87,64,71,69,26,42,30,25,25,66,62,60,50,LM,4,4,Right,"175cm / 5'9""",70kg / 154lb,"['LW', 'ST']",23,Ghana,Serie A,Bergamo Calcio,"['Finesse Shot', 'Rapid']",,,,,
4892,Răzvan Sava,M,71,71,70,65,74,25,71,23,29,4,8,49,5,9,10,11,30,12,24,17,11,5,32,22,65,12,36,9,12,6,15,16,53,28,58,25,GK,2,1,Right,"197cm / 6'6""",83kg / 183lb,,23,Romania,Serie A,Udinese,['Cross Claimer'],71.0,70.0,65.0,71.0,74.0
4893,Ben Doak,M,71,89,61,63,75,28,60,90,89,64,62,61,60,58,58,65,66,57,65,55,63,74,86,85,66,72,71,28,41,21,30,25,64,65,57,60,RM,4,4,Right,"176cm / 5'9""",64kg / 141lb,['RW'],20,Scotland,Premier League,Bournemouth,['Quick Step'],,,,,
4897,Tyrique George,M,71,79,66,66,73,36,55,80,78,68,66,70,68,55,55,66,69,58,68,63,63,72,85,84,68,70,68,35,52,35,35,25,63,67,50,50,LM,4,4,Right,"185cm / 6'1""",80kg / 176lb,"['RM', 'ST', 'LW']",19,England,Premier League,Chelsea,['Quick Step'],,,,,
4900,Luca Mazzitelli,M,71,40,62,74,70,64,65,44,36,59,54,74,72,65,52,68,74,63,78,76,69,70,58,67,68,73,71,66,55,62,68,66,58,65,63,74,CM,4,3,Right,"184cm / 6'0""",76kg / 168lb,['CDM'],30,Italy,Serie A,Cagliari,['Long Ball Pass'],,,,,
4902,Jonas Föhrenbach,M,71,71,40,59,63,69,73,66,75,53,29,61,41,27,42,70,50,39,65,55,46,64,56,61,64,63,65,68,67,68,70,71,75,75,75,66,LB,2,2,Left,"184cm / 6'0""",81kg / 179lb,['LM'],29,Germany,Bundesliga,Heidenheim,['Long Throw'],,,,,
4904,Muhammed Damar,M,71,68,66,69,73,38,61,67,68,69,68,67,60,66,63,63,72,69,73,67,66,73,77,69,71,73,69,31,49,40,36,37,61,67,63,48,CAM,4,4,Right,"185cm / 6'1""",73kg / 161lb,"['LM', 'RM', 'CM']",21,Germany,Bundesliga,Hoffenheim,"['Inventive', 'Low Driven Shot']",,,,,
4909,Cheikh Niasse,M,71,61,44,61,67,70,71,63,59,50,39,58,40,34,55,41,60,41,73,70,55,69,60,60,68,68,66,72,67,68,72,73,73,75,72,65,CDM,3,2,Right,"188cm / 6'2""",73kg / 161lb,['CM'],25,Senegal,Serie A,Verona,"['Anticipate', 'Intercept', 'Slide Tackle']",,,,,
4915,Benedikt Gimber,M,71,61,48,59,57,71,77,65,57,39,44,62,54,28,28,47,61,29,69,67,30,51,65,63,64,60,64,69,70,72,71,68,78,74,78,78,CB,3,2,Left,"187cm / 6'2""",84kg / 185lb,['CDM'],28,Germany,Bundesliga,Heidenheim,['Bruiser'],,,,,
4918,Kauã Santos,M,71,76,65,63,77,30,62,32,28,4,4,47,8,5,16,11,33,12,38,34,13,8,31,22,70,20,29,8,10,6,14,13,58,24,64,29,GK,1,1,Right,"196cm / 6'5""",84kg / 185lb,,22,Brazil,Bundesliga,Ein Frankfurt,[],76.0,65.0,63.0,62.0,77.0
4919,Nicolò Savona,M,71,68,44,58,63,70,69,68,68,50,38,52,46,48,42,68,33,22,70,62,48,62,60,53,66,64,69,70,58,72,70,71,69,69,69,67,RB,3,2,Right,"192cm / 6'4""",85kg / 187lb,"['LB', 'RM']",22,Italy,Premier League,Nott'm Forest,[],,,,,
4934,Bamba Dieng,M,71,78,72,60,68,33,60,79,78,70,69,83,67,74,72,62,64,55,63,47,54,68,67,71,69,68,69,32,69,24,31,27,77,60,65,42,ST,3,3,Right,"178cm / 5'10""",72kg / 159lb,,25,Senegal,Ligue 1,FC Lorient,['Rapid'],,,,,
4935,Marin Ljubičić,M,71,72,71,58,72,24,74,74,70,70,73,71,69,68,69,48,59,60,69,47,46,72,77,65,72,72,60,21,67,24,16,13,78,75,73,75,ST,4,3,Right,"183cm / 6'0""",77kg / 170lb,"['RW', 'RM']",23,Croatia,Bundesliga,Union Berlin,[],,,,,
4937,Izeta,M,71,68,72,62,67,25,76,72,65,74,72,74,72,64,76,52,65,77,65,60,62,66,71,74,65,66,59,20,77,17,18,23,88,71,79,70,ST,3,2,Right,"175cm / 5'9""",70kg / 154lb,"['LW', 'LM']",26,Spain,LaLiga,Ath Bilbao,[],,,,,
4943,James Hill,M,71,66,39,59,62,71,72,65,67,52,34,51,40,29,33,60,53,32,67,65,39,60,57,64,70,66,65,71,69,70,72,69,75,65,75,70,CB,3,2,Right,"184cm / 6'0""",73kg / 161lb,"['RB', 'RM']",23,England,Premier League,Bournemouth,['Long Throw'],,,,,
4949,Luis Guilherme,M,71,76,62,64,75,33,58,75,76,66,64,66,53,62,60,68,64,51,64,62,69,77,75,64,74,75,70,19,55,32,33,38,70,55,66,38,RM,4,4,Left,"175cm / 5'9""",71kg / 157lb,"['LM', 'CAM', 'RW']",19,Brazil,Premier League,West Ham,['Rapid'],,,,,
4961,James Sands,M,71,49,50,61,66,69,72,48,49,49,55,53,40,38,37,46,64,40,72,69,38,65,58,66,72,71,60,71,67,68,69,68,74,74,70,74,CDM,3,2,Right,"186cm / 6'1""",76kg / 168lb,"['CM', 'CB']",25,United States,Bundesliga,St Pauli,"['Aerial Fortress', 'Anticipate', 'Long Ball Pass', 'Slide Tackle']",,,,,
4963,Igor Matanović,M,71,68,69,55,67,34,74,62,73,72,74,73,55,64,59,36,58,39,68,52,45,69,54,47,69,72,64,32,73,34,24,27,83,61,84,62,ST,4,2,Right,"194cm / 6'4""",90kg / 198lb,,22,Croatia,Bundesliga,Freiburg,['Enforcer'],,,,,
4968,Alex Forés,M,71,71,73,56,67,37,62,70,71,74,76,74,67,69,74,42,53,50,70,50,46,65,70,74,73,68,66,30,72,36,33,30,75,76,62,40,ST,3,3,Right,"180cm / 5'11""",68kg / 150lb,,24,Spain,LaLiga,R. Oviedo,[],,,,,
4976,Francesco Pio Esposito,M,71,64,71,60,68,34,68,60,67,74,74,69,67,61,70,55,58,72,62,55,70,71,60,47,71,72,60,23,71,23,39,33,77,65,75,51,ST,3,3,Right,"191cm / 6'3""",76kg / 168lb,,20,Italy,Serie A,Milano FC,['Precision Header'],,,,,
4979,Hannes Delcroix,M,71,66,35,61,61,71,70,64,68,40,33,45,30,28,33,58,51,27,72,68,43,55,65,67,69,66,69,72,70,69,73,71,75,63,73,69,CB,2,2,Left,"183cm / 6'0""",78kg / 172lb,['LB'],26,Belgium,Premier League,Burnley,[],,,,,
4980,Junior Adamu,M,71,77,70,54,70,25,68,79,76,73,72,72,65,68,72,43,59,58,62,41,63,70,79,73,69,66,68,24,69,22,16,15,81,74,72,48,ST,3,3,Right,"183cm / 6'0""",81kg / 179lb,,24,Austria,Bundesliga,Freiburg,['Rapid'],,,,,
4984,Lameck Banda,M,71,88,66,60,77,30,43,88,88,70,65,66,63,73,66,65,55,49,62,56,65,82,76,89,70,72,65,25,48,22,35,28,56,56,35,41,LM,4,3,Right,"162cm / 5'4""",69kg / 152lb,['LW'],24,Zambia,Serie A,Lecce,[],,,,,
4986,Stefano Sabelli,M,71,70,39,60,63,68,63,68,72,56,35,35,47,37,48,65,54,50,63,58,58,59,69,78,70,61,69,69,61,68,69,71,65,78,55,64,RB,3,3,Right,"176cm / 5'9""",70kg / 154lb,['RM'],32,Italy,Serie A,Genoa,"['Anticipate', 'Long Throw']",,,,,
4988,Coba da Costa,M,71,78,65,66,74,32,47,80,77,69,66,64,66,52,66,55,71,49,74,61,66,75,78,64,68,75,66,48,35,26,27,30,48,55,42,49,LM,4,3,Right,"182cm / 6'0""",73kg / 161lb,"['RM', 'LW']",23,Spain,LaLiga,Getafe CF,[],,,,,
4994,Daniel Mosquera,M,71,69,72,54,65,28,74,64,73,70,77,73,62,71,61,45,48,55,61,55,67,62,61,75,64,69,70,23,73,22,23,22,83,59,82,70,ST,4,3,Right,"181cm / 5'11""",85kg / 187lb,,26,Colombia,Serie A,Verona,['Press Proven'],,,,,
4995,Robin Hranáč,M,71,75,38,51,52,70,76,65,84,36,25,68,38,33,42,30,45,28,66,64,31,48,55,42,69,56,54,70,73,68,71,70,84,64,84,70,CB,2,2,Right,"189cm / 6'2""",87kg / 192lb,,25,Czech Republic,Bundesliga,Hoffenheim,"['Aerial Fortress', 'Long Ball Pass']",,,,,
5000,Moussa Diarra,M,71,64,32,57,65,71,72,66,62,54,30,26,33,28,43,58,47,34,69,53,48,65,58,63,69,69,55,72,65,70,74,72,72,73,70,74,CB,2,2,Left,"185cm / 6'1""",73kg / 161lb,['LB'],25,Mali,LaLiga,Alaves,[],,,,,
5026,Valera,M,71,85,62,65,73,26,46,81,88,69,67,65,51,48,64,68,68,45,68,60,61,73,81,79,66,71,63,21,42,27,24,23,55,54,46,36,RM,3,3,Left,"170cm / 5'7""",68kg / 150lb,"['LM', 'LW', 'RW']",23,Spain,LaLiga,Elche CF,[],,,,,
5032,Saïdou Sow,M,71,60,41,54,61,71,69,58,61,42,38,49,40,28,44,43,49,27,64,59,52,59,52,57,67,65,68,69,71,71,72,69,79,48,79,68,CB,3,2,Right,"185cm / 6'1""",75kg / 165lb,,23,Guinea,Ligue 1,Strasbourg,['Bruiser'],,,,,
5037,Sambou Soumano,M,71,70,73,55,73,28,56,71,70,70,76,73,71,54,75,45,59,49,65,46,48,78,64,63,58,74,58,23,71,24,22,20,76,58,61,35,ST,3,3,Right,"182cm / 6'0""",75kg / 165lb,,24,Senegal,Ligue 1,FC Lorient,['Press Proven'],,,,,
5041,Isaak Touré,M,71,65,30,51,55,69,84,62,68,41,29,39,19,27,41,42,54,24,61,47,38,49,50,36,65,64,66,69,66,69,71,67,81,69,93,79,CB,3,2,Right,"206cm / 6'9""",98kg / 216lb,,22,France,Ligue 1,FC Lorient,['Slide Tackle'],,,,,
5044,Daniel-Kofi Kyereh,M,71,65,69,65,76,31,47,66,65,72,70,71,66,68,52,58,69,60,71,60,60,77,78,76,69,76,65,30,59,29,25,27,61,34,54,44,CAM,3,4,Right,"179cm / 5'10""",79kg / 174lb,"['ST', 'CM']",29,Ghana,Bundesliga,Freiburg,"['Acrobatic', 'Trickster']",,,,,
5062,Matteo Bianchetti,M,71,51,35,56,58,72,73,50,52,21,21,65,41,19,39,52,45,36,68,58,42,55,67,47,71,59,64,73,72,73,71,71,74,70,75,70,CB,3,2,Right,"189cm / 6'2""",81kg / 179lb,,32,Italy,Serie A,Monza,"['Aerial Fortress', 'Intercept', 'Long Ball Pass']",,,,,
5064,Alessandro Circati,M,71,59,35,53,49,72,77,54,63,25,24,52,41,45,36,42,45,39,63,65,41,42,37,55,71,58,55,72,71,71,72,71,78,74,80,72,CB,3,2,Right,"190cm / 6'3""",84kg / 185lb,,22,Australia,Serie A,Parma,['Aerial Fortress'],,,,,
5069,Víctor Chust,M,71,67,30,52,54,72,68,64,70,41,28,32,26,30,35,28,35,30,76,69,27,44,34,57,67,70,68,71,70,73,72,70,75,54,73,70,CB,5,2,Right,"184cm / 6'0""",76kg / 168lb,,25,Spain,LaLiga,Elche CF,['Long Ball Pass'],,,,,
5077,Antonio Caracciolo,M,71,52,32,48,59,72,76,57,47,28,38,25,29,22,30,41,34,30,61,58,27,52,68,71,68,60,70,74,69,75,71,69,77,71,82,69,CB,3,2,Right,"185cm / 6'1""",83kg / 183lb,,35,Italy,Serie A,Pisa,"['Block', 'Intercept']",,,,,
5079,Sebastian Walukiewicz,M,71,50,38,51,55,73,72,59,43,41,36,42,42,28,38,43,40,22,64,58,37,52,44,53,62,60,69,73,71,74,74,72,77,68,75,70,CB,2,2,Right,"188cm / 6'2""",80kg / 176lb,['RB'],25,Poland,Serie A,Empoli,[],,,,,
5081,Aurèle Amenda,M,71,68,27,51,48,69,75,71,65,38,23,42,18,27,36,40,35,23,69,65,26,42,35,35,66,58,62,66,62,72,71,69,83,39,90,78,CB,3,2,Right,"194cm / 6'4""",90kg / 198lb,,22,Switzerland,Bundesliga,Ein Frankfurt,"['Aerial Fortress', 'Bruiser', 'Long Ball Pass']",,,,,
5085,David Nemeth,M,71,58,29,47,51,71,80,49,66,40,24,41,26,27,33,32,40,22,61,57,28,47,64,49,65,50,58,69,68,72,75,66,76,70,90,66,CB,4,2,Right,"191cm / 6'3""",89kg / 196lb,,24,Austria,Bundesliga,St Pauli,[],,,,,
5089,Milan Đurić,M,71,33,71,55,61,32,82,32,34,75,72,78,60,68,72,48,50,42,67,51,49,57,31,32,74,75,79,30,88,28,24,20,84,62,92,82,ST,4,2,Right,"198cm / 6'6""",95kg / 209lb,,35,Bosnia and Herzegovina,Serie A,Parma,"['Aerial Fortress', 'Enforcer', 'Precision Header', 'Press Proven']",,,,,
5103,Maximilian Bauer,M,71,53,26,47,52,73,73,53,53,22,22,39,21,31,37,31,38,24,62,57,32,46,50,58,73,56,53,72,70,75,73,70,74,64,79,71,CB,3,2,Right,"189cm / 6'2""",84kg / 185lb,,25,Germany,Bundesliga,Augsburg,[],,,,,
5114,Sebastian Sebulonsen,M,70,89,65,64,69,62,74,87,90,71,64,74,65,54,51,66,65,50,66,63,61,68,71,68,66,70,68,58,64,58,66,65,83,82,71,67,RB,2,2,Right,"187cm / 6'2""",78kg / 172lb,['RM'],25,Norway,Bundesliga,1. FC Köln,"['Anticipate', 'Block', 'Jockey', 'Long Throw', 'Precision Header', 'Whipped Pass']",,,,,
5129,Martim Neto,M,70,76,67,67,74,61,69,77,76,65,66,76,69,48,47,63,71,46,71,69,57,75,78,67,70,74,66,63,49,61,65,55,66,75,63,76,CM,3,3,Right,"184cm / 6'0""",82kg / 181lb,"['CDM', 'CAM']",22,Portugal,LaLiga,Elche CF,['Technical'],,,,,
5161,Randy Nteka,M,70,69,70,65,67,54,84,70,69,70,69,75,69,66,73,56,70,51,69,65,57,66,76,78,65,66,60,63,72,41,55,54,87,78,88,80,ST,3,3,Left,"189cm / 6'2""",75kg / 165lb,['CAM'],27,France,LaLiga,Vallecano,['Technical'],,,,,
5192,Jens Castrop,M,70,80,54,67,74,62,69,79,80,63,57,54,51,49,40,57,69,54,73,69,63,72,88,79,71,73,60,66,49,59,65,67,64,79,57,86,CM,3,3,Right,"177cm / 5'10""",71kg / 157lb,['CAM'],22,Korea Republic,Bundesliga,M'gladbach,['Rapid'],,,,,
5203,Noah Cadiou,M,70,67,58,64,67,66,83,67,67,59,54,67,61,46,62,65,58,41,71,67,40,69,57,59,66,69,69,68,70,63,67,64,83,90,89,58,CDM,2,2,Right,"191cm / 6'3""",84kg / 185lb,['CM'],27,France,Ligue 1,FC Lorient,"['Aerial Fortress', 'Incisive Pass', 'Intercept', 'Long Ball Pass']",,,,,
5216,Giorgi Gocholeishvili,M,70,85,54,63,69,61,72,84,85,63,49,64,56,52,40,67,59,46,66,61,56,69,78,75,65,66,59,65,49,58,64,66,71,78,68,76,RB,3,3,Right,"178cm / 5'10""",70kg / 154lb,['RM'],24,Georgia,Bundesliga,Hamburger SV,"['Anticipate', 'Jockey']",,,,,
5252,Andy Irving,M,70,54,71,71,71,63,71,53,55,68,71,72,70,64,73,68,74,71,73,70,66,72,67,62,62,73,67,64,62,63,63,61,71,63,77,67,CM,2,3,Left,"190cm / 6'3""",78kg / 172lb,['CAM'],25,Scotland,Premier League,West Ham,[],,,,,
5254,Santiago Pierotti,M,70,69,67,65,72,59,69,69,69,73,67,72,67,62,55,61,65,49,70,65,67,72,69,62,70,73,77,58,59,54,64,60,71,62,71,70,RM,3,3,Right,"189cm / 6'2""",83kg / 183lb,['RW'],24,Argentina,Serie A,Lecce,[],,,,,
5271,Panos Katseris,M,70,79,60,65,70,61,65,79,79,60,59,64,60,48,57,69,57,48,70,62,63,69,72,72,65,73,59,63,54,58,64,61,67,84,56,62,RM,4,3,Right,"175cm / 5'9""",70kg / 154lb,['RB'],24,Greece,Ligue 1,FC Lorient,[],,,,,
5272,Josh Acheampong,M,70,76,50,65,69,66,73,75,76,60,44,60,55,44,46,65,64,46,69,64,60,70,66,63,67,70,69,65,65,66,67,65,80,67,76,70,RB,3,2,Right,"190cm / 6'3""",85kg / 187lb,"['CB', 'CDM', 'RM']",19,England,Premier League,Chelsea,[],,,,,
5284,Maxi Oyedele,M,70,70,58,66,69,69,67,68,71,66,56,67,58,51,37,53,68,49,74,72,55,66,70,73,71,71,70,73,58,66,73,65,68,63,68,68,CM,3,2,Right,"183cm / 6'0""",75kg / 165lb,"['CDM', 'CAM']",21,Poland,Ligue 1,Strasbourg,[],,,,,
5298,Luca Kerber,M,70,64,60,65,69,68,72,69,60,68,64,64,50,47,43,57,68,48,71,67,59,68,75,78,68,68,68,68,65,71,68,65,72,79,69,70,CDM,3,3,Right,"183cm / 6'0""",82kg / 181lb,['CM'],23,Germany,Bundesliga,Heidenheim,['Press Proven'],,,,,
5314,Freddie Potts,M,70,66,55,69,70,66,71,67,65,54,54,60,55,55,54,65,69,63,72,69,67,67,75,74,69,71,69,67,60,65,68,66,69,78,67,73,CDM,3,2,Right,"183cm / 6'0""",79kg / 174lb,['CM'],22,England,Premier League,West Ham,"['Aerial Fortress', 'Slide Tackle']",,,,,
5322,Mory Diaw,M,70,70,70,71,72,43,70,44,42,13,19,53,17,16,29,17,42,19,31,25,18,19,33,36,59,24,33,18,22,22,19,18,69,29,72,29,GK,2,1,Right,"197cm / 6'6""",98kg / 216lb,,32,Senegal,Ligue 1,Havre AC,"['Far Throw', 'Footwork']",70.0,70.0,71.0,70.0,72.0
5356,Rassoul Ndiaye,M,70,69,55,64,69,67,71,74,64,65,55,59,55,38,47,48,69,44,74,72,42,66,74,77,70,71,69,69,63,65,70,65,75,76,70,67,CM,3,2,Right,"179cm / 5'10""",70kg / 154lb,['CDM'],23,Senegal,Ligue 1,Havre AC,[],,,,,
5366,Louis Leroux,M,70,67,61,68,72,64,62,71,64,68,58,68,63,59,48,67,67,44,72,68,66,72,64,68,69,75,68,63,48,61,71,68,58,77,54,62,CM,2,3,Left,"184cm / 6'0""",75kg / 165lb,"['LB', 'LM']",19,France,Ligue 1,Nantes,[],,,,,
5390,Leon Avdullahu,M,70,60,59,73,69,62,70,64,57,48,51,74,74,32,45,69,74,49,75,76,76,69,59,58,66,74,63,65,44,63,64,62,58,88,67,57,CDM,3,2,Right,"185cm / 6'1""",79kg / 174lb,"['CM', 'CB']",21,Kosovo,Bundesliga,Hoffenheim,"['Aerial Fortress', 'Long Ball Pass', 'Pinged Pass', 'Press Proven']",,,,,
5394,Kjetil Haug,M,70,70,68,68,72,45,69,43,49,12,13,51,14,20,22,18,40,19,38,37,21,17,47,41,64,24,31,17,22,23,14,20,62,27,59,26,GK,2,1,Right,"191cm / 6'3""",83kg / 183lb,,27,Norway,Ligue 1,Toulouse,['Cross Claimer'],70.0,68.0,68.0,69.0,72.0
5398,Igor Silva,M,70,74,54,63,73,66,62,73,75,67,45,69,60,52,43,69,58,51,64,64,65,73,79,80,63,73,58,67,59,66,67,63,64,74,53,69,RB,2,3,Right,"173cm / 5'8""",66kg / 146lb,['RM'],29,Brazil,Ligue 1,FC Lorient,['Rapid'],,,,,
5410,Ezechiel Banzuzi,M,70,66,61,64,68,61,72,67,66,66,60,71,59,40,46,48,67,42,75,71,47,71,56,53,69,73,58,64,69,53,66,57,76,74,74,65,CM,3,2,Right,"191cm / 6'3""",80kg / 176lb,['CDM'],20,Holland,Bundesliga,RB Leipzig,['Aerial Fortress'],,,,,
5411,Livan Burcu,M,70,78,64,66,73,52,59,80,77,65,68,61,66,48,45,65,60,65,69,67,62,73,83,73,64,71,65,56,56,45,55,53,66,72,52,57,LM,3,3,Right,"178cm / 5'10""",68kg / 150lb,"['LW', 'RW']",21,Turkey,Bundesliga,Union Berlin,[],,,,,
5414,Séamus Coleman,M,70,51,65,70,70,74,61,49,52,69,61,74,66,64,55,73,69,53,73,68,65,70,62,65,73,71,75,73,65,74,76,75,65,35,67,78,RB,3,3,Right,"177cm / 5'10""",77kg / 170lb,['RM'],37,Republic of Ireland,Premier League,Everton,[],,,,,
5425,Jordan Zemura,M,70,73,59,66,71,64,58,80,68,66,54,72,62,46,44,70,60,68,68,64,72,72,70,78,68,71,64,66,44,65,68,66,57,73,50,61,LB,3,2,Left,"179cm / 5'10""",63kg / 139lb,['LM'],26,Zimbabwe,Serie A,Udinese,[],,,,,
5440,Pascal Stenzel,M,70,53,61,70,68,69,69,51,54,52,55,76,69,39,49,66,69,64,75,72,62,68,61,59,66,72,67,72,63,68,71,70,65,69,67,73,RB,3,2,Right,"183cm / 6'0""",78kg / 172lb,"['CB', 'RM']",29,Germany,Bundesliga,Stuttgart,['Long Ball Pass'],,,,,
5447,Timothée Pembélé,M,70,79,49,63,71,66,62,78,79,65,48,58,43,31,45,66,63,41,68,59,53,69,78,67,67,73,68,66,64,64,68,67,74,66,60,59,RB,3,2,Right,"182cm / 6'0""",76kg / 168lb,"['CB', 'RM']",23,France,Premier League,Sunderland,[],,,,,
5450,Louis Mouton,M,70,66,50,67,69,65,73,67,65,65,47,56,49,42,42,60,68,42,73,71,57,69,62,64,69,72,66,66,53,63,69,65,66,85,70,65,CM,3,2,Right,"180cm / 5'11""",75kg / 165lb,['CDM'],23,France,Ligue 1,Angers,[],,,,,
5451,Chris Rigg,M,70,68,61,68,72,60,61,67,69,69,62,61,61,56,55,66,69,54,73,67,58,71,77,76,70,72,70,61,47,62,62,58,57,73,57,55,CAM,3,3,Left,"177cm / 5'10""",67kg / 148lb,['CM'],18,England,Premier League,Sunderland,[],,,,,
5460,Fabien Centonze,M,70,66,51,68,67,67,70,65,67,66,42,64,54,49,50,75,66,47,69,66,74,65,65,72,58,71,69,67,59,65,71,68,68,68,70,71,RB,3,2,Right,"182cm / 6'0""",75kg / 165lb,"['LB', 'RM']",29,France,Ligue 1,Nantes,[],,,,,
5461,Boris Radunović,M,70,73,65,68,75,40,68,38,42,13,19,51,15,13,22,15,40,15,32,34,15,17,46,41,63,26,54,22,15,20,15,16,65,32,72,29,GK,3,1,Right,"194cm / 6'4""",84kg / 185lb,,29,Serbia,Serie A,Cagliari,[],73.0,65.0,68.0,68.0,75.0
5493,Federico Ravaglia,M,70,72,67,67,75,37,69,35,39,10,11,50,9,9,19,11,30,13,43,32,14,9,41,34,60,19,23,10,13,14,13,10,50,43,48,18,GK,3,1,Right,"196cm / 6'5""",88kg / 194lb,,26,Italy,Serie A,Bologna,[],72.0,67.0,67.0,69.0,75.0
5497,Anton Kade,M,70,76,70,67,72,39,63,76,76,62,70,73,75,65,50,71,60,55,70,69,60,74,80,73,60,73,52,29,44,50,35,31,64,64,69,47,RM,3,3,Right,"185cm / 6'1""",72kg / 159lb,"['LM', 'RB', 'RW']",21,Germany,Bundesliga,Augsburg,"['Aerial Fortress', 'Block', 'Intercept', 'Jockey']",,,,,
5509,Bingourou Kamara,M,70,71,70,66,70,39,70,37,41,11,12,50,19,15,22,12,26,16,15,15,13,19,28,42,65,21,51,20,20,8,15,14,69,32,77,17,GK,3,1,Right,"196cm / 6'5""",92kg / 203lb,,29,Senegal,Ligue 1,FC Lorient,['Footwork'],71.0,70.0,66.0,70.0,70.0
5517,Doğan Alemdar,M,70,70,69,69,69,38,71,38,39,8,7,52,5,8,10,14,45,10,16,24,10,13,35,42,66,16,59,6,12,8,11,14,60,33,65,19,GK,2,1,Right,"189cm / 6'2""",73kg / 161lb,,23,Turkey,Ligue 1,Rennes,['Cross Claimer'],70.0,69.0,69.0,71.0,69.0
5521,Jusuf Gazibegović,M,70,74,43,66,70,68,65,76,73,63,26,67,56,41,36,70,63,71,67,59,67,68,82,82,68,69,59,70,52,73,68,67,69,59,65,73,RB,4,3,Right,"174cm / 5'9""",67kg / 148lb,['RM'],25,Bosnia and Herzegovina,Bundesliga,1. FC Köln,"['Anticipate', 'Jockey', 'Relentless']",,,,,
5523,Iván Romero,M,70,84,66,59,73,43,61,85,84,73,71,67,59,58,55,61,57,45,64,52,50,70,82,83,66,74,64,30,64,43,41,51,76,74,59,48,ST,3,3,Right,"172cm / 5'8""",72kg / 159lb,"['RM', 'LM', 'CAM']",24,Spain,LaLiga,Levante UD,[],,,,,
5547,Mariano,M,70,70,71,60,70,43,70,69,70,72,70,74,72,68,71,50,62,72,66,51,73,70,74,69,70,69,67,44,71,40,39,33,77,68,70,70,ST,4,3,Right,"180cm / 5'11""",76kg / 168lb,,32,Dominican Republic,LaLiga,Alaves,[],,,,,
5554,Oliver Sonne,M,70,77,48,63,67,63,66,77,77,63,44,64,42,42,40,66,57,42,67,64,57,67,66,64,67,68,59,64,52,59,67,68,68,79,62,58,RB,3,2,Right,"184cm / 6'0""",76kg / 168lb,"['LB', 'CM', 'RM']",25,Peru,Premier League,Burnley,['Jockey'],,,,,
5557,Semih Kılıçsoy,M,70,77,70,63,72,31,71,78,76,71,71,73,66,64,67,60,63,58,67,60,69,73,74,80,62,71,65,26,62,29,29,26,78,69,71,70,ST,4,3,Right,"178cm / 5'10""",80kg / 176lb,"['LW', 'LM']",20,Turkey,Serie A,Cagliari,[],,,,,
5558,Cher Ndour,M,70,55,62,69,71,58,69,49,60,68,59,74,61,49,51,60,73,54,74,72,65,73,57,52,70,75,71,58,61,55,59,56,69,57,78,61,CM,4,3,Right,"190cm / 6'3""",84kg / 185lb,"['CAM', 'CDM']",21,Italy,Serie A,Fiorentina,[],,,,,
5562,Pierrick Capelle,M,70,44,71,72,69,67,60,39,48,70,69,73,76,75,63,74,71,75,72,71,74,71,57,64,72,71,62,70,53,67,70,64,53,51,61,71,CDM,4,2,Left,"181cm / 5'11""",73kg / 161lb,['CM'],38,France,Ligue 1,Angers,[],,,,,
5569,Luka Ilić,M,70,74,63,69,71,46,60,75,73,68,60,71,64,58,46,68,74,63,70,65,71,72,76,60,69,71,70,44,48,46,47,40,62,62,59,57,CAM,2,4,Left,"182cm / 6'0""",73kg / 161lb,['CM'],26,Serbia,LaLiga,R. Oviedo,"['Long Ball Pass', 'Technical']",,,,,
5575,Nathaniel Clyne,M,70,60,60,65,69,72,56,54,64,62,54,73,67,45,46,73,57,49,69,63,64,67,65,60,72,73,72,74,68,71,73,74,71,38,58,69,RB,2,3,Right,"175cm / 5'9""",67kg / 148lb,"['CB', 'RM']",34,England,Premier League,Crystal Palace,[],,,,,
5582,Marc Aguado,M,70,65,54,68,65,68,62,61,69,56,49,60,58,48,58,59,72,60,72,70,61,60,69,71,66,70,72,68,52,70,70,68,60,72,60,57,CDM,3,2,Left,"178cm / 5'10""",68kg / 150lb,['CM'],25,Spain,LaLiga,Elche CF,"['Long Ball Pass', 'Tiki Taka']",,,,,
5588,Mateo Joseph,M,70,82,68,55,70,38,69,79,84,69,69,73,64,60,67,41,54,44,68,46,60,68,75,75,69,70,66,17,68,45,41,23,81,71,71,59,ST,3,2,Right,"185cm / 6'1""",74kg / 163lb,,22,Spain,LaLiga,Mallorca,[],,,,,
5591,Romain Esse,M,70,77,65,66,73,43,58,79,76,68,68,64,62,57,52,68,66,57,69,57,66,72,85,81,67,71,69,53,48,25,52,44,63,66,55,55,RW,2,3,Left,"178cm / 5'10""",65kg / 143lb,"['CAM', 'LW', 'RM']",20,England,Premier League,Crystal Palace,"['Inventive', 'Technical']",,,,,
5592,Oliver Scarles,M,70,72,48,64,67,67,64,74,71,58,42,60,48,36,48,69,59,61,67,57,63,67,72,74,68,66,64,67,62,67,69,66,73,67,66,53,LB,3,2,Left,"180cm / 5'11""",75kg / 165lb,['LM'],19,England,Premier League,West Ham,[],,,,,
5594,Hamzat Ojediran,M,70,62,54,62,64,68,72,65,60,53,52,66,51,48,52,52,64,46,69,65,56,63,52,76,68,68,65,70,59,65,73,68,71,67,75,73,CDM,2,2,Right,"179cm / 5'10""",79kg / 174lb,['CM'],22,Nigeria,Ligue 1,RC Lens,[],,,,,
5597,Marcus Bettinelli,M,70,70,70,69,71,30,71,30,30,12,12,52,12,12,17,13,37,13,35,42,13,18,35,30,62,35,52,15,13,18,18,17,57,25,60,30,GK,3,1,Right,"194cm / 6'4""",82kg / 181lb,,33,England,Premier League,Man City,[],70.0,70.0,69.0,71.0,71.0
5617,Diego Pampín,M,70,78,41,64,70,63,64,77,78,67,40,43,38,26,43,70,61,44,68,59,51,69,76,76,65,70,57,63,58,60,65,66,69,77,58,62,LB,3,2,Left,"173cm / 5'8""",65kg / 143lb,"['LM', 'LW']",25,Spain,LaLiga,Levante UD,[],,,,,
5623,Jesús Vázquez,M,70,69,50,65,66,68,62,67,71,59,41,66,54,59,42,68,58,31,71,70,65,68,65,62,68,63,61,65,64,66,71,70,68,63,60,63,LB,2,2,Left,"172cm / 5'8""",73kg / 161lb,['LM'],22,Spain,LaLiga,Valencia,[],,,,,
5636,Adam Obert,M,70,66,49,63,65,70,66,68,64,54,46,60,48,40,45,69,52,42,68,63,67,63,68,63,68,67,61,72,67,69,71,69,72,63,68,61,LB,2,2,Left,"187cm / 6'2""",82kg / 181lb,['CB'],23,Slovakia,Serie A,Cagliari,[],,,,,
5637,Yassin Belkhdim,M,70,54,54,68,70,67,66,56,53,60,50,63,54,45,56,58,70,53,74,73,60,69,65,69,66,73,69,69,57,66,70,68,62,72,62,71,CM,3,2,Right,"175cm / 5'9""",70kg / 154lb,['CDM'],23,France,Ligue 1,Angers,[],,,,,
5640,Aaron Anselmino,M,70,67,45,62,63,70,72,67,67,35,40,55,50,35,40,55,60,50,68,66,55,61,63,63,65,66,67,72,66,69,71,70,75,62,75,76,CB,3,2,Right,"186cm / 6'1""",83kg / 183lb,,20,Argentina,Bundesliga,Dortmund,[],,,,,
5641,Cyriaque Irié,M,70,86,62,62,69,27,72,88,85,59,62,64,62,55,56,62,61,49,66,59,68,72,72,54,62,69,65,25,44,22,27,24,74,81,78,47,RM,2,3,Left,"185cm / 6'1""",78kg / 172lb,"['ST', 'RW']",20,Burkina Faso,Bundesliga,Freiburg,"['Aerial Fortress', 'Gamechanger', 'Quick Step', 'Rapid']",,,,,
5647,Alberto Grassi,M,70,48,62,69,70,66,63,62,37,68,58,70,64,57,60,64,69,58,73,72,64,71,64,66,68,72,66,70,63,63,69,64,64,75,56,67,CM,3,2,Right,"183cm / 6'0""",75kg / 165lb,['CDM'],30,Italy,Serie A,Monza,[],,,,,
5653,Aljoscha Kemlein,M,70,51,59,65,70,66,67,66,39,59,59,62,62,44,50,53,69,44,74,69,49,69,68,72,71,72,73,69,61,64,70,62,70,71,68,61,CM,3,3,Right,"185cm / 6'1""",78kg / 172lb,['CDM'],21,Germany,Bundesliga,Union Berlin,[],,,,,
5654,Karol Mets,M,70,65,48,57,59,69,79,54,74,42,46,58,49,34,51,49,47,31,66,66,55,54,59,57,64,64,63,68,65,73,69,65,75,74,84,76,CB,3,2,Left,"191cm / 6'3""",82kg / 181lb,,32,Estonia,Bundesliga,St Pauli,"['Bruiser', 'Long Ball Pass']",,,,,
5661,Ernest Poku,M,70,94,60,59,72,32,60,93,95,67,55,75,58,56,56,64,58,48,62,50,65,72,86,83,66,69,65,21,47,34,27,47,68,74,56,52,RM,5,3,Right,"173cm / 5'8""",63kg / 139lb,"['LM', 'RW']",21,Holland,Bundesliga,Leverkusen,"['Quick Step', 'Rapid', 'Slide Tackle']",,,,,
5670,Mattia Valoti,M,70,52,67,72,72,56,57,50,54,68,64,68,72,69,75,66,71,65,76,72,78,72,70,72,68,74,73,57,48,55,59,57,52,60,56,58,CM,3,3,Right,"187cm / 6'2""",62kg / 137lb,['CAM'],32,Italy,Serie A,Monza,"['Incisive Pass', 'Long Ball Pass', 'Pinged Pass', 'Whipped Pass']",,,,,
5681,Ylber Ramadani,M,70,54,58,60,64,68,72,62,47,58,51,71,70,39,37,49,59,45,70,64,40,65,57,69,65,65,64,70,58,68,70,65,66,85,66,72,CDM,3,2,Right,"185cm / 6'1""",72kg / 159lb,['CM'],29,Albania,Serie A,Lecce,"['Jockey', 'Power Shot']",,,,,
5683,Yannik Engelhardt,M,70,65,46,64,64,68,69,68,63,56,40,57,48,38,44,59,67,38,72,65,43,62,64,64,69,67,60,67,59,68,71,65,68,75,66,67,CDM,4,2,Right,"184cm / 6'0""",74kg / 163lb,['CM'],24,Germany,Bundesliga,M'gladbach,[],,,,,
5684,Jeremy Sarmiento,M,70,78,63,65,74,37,59,80,77,67,64,70,58,54,60,64,67,55,68,59,65,75,75,83,60,73,70,28,46,37,42,35,66,58,62,51,LM,3,3,Right,"178cm / 5'10""",73kg / 161lb,"['CAM', 'LW']",23,Ecuador,Serie A,Monza,[],,,,,
5715,Jeanuël Belocian,M,70,67,41,64,65,70,67,65,69,48,34,54,39,35,51,61,56,48,71,68,64,63,67,68,66,68,64,68,69,69,72,70,75,54,72,71,CB,3,2,Left,"182cm / 6'0""",73kg / 161lb,"['LB', 'LM']",20,France,Bundesliga,Leverkusen,[],,,,,
5716,Tani Oluwaseyi,M,70,85,71,54,66,31,67,82,88,70,73,73,68,52,73,38,61,48,65,44,41,64,74,64,63,66,63,23,73,27,29,26,84,62,69,62,ST,4,3,Right,"188cm / 6'2""",77kg / 170lb,,25,Canada,LaLiga,Villarreal,[],,,,,
5719,Ashley Barnes,M,70,41,71,68,69,46,78,43,39,74,72,74,66,71,76,66,73,56,70,66,64,67,64,66,74,71,75,41,73,44,46,39,75,65,81,88,ST,4,3,Right,"185cm / 6'1""",84kg / 185lb,"['CAM', 'CM']",36,England,Premier League,Burnley,[],,,,,
5730,Brandon Domingues,M,70,76,67,65,72,37,56,78,74,67,69,67,66,57,70,66,68,55,67,62,59,73,77,79,62,71,64,34,49,30,42,38,60,64,50,58,LM,3,3,Right,"172cm / 5'8""",63kg / 139lb,"['RM', 'CAM', 'LW']",25,France,LaLiga,R. Oviedo,[],,,,,
5744,Umut Tohumcu,M,70,68,62,68,72,49,53,71,65,60,63,65,63,51,55,55,72,59,75,70,62,71,77,79,72,72,70,40,39,52,56,50,49,63,46,59,CAM,4,3,Right,"175cm / 5'9""",71kg / 157lb,['CM'],21,Germany,Bundesliga,Hoffenheim,[],,,,,
5748,Mohamed Bamba,M,70,78,69,56,70,28,71,78,78,74,69,67,70,69,67,50,58,51,61,48,58,70,76,70,66,67,73,21,69,23,25,21,81,70,73,63,ST,3,3,Right,"185cm / 6'1""",72kg / 159lb,,23,Côte d'Ivoire,Ligue 1,FC Lorient,[],,,,,
5759,Matheo Raab,M,70,70,69,67,70,25,70,30,18,8,5,50,8,8,17,11,36,13,32,23,14,12,24,34,60,24,39,10,10,8,12,11,47,30,45,27,GK,3,1,Right,"186cm / 6'1""",82kg / 181lb,,26,Germany,Bundesliga,Union Berlin,[],70.0,69.0,67.0,70.0,70.0
5767,Benjamin Siegrist,M,70,69,68,59,68,34,72,34,33,13,11,44,12,12,32,11,49,12,17,22,16,12,32,30,69,20,39,27,12,20,12,12,60,34,69,38,GK,3,1,Right,"196cm / 6'5""",85kg / 187lb,,33,Switzerland,Serie A,Genoa,[],69.0,68.0,59.0,72.0,68.0
5783,Christian Früchtl,M,70,73,68,67,71,24,66,25,23,6,11,50,8,9,13,10,44,14,29,45,15,13,26,23,62,17,22,11,11,16,10,13,56,19,63,26,GK,2,1,Left,"193cm / 6'4""",88kg / 194lb,,25,Germany,Serie A,Lecce,"['Cross Claimer', 'Far Throw']",73.0,68.0,67.0,66.0,71.0
5788,Ramon Hendriks,M,70,81,33,55,58,70,72,75,85,34,29,47,28,32,42,46,47,34,68,65,31,52,66,59,61,62,62,72,67,69,71,72,79,66,75,68,CB,4,2,Left,"189cm / 6'2""",83kg / 183lb,['LB'],24,Holland,Bundesliga,Stuttgart,[],,,,,
5802,Lilian Raolisoa,M,70,71,42,57,70,69,59,70,71,58,42,42,37,33,47,68,53,42,63,42,48,73,62,69,65,70,65,65,61,68,74,72,66,61,57,59,RB,3,2,Right,"178cm / 5'10""",70kg / 154lb,['RM'],25,France,Ligue 1,Angers,[],,,,,
5820,Chidozie Awaziem,M,70,72,39,50,60,69,76,70,73,28,36,53,37,30,40,30,44,25,66,61,33,57,69,51,70,61,69,68,70,67,71,69,79,72,77,77,CB,3,2,Right,"189cm / 6'2""",78kg / 172lb,,28,Nigeria,Ligue 1,Nantes,['Long Ball Pass'],,,,,
5827,Antoine Mendy,M,70,64,41,55,63,71,72,63,65,58,32,52,44,36,45,56,38,39,68,50,52,61,64,67,67,64,67,70,67,71,73,70,73,69,72,73,CB,3,2,Right,"187cm / 6'2""",75kg / 165lb,"['RB', 'RM']",21,Senegal,Ligue 1,Nice,[],,,,,
5839,Carlos Martín,M,70,74,71,60,70,28,62,70,78,66,75,74,65,61,65,64,58,63,62,49,64,70,72,66,67,72,60,28,63,20,25,27,71,52,67,58,ST,4,3,Right,"180cm / 5'11""",74kg / 163lb,"['LM', 'CAM']",23,Spain,LaLiga,Ath Madrid,[],,,,,
5841,Abdoulaye Bamba,M,70,59,40,64,62,71,68,63,56,57,28,50,52,49,38,66,58,49,68,64,57,57,66,64,69,68,59,70,70,71,74,69,72,67,69,65,CB,3,2,Right,"182cm / 6'0""",72kg / 159lb,,35,Côte d'Ivoire,Ligue 1,Angers,[],,,,,
5844,Simone Canestrelli,M,70,65,44,52,54,72,77,63,67,30,41,60,39,41,42,45,48,32,61,56,40,50,46,48,65,61,50,71,68,72,74,70,76,88,76,68,CB,3,2,Right,"192cm / 6'4""",85kg / 187lb,,25,Italy,Serie A,Pisa,"['Aerial Fortress', 'Long Ball Pass']",,,,,
5860,Bazoumana Touré,M,70,91,59,62,71,28,51,90,92,66,61,60,58,42,46,68,63,35,65,60,55,70,80,80,60,72,56,21,41,23,35,25,60,65,50,35,LM,2,4,Left,"175cm / 5'9""",68kg / 150lb,['LW'],19,Côte d'Ivoire,Bundesliga,Hoffenheim,['Quick Step'],,,,,
5868,Emanuel Vignato,M,70,67,63,69,74,39,49,72,62,62,60,66,68,69,55,66,71,61,72,66,72,74,81,75,63,74,66,30,51,43,37,35,54,66,44,39,CAM,4,4,Right,"175cm / 5'9""",67kg / 148lb,['CM'],25,Italy,Serie A,Pisa,['Technical'],,,,,
5873,Nico Serrano,M,70,83,63,63,75,24,52,84,82,56,65,62,66,48,56,68,55,60,68,59,62,74,85,85,62,74,64,22,47,20,22,20,59,74,46,38,LM,2,3,Left,"176cm / 5'9""",72kg / 159lb,"['RM', 'LW']",22,Spain,LaLiga,Ath Bilbao,"['Gamechanger', 'Technical']",,,,,
5878,Emmanuel Biumla,M,70,62,45,53,59,71,70,54,68,44,46,53,38,35,45,39,52,33,65,56,44,56,53,51,68,64,63,72,69,68,74,69,72,67,75,62,CB,3,2,Right,"185cm / 6'1""",75kg / 165lb,,20,France,Ligue 1,Angers,[],,,,,
5879,Léo Pétrot,M,70,65,33,54,58,71,78,64,66,45,33,30,30,35,44,61,42,38,63,48,44,54,61,55,67,61,55,69,68,70,72,73,79,79,81,67,LB,2,2,Left,"188cm / 6'2""",81kg / 179lb,"['CB', 'LM']",28,France,LaLiga,Elche CF,"['Anticipate', 'Block']",,,,,
5883,Vitor Reis,M,70,65,34,55,65,71,68,64,65,32,29,42,33,32,45,28,59,33,69,65,42,65,61,56,69,67,63,72,70,71,71,70,74,62,71,67,CB,3,2,Right,"186cm / 6'1""",77kg / 170lb,,19,Brazil,LaLiga,Girona,[],,,,,
5885,Federico Bonazzoli,M,70,65,72,61,70,28,62,68,63,73,72,74,69,75,70,60,55,53,66,62,68,70,70,56,68,73,66,26,68,21,22,29,73,62,69,43,ST,3,3,Left,"185cm / 6'1""",79kg / 174lb,['CAM'],28,Italy,Serie A,Monza,['Incisive Pass'],,,,,
5887,Sékou Mara,M,70,76,68,53,68,26,67,77,75,69,70,68,63,68,64,40,54,41,66,46,48,70,67,58,66,68,68,22,73,18,23,19,85,65,73,49,ST,3,3,Right,"183cm / 6'0""",74kg / 163lb,,23,France,Ligue 1,Auxerre,[],,,,,
5891,Jaydee Canvot,M,70,70,32,56,57,69,73,64,75,39,29,44,26,25,44,43,58,26,68,59,41,55,47,48,62,64,59,68,70,63,74,69,77,69,76,70,CB,3,2,Right,"188cm / 6'2""",79kg / 174lb,"['CDM', 'CM']",19,France,Premier League,Crystal Palace,[],,,,,
5895,Pau Navarro,M,70,58,40,57,66,73,63,59,58,29,34,52,47,34,44,44,59,28,69,61,33,66,63,59,69,69,57,71,74,73,73,71,70,64,59,68,CB,3,2,Right,"185cm / 6'1""",72kg / 159lb,"['RB', 'CM']",20,Spain,LaLiga,Villarreal,[],,,,,
5904,Nelson Weiper,M,70,75,67,48,67,26,73,64,84,72,72,68,57,62,57,39,53,43,55,37,46,69,61,56,68,68,59,18,72,23,20,19,81,65,78,66,ST,3,3,Right,"192cm / 6'4""",83kg / 183lb,"['CAM', 'CM']",20,Germany,Bundesliga,Mainz,[],,,,,
5910,Jamil Siebert,M,70,71,33,50,52,68,81,69,72,35,23,52,35,32,35,30,40,29,68,61,30,47,51,51,65,58,55,64,68,68,72,67,75,72,88,74,CB,3,2,Right,"193cm / 6'4""",86kg / 190lb,,23,Germany,Serie A,Lecce,"['Bruiser', 'Jockey']",,,,,
5920,Cenk Özkacar,M,70,57,36,56,61,69,74,55,59,44,26,64,26,31,45,42,59,33,65,62,33,58,61,55,66,64,64,68,71,69,70,70,78,68,78,70,CB,3,2,Left,"190cm / 6'3""",85kg / 187lb,['LB'],25,Turkey,Bundesliga,1. FC Köln,['Jockey'],,,,,
5923,Rav van den Berg,M,70,65,35,51,60,70,71,67,64,37,31,48,30,30,46,30,47,26,67,63,33,57,53,53,70,65,68,70,67,71,71,71,77,68,76,61,CB,3,2,Right,"190cm / 6'3""",73kg / 161lb,['RB'],21,Holland,Bundesliga,1. FC Köln,['Intercept'],,,,,
5939,Rafa Marín,M,70,67,28,58,57,71,68,66,67,54,25,31,22,25,48,47,62,40,71,48,33,43,65,62,66,71,65,67,71,70,73,71,76,64,69,68,CB,3,2,Right,"191cm / 6'3""",78kg / 172lb,,23,Spain,LaLiga,Villarreal,[],,,,,
5945,Samson Baidoo,M,70,70,26,50,60,69,73,72,69,23,22,39,18,28,35,27,37,25,69,64,34,57,54,56,62,67,55,66,67,69,72,70,82,58,81,71,CB,3,2,Right,"187cm / 6'2""",86kg / 190lb,,21,Austria,Ligue 1,RC Lens,['Long Ball Pass'],,,,,
5953,Sadibou Sané,M,70,66,39,49,50,71,72,63,69,51,31,54,39,33,43,36,51,31,58,54,36,46,45,60,64,51,68,70,69,69,73,73,77,66,77,67,CB,3,2,Right,"182cm / 6'0""",77kg / 170lb,,21,Senegal,Ligue 1,FC Metz,[],,,,,
5970,Idrissa Gueye,M,70,67,68,49,68,24,65,63,70,72,71,68,65,58,62,34,54,46,59,40,51,70,55,59,66,72,64,19,77,14,23,15,81,60,72,49,ST,3,3,Right,"185cm / 6'1""",75kg / 165lb,,19,Senegal,Serie A,Udinese,[],,,,,
5987,Albian Hajdari,M,70,60,32,48,51,68,78,62,58,31,31,38,29,31,36,31,29,29,68,64,32,39,51,50,63,68,51,67,64,69,69,68,77,71,82,77,CB,3,2,Left,"189cm / 6'2""",80kg / 176lb,['LB'],22,Switzerland,Bundesliga,Hoffenheim,"['Block', 'Bruiser', 'Intercept', 'Long Ball Pass']",,,,,
5992,Egiluz,M,70,58,40,46,46,71,73,56,60,29,39,59,31,28,37,33,38,21,63,48,22,31,40,63,62,62,55,68,67,71,73,70,74,62,78,75,CB,3,2,Right,"186cm / 6'1""",79kg / 174lb,,23,Spain,LaLiga,Ath Bilbao,[],,,,,
5995,Francisco Sierralta,M,70,50,33,52,52,69,74,49,51,24,34,38,25,30,40,55,33,32,68,45,37,46,48,33,68,62,52,70,67,70,68,68,74,50,84,77,CB,3,2,Right,"190cm / 6'3""",83kg / 183lb,"['CDM', 'CM']",28,Chile,Ligue 1,Auxerre,['Bruiser'],,,,,
6003,Tarik Muharemović,M,70,59,23,47,56,73,67,54,63,26,17,40,18,18,25,34,37,26,61,58,29,52,53,60,70,60,59,73,66,74,74,72,66,65,65,73,CB,3,2,Left,"187cm / 6'2""",76kg / 168lb,,22,Bosnia and Herzegovina,Serie A,Empoli,['Block'],,,,,
6014,Filippo Romagna,M,70,44,32,49,56,74,65,44,44,36,23,48,30,34,43,38,36,32,63,62,32,51,63,60,70,58,63,74,64,75,76,73,63,53,68,72,CB,3,2,Right,"186cm / 6'1""",75kg / 165lb,,28,Italy,Serie A,Empoli,['Slide Tackle'],,,,,
6039,Jakub Piotrowski,M,69,69,64,67,69,67,75,66,72,67,60,73,70,39,57,63,68,63,71,67,54,69,66,59,66,72,68,68,63,66,69,63,76,70,78,73,CM,4,3,Right,"188cm / 6'2""",79kg / 174lb,['CDM'],28,Poland,Serie A,Udinese,[],,,,,
6058,Mikael Egill Ellertsson,M,69,69,69,68,72,64,66,66,72,62,68,76,71,60,64,68,64,49,72,69,66,74,73,68,62,72,63,63,53,61,70,66,61,75,59,74,CM,3,3,Left,"182cm / 6'0""",74kg / 163lb,"['LM', 'LB', 'CAM']",23,Iceland,Serie A,Genoa,['Technical'],,,,,
6066,Martin Frese,M,69,77,65,66,70,64,65,75,79,68,60,74,74,54,47,68,68,49,68,64,63,67,75,73,65,73,65,65,55,65,65,64,70,66,65,61,LB,3,3,Left,"179cm / 5'10""",75kg / 165lb,"['CB', 'LM']",27,Denmark,Serie A,Verona,[],,,,,
6070,Eduard Sobol,M,69,73,64,66,68,66,69,71,74,66,58,76,70,69,34,67,65,74,66,64,69,69,68,64,62,70,63,66,64,64,68,66,73,68,67,72,LB,2,2,Left,"186cm / 6'1""",79kg / 174lb,['LM'],30,Ukraine,Ligue 1,Strasbourg,[],,,,,
6074,Jannik Huth,M,69,71,64,74,71,59,67,59,60,20,16,56,14,15,24,17,51,15,37,30,22,22,50,44,67,24,41,25,10,22,14,11,66,32,63,28,GK,4,1,Right,"185cm / 6'1""",80kg / 176lb,,31,Germany,Bundesliga,Freiburg,['Footwork'],71.0,64.0,74.0,67.0,71.0
6083,Connor Metcalfe,M,69,72,60,66,70,62,75,75,69,65,61,63,58,49,50,61,68,50,71,68,54,69,73,76,71,70,69,67,55,61,62,58,75,78,75,72,CM,4,3,Left,"178cm / 5'10""",70kg / 154lb,"['CDM', 'RW', 'CAM']",26,Australia,Bundesliga,St Pauli,[],,,,,
6098,Marius Marin,M,69,75,57,68,67,65,71,76,74,58,53,64,61,48,57,61,68,60,75,67,60,64,76,74,66,69,60,64,60,64,68,66,73,88,61,72,CM,3,2,Right,"180cm / 5'11""",75kg / 165lb,['CDM'],27,Romania,Serie A,Pisa,"['Anticipate', 'Incisive Pass', 'Jockey', 'Pinged Pass']",,,,,
6139,Ugo Raghouber,M,69,72,60,62,71,65,69,69,74,51,58,69,64,38,48,48,56,42,74,70,53,74,63,62,62,73,66,67,67,59,71,57,72,74,67,68,CDM,3,3,Left,"180cm / 5'11""",68kg / 150lb,['CM'],22,France,Ligue 1,Lille,"['Aerial Fortress', 'Press Proven']",,,,,
6142,Václav Hladký,M,69,69,69,69,70,54,68,56,52,11,16,52,11,12,27,16,51,24,52,56,24,21,52,58,64,36,65,28,23,20,23,23,70,27,66,22,GK,3,1,Right,"192cm / 6'4""",80kg / 176lb,,35,Czech Republic,Premier League,Burnley,[],69.0,69.0,69.0,68.0,70.0
6146,Bakery Jatta,M,69,79,67,66,67,46,74,83,75,72,68,72,63,59,61,71,71,49,67,58,62,69,67,59,64,64,68,39,58,39,57,37,82,75,77,62,RW,3,3,Right,"184cm / 6'0""",79kg / 174lb,['RM'],27,Gambia,Bundesliga,Hamburger SV,"['Quick Step', 'Rapid']",,,,,
6153,Rubén Sánchez,M,69,79,59,63,65,64,69,81,78,63,60,65,58,48,45,64,64,43,65,62,57,64,74,65,65,65,62,65,61,64,64,61,76,82,64,65,RB,3,3,Right,"185cm / 6'1""",73kg / 161lb,['RM'],24,Spain,LaLiga,Espanol,"['Anticipate', 'Jockey', 'Rapid', 'Relentless']",,,,,
6158,Arthur Atta,M,69,72,59,66,71,62,69,70,73,69,54,70,60,50,48,52,71,40,74,69,56,70,71,63,68,72,75,61,60,59,68,60,71,64,70,70,CM,3,3,Right,"189cm / 6'2""",77kg / 170lb,"['RM', 'CAM']",22,France,Serie A,Udinese,[],,,,,
6164,Jean-Victor Makengo,M,69,58,65,68,70,70,67,64,53,66,61,73,68,68,59,66,67,59,72,67,65,71,64,71,67,72,68,66,69,67,75,71,71,68,66,68,CM,3,3,Left,"177cm / 5'10""",75kg / 165lb,['CDM'],27,France,Ligue 1,FC Lorient,[],,,,,
6190,Oscar Luigi Fraulo,M,69,69,60,66,69,62,71,74,64,62,61,65,57,55,47,54,69,64,71,71,59,68,73,71,70,69,67,64,48,59,68,61,64,88,64,69,CM,3,3,Right,"180cm / 5'11""",77kg / 170lb,"['CDM', 'CAM']",21,Denmark,Bundesliga,M'gladbach,[],,,,,
6231,Tuomas Ollila,M,69,79,57,65,64,63,66,78,80,59,54,68,59,42,41,68,56,60,71,62,58,60,62,76,64,69,60,59,70,58,68,64,78,69,66,58,LB,2,2,Left,"174cm / 5'9""",68kg / 150lb,['LM'],25,Finland,Ligue 1,Paris FC,[],,,,,
6240,Joel Chima Fujita,M,69,67,59,66,68,63,70,76,59,57,55,67,65,53,51,44,70,53,77,71,62,65,73,80,61,71,67,63,50,58,70,69,70,72,69,70,CM,3,2,Right,"175cm / 5'9""",70kg / 154lb,['CDM'],23,Japan,Bundesliga,St Pauli,[],,,,,
6245,Rui Modesto,M,69,85,58,63,68,60,59,84,85,68,58,54,64,42,47,69,61,42,66,60,56,68,77,74,60,68,60,60,43,58,66,63,61,68,55,58,RM,4,3,Right,"181cm / 5'11""",72kg / 159lb,"['RB', 'RW']",26,Angola,Serie A,Udinese,['Slide Tackle'],,,,,
6257,Nikolas Veratschnig,M,69,83,52,59,66,65,67,77,87,58,48,61,58,28,39,60,62,34,64,59,42,64,72,70,65,67,53,63,69,63,67,64,77,66,66,67,RB,3,2,Right,"180cm / 5'11""",75kg / 165lb,['RM'],22,Austria,Bundesliga,Mainz,['Jockey'],,,,,
6258,Danilo Veiga,M,69,72,57,60,68,68,67,73,72,52,56,63,54,49,57,63,59,48,63,58,57,70,68,63,64,66,63,67,65,65,72,69,77,58,71,67,RB,3,2,Right,"183cm / 6'0""",83kg / 183lb,['RM'],23,Portugal,Serie A,Lecce,[],,,,,
6264,Vincent Marchetti,M,69,61,55,68,69,67,71,64,59,62,48,63,60,59,57,62,67,58,74,70,61,67,76,68,70,70,68,67,62,66,70,68,70,77,70,68,CM,3,3,Left,"178cm / 5'10""",71kg / 157lb,"['CDM', 'CB']",28,France,Ligue 1,Paris FC,"['Pinged Pass', 'Press Proven']",,,,,
6273,Calebe,M,69,69,66,69,71,58,58,67,70,67,67,68,66,59,62,65,71,70,70,69,67,71,73,72,63,70,70,56,58,54,62,59,63,64,55,57,CAM,2,3,Left,"173cm / 5'8""",67kg / 148lb,['CM'],25,Brazil,LaLiga,Alaves,[],,,,,
6274,Joel Roca,M,69,83,66,65,74,45,58,84,82,70,71,68,58,42,56,62,66,40,71,64,62,74,84,78,68,74,63,46,58,42,45,42,71,58,55,60,ST,3,3,Right,"176cm / 5'9""",67kg / 148lb,"['CAM', 'LW']",20,Spain,LaLiga,Girona,[],,,,,
6324,Luca Lezzerini,M,69,70,67,62,71,48,70,46,50,15,13,47,19,17,25,13,35,14,31,22,15,14,41,44,63,24,66,18,12,19,19,14,63,32,66,24,GK,2,1,Right,"195cm / 6'5""",86kg / 190lb,,30,Italy,Serie A,Fiorentina,[],70.0,67.0,62.0,70.0,71.0
6371,Silvan Hefti,M,69,70,49,63,65,67,72,74,66,52,38,68,52,53,47,65,59,43,67,63,56,63,71,66,67,66,65,66,67,68,66,68,81,61,77,69,RB,3,2,Right,"183cm / 6'0""",83kg / 183lb,['RM'],28,Switzerland,Bundesliga,Hamburger SV,[],,,,,
6377,Kwasi Sibo,M,69,63,54,58,65,67,79,59,66,57,48,66,58,42,52,49,57,40,66,63,48,65,62,67,65,68,55,67,62,69,68,66,74,80,80,77,CDM,4,2,Right,"182cm / 6'0""",72kg / 159lb,"['CM', 'CB']",27,Ghana,LaLiga,R. Oviedo,"['Aerial Fortress', 'Intercept', 'Long Ball Pass']",,,,,
6384,Rahim Alhassane,M,69,83,45,58,63,64,72,82,84,58,35,60,51,36,41,61,53,39,62,55,59,61,68,69,64,64,54,64,62,65,63,63,78,80,69,66,LB,2,3,Left,"184cm / 6'0""",75kg / 165lb,['LM'],23,Niger,LaLiga,R. Oviedo,[],,,,,
6393,Sirlord Conteh,M,69,95,64,56,70,37,63,94,96,71,68,64,61,53,52,57,55,37,65,40,53,70,85,77,70,67,60,33,58,33,37,37,77,72,60,58,ST,2,3,Right,"179cm / 5'10""",78kg / 172lb,"['RM', 'RW']",29,Germany,Bundesliga,Heidenheim,"['Quick Step', 'Rapid']",,,,,
6396,Iker Benito,M,69,80,61,65,69,50,60,82,78,65,62,63,60,53,46,68,65,52,66,62,60,68,73,71,65,68,69,53,45,50,50,48,66,64,60,55,LM,3,3,Right,"176cm / 5'9""",71kg / 157lb,"['RM', 'LB', 'LW']",23,Spain,LaLiga,Osasuna,"['Inventive', 'Technical']",,,,,
6398,Ethan Mbappé,M,69,73,60,68,71,59,54,70,75,63,61,64,60,47,53,62,69,54,73,68,57,72,65,65,67,73,69,62,54,56,63,57,56,67,48,52,CM,2,3,Left,"180cm / 5'11""",70kg / 154lb,['RM'],18,France,Ligue 1,Lille,[],,,,,
6412,Jonathan Fischer,M,69,68,67,66,69,44,69,42,46,6,8,50,9,7,12,11,56,11,36,35,14,22,45,22,63,23,35,14,12,5,13,10,65,31,73,24,GK,3,1,Left,"197cm / 6'6""",90kg / 198lb,,24,Denmark,Ligue 1,FC Metz,['Footwork'],68.0,67.0,66.0,69.0,69.0
6417,Carlo Pinsoglio,M,69,70,70,62,70,42,69,43,41,11,11,47,6,8,22,13,35,18,24,28,11,18,33,40,61,22,63,18,13,20,12,13,60,34,60,32,GK,2,1,Left,"194cm / 6'4""",85kg / 187lb,,35,Italy,Serie A,Juventus,[],70.0,70.0,62.0,69.0,70.0
6423,Leopold Zingerle,M,69,70,66,66,71,42,68,38,47,8,7,50,6,8,15,11,40,12,28,13,11,9,38,51,65,20,47,11,10,11,9,10,53,34,54,21,GK,3,1,Right,"182cm / 6'0""",76kg / 168lb,,31,Germany,Bundesliga,RB Leipzig,[],70.0,66.0,66.0,68.0,71.0
6443,Víctor García,M,69,71,66,65,68,50,62,69,73,64,70,66,62,61,62,69,63,49,68,67,53,70,63,66,61,70,57,45,68,40,59,45,71,74,62,45,RM,3,3,Right,"180cm / 5'11""",79kg / 174lb,['RW'],28,Spain,LaLiga,Levante UD,"['Intercept', 'Technical']",,,,,
6455,Karl-Johan Johnsson,M,69,68,67,67,69,40,70,40,41,12,12,50,14,18,20,15,45,16,38,41,15,16,41,38,64,21,41,16,19,16,18,16,62,28,64,30,GK,2,1,Right,"188cm / 6'2""",84kg / 185lb,,35,Sweden,Ligue 1,Strasbourg,['Footwork'],68.0,67.0,67.0,70.0,69.0
6465,Lars Ritzka,M,69,75,48,62,65,64,67,73,76,54,38,65,53,49,38,64,58,38,68,62,58,62,66,70,62,68,63,66,52,67,63,66,68,77,68,53,LB,3,2,Left,"182cm / 6'0""",78kg / 172lb,"['LM', 'CB']",27,Germany,Bundesliga,St Pauli,[],,,,,
6472,Þórir Jóhann Helgason,M,69,67,64,67,68,55,60,68,66,68,63,75,63,49,41,60,68,58,72,69,64,69,62,62,69,70,63,62,42,47,62,55,54,71,58,52,CM,3,2,Right,"187cm / 6'2""",66kg / 146lb,['CAM'],25,Iceland,Serie A,Lecce,[],,,,,
6478,Adrián Liso,M,69,80,68,61,70,31,71,80,80,68,68,72,70,57,60,69,61,45,61,54,72,75,74,74,53,66,60,23,48,31,29,31,72,73,75,57,LM,3,3,Left,"182cm / 6'0""",72kg / 159lb,"['ST', 'LW']",20,Spain,LaLiga,Getafe CF,['Low Driven Shot'],,,,,
6479,Max Finkgräfe,M,69,75,43,61,73,64,65,75,75,57,36,53,47,41,38,67,52,71,67,49,55,75,75,73,67,70,66,67,50,62,68,67,68,59,67,69,LB,3,2,Left,"183cm / 6'0""",77kg / 170lb,['LM'],21,Germany,Bundesliga,RB Leipzig,['Anticipate'],,,,,
6481,Rabby Nzingoula,M,69,68,49,56,66,68,73,70,66,55,51,51,45,31,44,38,52,36,69,61,54,66,70,61,67,66,64,67,59,67,73,71,72,78,71,72,CDM,3,3,Right,"183cm / 6'0""",73kg / 161lb,['CM'],19,France,Ligue 1,Strasbourg,[],,,,,
6483,Jiří Letáček,M,69,70,68,65,71,37,69,42,30,10,14,49,13,14,24,17,36,13,29,28,16,12,45,34,58,17,43,12,16,10,14,18,71,39,81,24,GK,2,1,Right,"196cm / 6'5""",98kg / 216lb,,26,Czech Republic,LaLiga,Getafe CF,[],70.0,68.0,65.0,69.0,71.0
6500,Julian Niehues,M,69,56,54,60,64,68,78,57,55,41,54,60,55,51,40,46,65,33,67,66,50,67,53,42,68,67,58,67,68,67,69,68,77,72,84,71,CDM,3,2,Right,"195cm / 6'5""",88kg / 194lb,['CM'],24,Germany,Bundesliga,Heidenheim,['Precision Header'],,,,,
6503,Abderrahman Rebbach,M,69,73,70,65,68,36,68,69,76,64,75,78,55,60,69,68,62,45,69,66,56,70,64,69,59,69,54,35,55,30,35,37,71,63,73,63,LM,3,3,Right,"176cm / 5'9""",70kg / 154lb,['LW'],27,Algeria,LaLiga,Alaves,[],,,,,
6505,Assan Ouédraogo,M,69,76,56,60,76,45,67,76,76,64,55,58,56,49,55,42,67,46,67,64,53,78,83,77,64,74,63,46,60,41,46,41,80,57,77,49,CAM,3,4,Right,"191cm / 6'3""",84kg / 185lb,['CM'],19,Germany,Bundesliga,RB Leipzig,"['Inventive', 'Technical']",,,,,
6507,Gonzalo,M,69,68,69,61,68,45,69,67,69,70,70,73,65,64,64,58,60,51,65,60,61,69,66,64,68,70,63,44,67,42,40,50,75,66,73,59,ST,4,3,Right,"182cm / 6'0""",82kg / 181lb,,21,Spain,LaLiga,Real Madrid,[],,,,,
6509,Régis Gurtner,M,69,65,66,70,66,42,70,39,46,6,9,53,8,10,24,10,28,10,29,30,9,10,32,32,81,28,59,13,10,10,12,13,61,38,68,35,GK,2,1,Right,"182cm / 6'0""",82kg / 181lb,,38,France,Ligue 1,RC Lens,"['Footwork', 'Long Ball Pass']",65.0,66.0,70.0,70.0,66.0
6522,Tommaso Barbieri,M,69,81,45,60,63,65,65,80,81,54,40,54,45,42,50,64,58,49,61,58,58,64,67,69,68,61,56,65,58,65,67,65,71,75,59,68,RB,3,2,Right,"181cm / 5'11""",72kg / 159lb,['RM'],23,Italy,Serie A,Monza,[],,,,,
6533,Samuele Angori,M,69,67,52,64,68,64,63,69,66,69,56,50,50,40,36,68,62,35,70,65,45,69,65,61,68,70,58,65,53,63,67,65,61,73,57,64,LM,3,3,Left,"184cm / 6'0""",72kg / 159lb,['LW'],22,Italy,Serie A,Pisa,"['Dead Ball', 'Whipped Pass']",,,,,
6549,Jessic Ngankam,M,69,80,68,59,70,27,73,80,80,67,69,74,66,53,60,65,60,43,62,50,48,71,70,75,67,69,67,15,60,17,36,19,82,70,78,62,ST,4,3,Right,"184cm / 6'0""",84kg / 185lb,,25,Germany,Bundesliga,Ein Frankfurt,"['Acrobatic', 'Rapid']",,,,,
6550,Tyrhys Dolan,M,69,79,61,62,74,42,59,84,74,65,65,60,57,55,45,65,66,42,65,55,63,73,93,91,65,70,65,45,47,40,42,38,59,68,46,80,RM,3,4,Right,"164cm / 5'5""",63kg / 139lb,"['CAM', 'LM', 'RW']",23,England,LaLiga,Espanol,['Trickster'],,,,,
6583,Marius Broholm,M,69,75,63,64,68,49,56,78,72,67,66,60,65,45,48,66,67,48,65,61,59,65,80,76,65,67,63,52,46,47,50,51,53,81,44,54,RM,3,3,Left,"176cm / 5'9""",69kg / 152lb,['RW'],20,Norway,Ligue 1,Lille,[],,,,,
6587,Yanis Zouaoui,M,69,63,52,64,67,64,64,67,60,55,51,54,52,49,43,71,59,46,68,57,58,65,68,59,67,70,66,63,59,62,68,67,66,73,62,59,LB,3,2,Left,"183cm / 6'0""",75kg / 165lb,['LM'],27,France,Ligue 1,Havre AC,[],,,,,
6590,Maxime Colin,M,69,68,43,60,66,67,70,66,69,59,33,62,44,35,41,62,56,39,64,61,66,64,69,68,67,67,65,65,68,68,66,67,72,72,68,71,RB,4,2,Right,"180cm / 5'11""",76kg / 168lb,,34,France,Ligue 1,FC Metz,[],,,,,
6591,Maximilian Philipp,M,69,63,72,66,75,42,56,71,56,72,70,76,68,75,80,64,69,64,69,59,68,75,74,74,70,76,68,39,50,39,48,34,66,53,64,36,ST,4,3,Right,"183cm / 6'0""",79kg / 174lb,['CAM'],31,Germany,Bundesliga,Freiburg,['Acrobatic'],,,,,
6601,Danel Sinani,M,69,61,67,69,71,41,65,67,56,63,65,72,70,64,64,66,69,70,72,65,67,70,68,72,70,73,65,44,38,38,43,42,57,60,70,59,CAM,3,3,Left,"185cm / 6'1""",77kg / 170lb,"['RW', 'RM', 'CM']",28,Luxembourg,Bundesliga,St Pauli,[],,,,,
6607,Ilyas Ansah,M,69,83,62,58,71,27,73,82,83,68,65,66,54,53,60,55,62,31,65,52,50,77,72,47,67,69,56,23,64,26,21,18,77,74,80,53,ST,3,4,Right,"194cm / 6'4""",84kg / 185lb,"['CAM', 'LW', 'CM']",21,Germany,Bundesliga,Union Berlin,['Technical'],,,,,
6621,Cristian Volpato,M,69,72,67,66,71,37,60,69,74,67,66,74,68,54,57,62,71,56,68,66,65,75,55,60,67,75,64,36,49,34,36,42,61,66,63,47,RW,3,3,Left,"187cm / 6'2""",78kg / 172lb,['RM'],22,Italy,Serie A,Empoli,['Incisive Pass'],,,,,
6650,Théo Le Bris,M,69,64,51,70,70,63,53,65,63,72,50,60,41,44,52,64,71,48,76,72,55,68,62,93,70,72,74,63,64,57,67,65,54,71,38,68,LM,3,3,Right,"170cm / 5'7""",65kg / 143lb,"['RM', 'LB']",23,France,Ligue 1,FC Lorient,[],,,,,
6652,Derry Scherhant,M,69,83,66,61,73,23,65,78,87,68,69,68,59,64,61,64,58,34,68,53,72,76,75,69,67,72,64,16,56,20,21,19,73,67,66,56,ST,3,4,Right,"185cm / 6'1""",78kg / 172lb,"['LM', 'LW', 'CAM']",23,Germany,Bundesliga,Freiburg,"['Gamechanger', 'Technical']",,,,,
6661,Assane Dioussé,M,69,57,47,64,72,66,64,64,51,50,37,62,54,36,56,50,69,45,71,67,63,71,79,75,69,72,62,67,60,64,70,67,66,70,60,68,CDM,3,3,Left,"175cm / 5'9""",68kg / 150lb,"['CM', 'CB']",28,Senegal,Ligue 1,Auxerre,[],,,,,
6671,Marvin Senaya,M,69,70,46,57,66,67,64,70,70,50,48,42,45,36,45,65,46,42,63,55,57,66,63,69,68,66,66,67,58,65,71,67,67,72,63,56,RB,3,2,Right,"181cm / 5'11""",65kg / 143lb,['RM'],24,France,Ligue 1,Auxerre,[],,,,,
6672,Loum Tchaouna,M,69,75,71,63,70,37,54,71,78,67,72,72,69,72,69,65,60,59,66,58,70,71,66,72,65,73,63,32,50,37,36,33,62,54,56,47,RM,3,3,Left,"180cm / 5'11""",67kg / 148lb,"['ST', 'RW']",22,France,Premier League,Burnley,[],,,,,
6674,Pathé Mboup,M,69,87,65,59,72,27,60,90,84,64,67,72,60,48,63,60,58,38,64,55,54,72,85,83,62,68,60,18,32,21,38,23,62,82,59,32,LM,3,3,Right,"175cm / 5'9""",65kg / 143lb,"['RM', 'ST', 'LW']",22,Senegal,Ligue 1,Brest,"['Finesse Shot', 'Quick Step', 'Rapid']",,,,,
6703,Julián Malatini,M,69,71,35,57,63,68,74,68,74,62,36,30,32,26,46,57,50,40,64,59,45,60,67,61,68,67,64,72,67,64,67,71,76,72,75,74,CB,2,2,Right,"191cm / 6'3""",84kg / 185lb,['RB'],24,Argentina,Bundesliga,Werder Bremen,['Intercept'],,,,,
6713,Vakoun Issouf Bayo,M,69,76,68,54,67,25,77,76,76,67,70,71,61,67,69,55,48,44,61,43,58,67,69,53,66,68,63,21,68,19,19,25,85,65,82,78,ST,3,3,Right,"184cm / 6'0""",72kg / 159lb,,28,Côte d'Ivoire,Serie A,Udinese,['Precision Header'],,,,,
6721,Terry Yegbe,M,69,79,36,49,56,66,80,78,79,31,30,42,48,33,35,37,38,25,64,61,33,57,46,37,63,60,55,65,68,62,68,67,89,68,91,63,CB,3,2,Left,"195cm / 6'5""",87kg / 192lb,,24,Ghana,Ligue 1,FC Metz,[],,,,,
6729,Alimami Gory,M,69,87,64,59,71,25,60,86,88,71,67,65,59,51,67,61,58,44,65,48,53,70,87,70,68,69,69,23,66,22,18,13,79,65,63,39,ST,3,3,Right,"182cm / 6'0""",75kg / 165lb,"['RM', 'LM', 'CAM']",29,France,Ligue 1,Paris FC,['Quick Step'],,,,,
6737,Pablo Campos,M,69,69,68,64,71,26,68,24,29,5,7,48,8,9,11,14,56,11,29,26,14,11,30,36,66,15,53,15,13,8,12,13,57,29,67,27,GK,3,1,Left,"188cm / 6'2""",78kg / 172lb,,23,Spain,LaLiga,Levante UD,['Footwork'],69.0,68.0,64.0,68.0,71.0
6745,Immanuel Pherai,M,69,81,58,65,73,38,50,78,84,66,61,51,58,53,50,57,70,53,69,65,64,71,89,86,69,70,65,51,42,36,29,38,56,61,50,34,CAM,3,4,Right,"175cm / 5'9""",74kg / 163lb,['CM'],24,Suriname,Bundesliga,Hamburger SV,"['First Touch', 'Incisive Pass', 'Inventive', 'Technical']",,,,,
6807,Unai Marrero,M,69,70,67,61,71,25,66,26,24,7,5,46,9,6,15,10,42,10,21,16,12,8,31,38,67,16,40,9,10,5,10,10,53,24,59,16,GK,3,1,Right,"189cm / 6'2""",82kg / 181lb,,24,Spain,LaLiga,Sociedad,[],70.0,67.0,61.0,66.0,71.0
6819,Andréas Hountondji,M,69,75,67,58,72,21,66,73,76,72,72,65,62,58,57,55,58,42,65,49,58,73,75,80,66,69,69,10,64,16,22,15,79,69,76,33,ST,3,3,Right,"190cm / 6'3""",86kg / 190lb,,23,Benin,Bundesliga,St Pauli,[],,,,,
6820,Luca Jaquez,M,69,64,42,52,62,68,71,60,68,50,45,45,34,31,45,38,43,33,66,63,32,60,59,61,68,66,59,67,66,66,70,67,75,59,79,65,CB,3,2,Right,"187cm / 6'2""",80kg / 176lb,,22,Switzerland,Bundesliga,Stuttgart,[],,,,,
6839,Bertuğ Yıldırım,M,69,66,67,53,67,32,72,60,70,72,68,71,62,65,62,36,63,44,66,42,38,67,62,56,63,71,64,23,70,38,22,23,76,67,76,68,ST,2,3,Right,"186cm / 6'1""",78kg / 172lb,,23,Turkey,Ligue 1,Rennes,[],,,,,
6845,Timothée Kolodziejczak,M,69,54,39,64,59,69,71,55,54,62,30,47,43,30,49,67,62,34,68,67,59,55,54,52,68,64,65,68,68,70,69,66,73,61,76,72,CB,2,2,Left,"183cm / 6'0""",75kg / 165lb,,34,France,Ligue 1,Paris FC,"['Long Ball Pass', 'Precision Header']",,,,,
6854,Roony Bardghji,M,69,73,68,63,74,25,53,75,71,71,69,70,65,60,63,61,68,63,64,55,66,73,87,86,64,72,69,23,24,26,25,24,48,62,51,48,RM,4,4,Left,"173cm / 5'8""",70kg / 154lb,['RW'],20,Sweden,LaLiga,Barcelona,"['Gamechanger', 'Technical', 'Trickster']",,,,,
6856,Owen Kouassi,M,69,70,35,51,55,69,75,67,73,47,28,47,39,23,38,52,37,32,63,49,44,51,52,56,66,59,53,68,71,65,73,68,79,81,74,71,CB,3,2,Right,"184cm / 6'0""",78kg / 172lb,,22,France,Serie A,Lecce,['Jockey'],,,,,
6859,Ian Poveda,M,69,76,57,62,74,33,53,84,70,66,61,54,51,50,51,65,66,55,64,52,58,74,82,88,66,72,65,27,27,35,36,31,57,55,56,41,RM,3,3,Left,"167cm / 5'6""",64kg / 141lb,"['CAM', 'RW']",25,Colombia,Premier League,Sunderland,[],,,,,
6864,Lucas Høgsberg,M,69,67,31,56,61,69,71,65,68,54,29,28,32,29,35,55,46,27,66,62,37,59,65,67,67,62,57,69,67,67,70,69,74,67,73,68,CB,3,2,Right,"182cm / 6'0""",70kg / 154lb,"['RB', 'LB', 'RM']",19,Denmark,Ligue 1,Strasbourg,[],,,,,
6870,Javi Llabrés,M,69,79,60,62,69,32,52,80,78,62,65,59,52,52,58,68,61,44,64,56,58,68,80,78,62,69,56,32,37,28,34,32,52,79,47,31,LM,4,3,Right,"174cm / 5'9""",67kg / 148lb,['LW'],23,Spain,LaLiga,Mallorca,[],,,,,
6884,Junior Diaz,M,69,79,29,49,50,69,76,75,82,21,22,45,30,32,31,43,38,38,60,53,34,42,64,50,62,53,54,67,64,67,74,71,82,71,81,70,CB,2,2,Right,"193cm / 6'4""",78kg / 172lb,,22,Côte d'Ivoire,Ligue 1,Brest,"['Aerial Fortress', 'Block']",,,,,
6889,John Donald,M,69,52,43,58,64,71,63,50,53,49,39,56,41,39,41,46,59,35,69,61,40,64,55,61,70,68,59,71,69,70,72,71,65,57,63,70,CB,3,2,Right,"182cm / 6'0""",77kg / 170lb,"['CDM', 'CM']",25,Spain,LaLiga,Elche CF,[],,,,,
6897,Cas Odenthal,M,69,61,35,54,58,70,72,53,68,25,25,54,33,46,49,54,44,32,62,59,35,54,59,58,68,60,68,69,67,70,72,69,72,68,76,69,CB,3,2,Right,"190cm / 6'3""",79kg / 174lb,,25,Holland,Serie A,Empoli,['Bruiser'],,,,,
6904,Ayden Heaven,M,69,69,28,52,59,69,71,69,69,35,24,35,26,27,41,39,52,30,62,55,44,60,56,51,67,58,67,68,67,70,70,69,77,61,76,70,CB,3,2,Left,"189cm / 6'2""",84kg / 185lb,['LB'],19,England,Premier League,Man United,[],,,,,
6915,Nikola Maraš,M,69,59,38,50,55,68,77,56,61,28,38,52,29,28,32,31,46,28,68,51,25,50,61,49,62,59,67,64,69,68,71,70,76,76,81,70,CB,2,2,Right,"189cm / 6'2""",79kg / 174lb,,29,Serbia,LaLiga,Alaves,[],,,,,
6918,Mohamed Kader Meïté,M,69,65,70,53,66,23,69,62,67,67,72,73,69,63,63,45,52,45,61,45,57,68,58,47,59,69,65,18,71,13,23,19,83,60,83,42,ST,3,3,Right,"192cm / 6'4""",80kg / 176lb,,18,France,Ligue 1,Rennes,['Enforcer'],,,,,
6922,Enzo Ebosse,M,69,56,35,54,60,70,71,55,56,51,28,45,38,27,41,56,45,31,62,53,51,60,46,62,63,66,52,72,68,67,72,71,72,66,75,67,CB,3,2,Left,"185cm / 6'1""",75kg / 165lb,,26,Cameroon,Serie A,Verona,[],,,,,
6929,Manuel De Luca,M,69,52,70,54,63,34,72,53,52,75,72,74,61,62,72,42,61,43,61,49,56,62,50,48,68,69,69,33,74,39,22,18,80,73,81,48,ST,5,2,Right,"192cm / 6'4""",82kg / 181lb,,27,Italy,Serie A,Monza,['Press Proven'],,,,,
6933,Luca Kilian,M,69,56,39,55,53,68,73,47,64,33,36,56,33,29,36,48,52,35,64,61,31,48,50,47,67,57,67,68,71,65,70,69,69,56,82,72,CB,3,2,Right,"192cm / 6'4""",91kg / 201lb,,26,Germany,Bundesliga,1. FC Köln,['Block'],,,,,
6941,Oier Luengo,M,69,60,32,49,54,69,78,54,64,40,27,45,26,30,41,47,39,33,58,49,42,52,53,49,66,57,58,69,70,68,70,67,75,76,80,74,CB,2,2,Right,"185cm / 6'1""",82kg / 181lb,"['RB', 'RM']",28,Spain,LaLiga,R. Oviedo,[],,,,,
6948,Tobias Slotsager,M,69,69,27,49,61,69,66,68,70,34,23,38,21,34,31,36,34,28,66,63,30,60,57,56,68,62,60,69,70,69,69,67,73,60,67,71,CB,3,2,Right,"189cm / 6'2""",79kg / 174lb,,19,Denmark,Serie A,Verona,['Block'],,,,,
6954,Samuel Amo-Ameyaw,M,69,77,58,63,73,28,41,78,77,65,62,58,55,43,51,63,67,46,66,54,60,72,81,84,66,71,68,26,44,23,28,26,47,58,34,36,RM,3,3,Left,"174cm / 5'9""",64kg / 141lb,['RW'],19,England,Ligue 1,Strasbourg,[],,,,,
6975,Clemens Riedel,M,69,60,28,50,58,69,70,55,64,25,19,48,26,28,35,38,38,21,67,60,31,51,62,64,68,62,69,69,68,70,70,68,80,58,74,70,CB,3,2,Right,"186cm / 6'1""",73kg / 161lb,,22,Germany,LaLiga,Espanol,['Slide Tackle'],,,,,
7020,Giovanni Leoni,M,69,53,27,42,52,71,68,51,54,25,25,40,22,22,27,22,34,25,61,45,21,45,48,40,65,60,65,70,67,72,72,70,67,65,70,68,CB,3,2,Right,"193cm / 6'4""",79kg / 174lb,,18,Italy,Premier League,Liverpool,[],,,,,
7023,Saba Goglichidze,M,69,54,25,44,48,72,66,56,53,29,21,34,22,22,38,28,30,29,61,51,29,39,40,55,65,61,50,70,72,73,72,70,71,66,63,72,CB,3,2,Right,"192cm / 6'4""",82kg / 181lb,,21,Georgia,Serie A,Udinese,"['Anticipate', 'Block', 'Intercept']",,,,,
7029,Miguel Rubio,M,69,41,29,46,45,68,67,37,44,21,26,45,22,30,34,26,27,21,69,58,24,32,32,30,67,64,57,72,68,66,66,68,70,32,83,70,CB,3,2,Right,"191cm / 6'3""",86kg / 190lb,,27,Spain,LaLiga,Espanol,"['Anticipate', 'Intercept', 'Precision Header']",,,,,
7040,Marko Rog,M,68,72,67,69,72,63,66,77,67,68,62,75,69,67,62,65,68,67,72,69,66,72,76,79,58,72,71,66,48,61,68,66,66,60,63,80,CM,3,3,Right,"180cm / 5'11""",73kg / 161lb,['CDM'],30,Croatia,Serie A,Cagliari,['Technical'],,,,,
7046,Tino Anjorin,M,68,75,68,67,73,56,69,73,76,66,67,72,69,55,63,62,68,62,70,66,63,75,74,73,65,72,69,61,50,44,65,57,71,67,73,63,CM,3,3,Right,"185cm / 6'1""",81kg / 179lb,['CAM'],24,England,Serie A,Torino,[],,,,,
7047,Abu Francis,M,68,72,66,65,71,63,71,72,72,66,66,72,65,60,48,54,70,54,72,65,59,69,74,70,65,73,68,64,60,61,66,65,75,66,71,77,CM,3,3,Right,"184cm / 6'0""",72kg / 159lb,['CDM'],24,Ghana,Ligue 1,Toulouse,"['Aerial Fortress', 'Pinged Pass', 'Power Shot', 'Technical']",,,,,
7076,Jean-Philippe Gbamin,M,68,69,58,67,66,68,73,65,73,67,48,76,68,53,40,68,66,60,67,68,62,65,64,63,64,68,69,67,68,68,69,65,78,56,80,76,CDM,3,3,Right,"186cm / 6'1""",83kg / 183lb,"['CB', 'CM']",30,Côte d'Ivoire,Ligue 1,FC Metz,[],,,,,
7103,Louis Oppie,M,68,77,59,62,61,62,78,70,82,62,47,78,70,61,41,64,57,67,62,60,73,60,66,64,64,61,62,59,63,64,64,59,77,88,78,66,LB,3,2,Left,"184cm / 6'0""",81kg / 179lb,['LM'],23,Germany,Bundesliga,St Pauli,"['Dead Ball', 'Power Shot', 'Whipped Pass']",,,,,
7134,Mehdi Léris,M,68,67,62,65,68,60,74,63,70,64,60,64,63,61,62,62,70,58,66,60,62,69,62,58,68,70,69,60,64,58,60,60,73,75,74,71,RM,3,3,Right,"186cm / 6'1""",78kg / 172lb,['RW'],27,Algeria,Serie A,Pisa,[],,,,,
7138,Fodé Doucouré,M,68,88,55,57,67,64,65,86,90,51,58,63,46,49,47,60,48,45,63,54,54,65,86,85,56,65,58,65,63,68,62,59,78,77,61,56,RB,3,2,Right,"172cm / 5'8""",61kg / 134lb,['RM'],24,Mali,Ligue 1,Havre AC,[],,,,,
7155,Alessandro Deiola,M,68,53,67,64,65,70,75,53,53,74,62,78,70,66,54,54,64,62,69,67,56,64,64,51,70,67,64,73,69,68,72,67,73,70,76,77,CM,3,2,Right,"188cm / 6'2""",83kg / 183lb,['CDM'],30,Italy,Serie A,Cagliari,['Aerial Fortress'],,,,,
7196,Romano Floriani Mussolini,M,68,74,54,63,66,62,72,68,78,68,51,63,50,51,47,70,58,45,68,60,56,69,56,56,66,68,54,62,55,61,63,64,71,78,74,58,RM,3,3,Right,"188cm / 6'2""",75kg / 165lb,['RB'],22,Italy,Serie A,Monza,[],,,,,
7222,Nikolas Nartey,M,68,67,49,67,73,66,68,69,65,63,55,51,38,32,41,65,70,40,73,65,45,73,74,74,71,74,67,66,60,67,68,61,74,55,74,67,CM,3,3,Left,"187cm / 6'2""",82kg / 181lb,"['CAM', 'LB']",25,Denmark,Bundesliga,Stuttgart,[],,,,,
7229,Arkadiusz Pyrka,M,68,84,59,59,67,61,60,83,85,60,64,56,55,52,54,62,58,42,64,56,51,63,80,73,59,69,58,60,48,60,64,65,66,78,59,36,RB,3,3,Right,"177cm / 5'10""",70kg / 154lb,,23,Poland,Bundesliga,St Pauli,['Technical'],,,,,
7232,Gabriele Piccinini,M,68,65,58,67,69,61,70,66,65,59,56,66,56,50,49,60,70,51,72,70,57,68,66,64,68,72,66,62,55,60,64,62,67,75,69,68,CM,3,2,Right,"184cm / 6'0""",78kg / 172lb,,24,Italy,Serie A,Pisa,['Jockey'],,,,,
7262,Naouirou Ahamada,M,68,67,62,65,71,61,62,74,61,65,62,70,61,48,49,57,72,46,71,64,48,72,75,77,70,70,62,64,56,55,67,59,67,64,58,70,CM,3,2,Right,"183cm / 6'0""",73kg / 161lb,"['CAM', 'RM']",23,France,Premier League,Crystal Palace,[],,,,,
7280,Josh King,M,68,67,63,67,70,61,58,67,67,65,61,68,67,51,57,63,68,55,70,69,66,69,72,74,66,70,68,64,43,59,66,62,51,67,54,60,CM,4,3,Right,"173cm / 5'8""",66kg / 146lb,"['CDM', 'CAM']",18,England,Premier League,Fulham,[],,,,,
7338,Brooke Norton-Cuffy,M,68,80,45,63,70,61,65,79,80,61,48,43,39,36,45,67,55,41,69,63,54,72,73,70,67,66,64,61,59,61,61,63,73,68,63,66,RM,3,3,Right,"181cm / 5'11""",70kg / 154lb,"['RB', 'RW']",21,England,Serie A,Genoa,[],,,,,
7345,Mikayil Faye,M,68,75,52,59,58,65,75,72,77,48,38,77,68,36,35,58,44,63,67,58,56,54,63,47,66,62,58,63,67,60,70,63,81,66,79,73,CB,3,2,Left,"186cm / 6'1""",81kg / 179lb,,21,Senegal,Serie A,Monza,[],,,,,
7347,Mario Sauer,M,68,72,66,66,69,49,61,74,70,59,64,78,69,48,57,54,69,53,70,74,58,70,67,66,58,72,64,51,53,38,58,48,64,73,57,54,CM,3,3,Right,"180cm / 5'11""",73kg / 161lb,['CAM'],21,Slovakia,Ligue 1,Toulouse,[],,,,,
7360,Benjamin Cremaschi,M,68,74,57,64,72,58,58,73,75,66,58,60,52,39,63,48,72,39,71,69,51,75,71,70,60,72,60,60,38,55,65,63,56,60,59,53,CM,3,3,Right,"180cm / 5'11""",75kg / 165lb,"['CAM', 'RM']",20,United States,Serie A,Parma,[],,,,,
7365,Benjamin Leroy,M,68,65,66,67,69,46,69,46,46,9,13,50,11,10,22,12,53,19,23,14,11,14,37,40,69,18,60,15,12,14,12,17,48,28,40,25,GK,3,1,Right,"184cm / 6'0""",75kg / 165lb,,36,France,Ligue 1,FC Lorient,['Footwork'],65.0,66.0,67.0,69.0,69.0
7393,Frank Feller,M,68,73,69,69,68,30,72,29,32,6,7,52,6,7,13,12,40,11,33,33,10,12,35,43,43,18,47,10,13,8,14,13,43,26,41,24,GK,3,1,Right,"183cm / 6'0""",76kg / 168lb,,21,Germany,Bundesliga,Heidenheim,[],73.0,69.0,69.0,72.0,68.0
7416,Hamza Rafia,M,68,60,67,68,74,48,63,65,55,68,62,74,74,55,59,61,71,72,70,64,74,75,71,80,67,74,63,58,42,48,48,34,53,67,57,73,CM,3,3,Right,"178cm / 5'10""",75kg / 165lb,['CAM'],26,Tunisia,Serie A,Lecce,[],,,,,
7426,Yeferson Paz,M,68,72,51,63,68,63,63,73,71,63,47,71,43,37,46,72,50,38,68,62,68,68,67,74,62,69,58,63,59,61,66,64,67,67,57,71,RB,3,2,Right,"176cm / 5'9""",67kg / 148lb,['RM'],23,Colombia,Serie A,Empoli,['Slide Tackle'],,,,,
7427,Skelly Alvero,M,68,56,52,62,67,64,79,54,57,54,49,57,53,52,44,52,68,40,67,64,53,70,63,30,66,69,70,63,64,62,68,64,77,67,91,66,CDM,3,3,Right,"202cm / 6'8""",93kg / 205lb,['CM'],23,France,Bundesliga,Werder Bremen,[],,,,,
7464,Abu Kamara,M,68,86,63,59,71,39,60,87,85,63,63,65,62,59,67,62,63,42,62,47,64,72,84,69,61,68,64,35,55,42,37,30,75,70,61,40,RM,3,3,Left,"186cm / 6'1""",72kg / 159lb,"['RW', 'LM']",22,England,LaLiga,Getafe CF,"['Finesse Shot', 'Quick Step', 'Technical']",,,,,
7471,Raffaele Di Gennaro,M,68,71,67,62,69,43,65,41,45,13,15,47,9,20,24,12,43,18,25,21,14,19,35,42,66,26,67,23,16,6,18,17,55,40,51,22,GK,2,1,Right,"186cm / 6'1""",80kg / 176lb,,32,Italy,Serie A,Milano FC,[],71.0,67.0,62.0,65.0,69.0
7477,Gabriel Slonina,M,68,70,64,63,70,45,65,43,47,10,10,47,10,10,13,10,50,12,25,30,11,15,50,45,68,25,50,13,11,20,11,12,63,35,70,40,GK,2,1,Right,"193cm / 6'4""",89kg / 196lb,,21,United States,Premier League,Chelsea,[],70.0,64.0,63.0,65.0,70.0
7482,Balthazar Pierret,M,68,66,52,59,64,68,68,70,62,48,48,66,55,33,34,41,59,51,68,67,59,63,67,56,64,69,53,67,63,69,68,67,72,71,70,60,CDM,3,2,Right,"186cm / 6'1""",82kg / 181lb,['CM'],25,France,Serie A,Lecce,[],,,,,
7502,Mario Martín,M,68,65,53,67,70,63,58,62,67,63,53,53,52,48,43,58,70,45,72,70,60,70,70,74,68,70,68,68,54,57,69,57,53,67,48,75,CM,3,3,Right,"177cm / 5'10""",75kg / 165lb,['CDM'],21,Spain,LaLiga,Getafe CF,[],,,,,
7507,Ángel Ortiz,M,68,72,48,64,68,63,60,75,70,59,48,59,42,33,39,68,65,41,66,60,65,67,72,76,65,67,62,65,52,64,65,64,65,64,59,55,RB,3,2,Right,"167cm / 5'6""",60kg / 132lb,['RM'],21,Spain,LaLiga,Betis,[],,,,,
7520,Oussama El Azzouzi,M,68,55,61,65,65,65,64,55,55,63,58,70,59,58,53,55,64,45,74,70,48,66,61,56,65,69,58,68,67,61,66,62,67,56,64,71,CDM,3,2,Right,"189cm / 6'2""",75kg / 165lb,['CM'],24,Morocco,Ligue 1,Auxerre,[],,,,,
7534,Lautaro Valenti,M,68,69,51,55,57,68,74,68,70,46,40,70,62,42,53,45,47,55,63,56,58,55,60,59,61,59,55,65,69,69,69,70,76,77,74,70,CB,4,2,Left,"188cm / 6'2""",80kg / 176lb,,26,Argentina,Serie A,Parma,['Slide Tackle'],,,,,
7547,Rio Ngumoha,M,68,90,64,59,72,35,53,92,89,64,65,68,62,57,59,64,66,52,57,49,63,71,85,88,62,68,71,36,38,32,39,30,61,62,54,39,LM,3,3,Right,"170cm / 5'7""",68kg / 150lb,['LW'],17,England,Premier League,Liverpool,"['Quick Step', 'Technical']",,,,,
7559,Julio Soler,M,68,75,46,60,67,65,60,75,75,52,42,57,44,39,53,68,52,41,64,55,63,67,68,72,60,68,60,64,59,66,67,65,67,60,55,69,LB,3,2,Left,"175cm / 5'9""",63kg / 139lb,['LM'],20,Argentina,Premier League,Bournemouth,[],,,,,
7574,Álex Padilla,M,68,70,67,63,71,34,67,37,29,7,6,47,8,5,16,13,34,11,22,20,12,10,35,35,51,15,27,8,8,6,15,10,57,22,62,26,GK,3,1,Right,"190cm / 6'3""",83kg / 183lb,,22,Mexico,LaLiga,Ath Bilbao,[],70.0,67.0,63.0,67.0,71.0
7577,Reda Belahyane,M,68,66,49,64,75,66,52,69,63,53,42,59,55,47,51,48,64,57,74,68,61,75,77,91,67,76,65,67,52,67,69,67,49,67,38,71,CM,3,2,Right,"169cm / 5'7""",53kg / 117lb,"['CDM', 'CB']",21,Morocco,Serie A,Lazio,"['Jockey', 'Slide Tackle']",,,,,
7583,John Ruddy,M,68,66,69,66,67,35,68,34,37,15,7,50,15,11,18,14,39,13,25,23,13,11,22,21,68,23,53,22,12,11,11,11,60,34,70,24,GK,3,1,Right,"193cm / 6'4""",97kg / 214lb,,39,England,Premier League,Newcastle,"['Cross Claimer', 'Far Throw']",66.0,69.0,66.0,68.0,67.0
7585,Daniel Batz,M,68,67,67,64,69,35,69,36,33,12,11,48,12,12,23,16,39,10,36,34,10,19,44,38,65,23,48,14,20,30,17,12,60,29,61,23,GK,2,1,Right,"191cm / 6'3""",90kg / 198lb,,34,Germany,Bundesliga,Mainz,[],67.0,67.0,64.0,69.0,69.0
7599,Said El Mala,M,68,75,64,62,72,39,58,74,75,65,66,68,63,52,44,55,66,43,68,59,60,73,85,85,68,66,63,39,39,41,37,39,57,60,59,51,LM,4,4,Right,"187cm / 6'2""",77kg / 170lb,"['CAM', 'LW']",19,Germany,Bundesliga,1. FC Köln,"['Low Driven Shot', 'Technical']",,,,,
7610,Alberto Paleari,M,68,67,66,66,68,32,71,31,33,8,8,50,7,12,15,14,40,13,33,29,10,12,51,22,64,19,55,12,16,17,13,12,56,30,58,22,GK,3,1,Right,"193cm / 6'4""",88kg / 194lb,,33,Italy,Serie A,Torino,[],67.0,66.0,66.0,71.0,68.0
7623,Lasso Coulibaly,M,68,90,55,58,72,33,62,91,89,64,60,60,40,43,49,51,61,37,64,59,52,71,83,82,65,69,66,21,44,32,36,44,67,63,60,66,RM,3,3,Right,"176cm / 5'9""",70kg / 154lb,['RW'],23,Côte d'Ivoire,Ligue 1,Auxerre,['Rapid'],,,,,
7629,Gvidas Gineitis,M,68,53,58,69,66,59,65,53,53,60,47,71,72,55,53,60,70,72,74,70,63,68,51,57,66,72,58,58,62,56,62,58,65,64,66,64,CM,3,2,Left,"191cm / 6'3""",75kg / 165lb,,21,Lithuania,Serie A,Torino,[],,,,,
7647,Mohamed Kaba,M,68,61,52,57,64,65,70,57,65,63,51,58,53,38,42,36,59,45,69,65,41,64,57,57,66,68,56,67,58,66,66,64,68,68,73,66,CDM,3,2,Right,"185cm / 6'1""",78kg / 172lb,['CM'],24,France,Serie A,Lecce,[],,,,,
7650,Max Weiß,M,68,70,64,67,72,35,61,35,34,9,6,50,6,8,13,10,40,14,33,29,11,10,33,40,67,19,40,12,11,9,13,10,58,28,62,18,GK,2,1,Right,"190cm / 6'3""",84kg / 185lb,,21,Germany,Premier League,Burnley,['Footwork'],70.0,64.0,67.0,61.0,72.0
7656,Anthony Bermont,M,68,74,54,63,69,50,58,75,74,56,59,45,52,43,57,62,65,49,68,60,56,69,76,68,63,70,64,44,49,49,56,45,56,81,49,50,LM,3,3,Right,"176cm / 5'9""",63kg / 139lb,"['RM', 'LB']",20,France,Ligue 1,RC Lens,[],,,,,
7671,Lohann Doucet,M,68,61,50,63,66,62,66,62,60,61,49,52,51,41,46,52,68,36,70,67,49,64,59,73,66,70,65,65,41,61,68,65,55,69,66,64,CDM,2,2,Right,"180cm / 5'11""",75kg / 165lb,['CM'],23,France,Ligue 1,Paris FC,['Long Ball Pass'],,,,,
7695,Carlos Espí,M,68,71,64,56,64,37,74,65,75,68,67,67,54,57,70,42,61,49,66,51,51,64,64,48,64,66,69,31,77,33,34,31,88,70,83,51,ST,3,3,Right,"194cm / 6'4""",80kg / 176lb,,20,Spain,LaLiga,Levante UD,[],,,,,
7739,Filip Marchwiński,M,68,67,64,65,69,40,59,65,69,69,67,66,59,51,59,56,66,54,72,65,59,69,75,63,66,69,63,42,68,33,38,34,67,68,57,53,CAM,4,3,Right,"187cm / 6'2""",72kg / 159lb,"['ST', 'CM']",23,Poland,Serie A,Lecce,[],,,,,
7766,Adam Dźwigała,M,68,68,44,54,56,66,74,66,69,48,34,56,49,38,59,41,46,39,67,56,53,47,61,67,62,64,58,68,67,61,69,68,75,70,75,76,CB,3,2,Right,"185cm / 6'1""",80kg / 176lb,['RB'],30,Poland,Bundesliga,St Pauli,['Intercept'],,,,,
7781,Santiago Hidalgo,M,68,77,65,65,72,33,50,78,76,66,68,67,61,60,49,65,62,48,69,66,72,72,78,82,59,70,66,32,56,37,27,21,71,33,60,42,RM,2,3,Left,"175cm / 5'9""",71kg / 157lb,"['CAM', 'RW']",20,Argentina,Ligue 1,Toulouse,[],,,,,
7783,Tommaso Martinelli,M,68,69,67,64,70,23,69,25,19,4,8,48,5,6,13,12,40,13,19,18,14,8,31,22,51,19,42,8,10,6,10,12,57,18,70,17,GK,3,1,Right,"196cm / 6'5""",90kg / 198lb,,19,Italy,Serie A,Fiorentina,[],69.0,67.0,64.0,69.0,70.0
7785,Abdoulaye Faye,M,68,76,34,51,64,67,70,75,77,55,26,41,39,28,34,23,57,25,67,63,23,63,65,65,65,66,58,68,65,66,67,66,79,65,74,63,CB,3,2,Left,"191cm / 6'3""",70kg / 154lb,,21,Senegal,Ligue 1,FC Lorient,[],,,,,
7796,Noah Katterbach,M,68,69,41,58,72,66,55,72,66,50,40,46,35,40,41,65,53,31,66,53,41,72,77,76,68,71,70,67,54,66,68,67,61,52,54,60,LB,2,3,Left,"180cm / 5'11""",73kg / 161lb,"['RM', 'LM']",24,Germany,Bundesliga,Hamburger SV,[],,,,,
7799,Luca Philipp,M,68,68,64,64,70,26,69,24,29,7,4,48,6,5,13,9,37,10,26,22,11,9,29,24,60,10,31,10,12,6,13,11,48,20,50,20,GK,2,1,Right,"192cm / 6'4""",83kg / 183lb,,24,Germany,Bundesliga,Hoffenheim,[],68.0,64.0,64.0,69.0,70.0
7805,Tom Watson,M,68,79,65,62,69,29,57,76,81,64,66,63,66,62,55,62,65,62,63,54,65,70,66,69,64,68,68,21,45,25,33,28,62,62,59,42,LM,3,3,Right,"190cm / 6'3""",77kg / 170lb,"['RM', 'LW']",19,England,Premier League,Brighton,[],,,,,
7829,Mayckel Lahdo,M,68,79,64,59,73,27,57,84,75,64,69,68,58,42,50,60,57,35,61,57,69,73,81,76,61,72,62,31,31,24,27,25,58,65,56,50,RM,5,3,Right,"170cm / 5'7""",76kg / 168lb,"['LM', 'RW']",22,Sweden,Ligue 1,Nantes,[],,,,,
7845,Javi Hernández,M,68,74,61,66,69,37,51,75,73,65,62,61,60,47,66,66,67,56,68,64,64,67,79,77,65,69,63,36,48,33,40,31,55,58,47,51,RM,3,3,Left,"176cm / 5'9""",67kg / 148lb,"['CM', 'RW']",21,Spain,LaLiga,Espanol,[],,,,,
7860,Mikkel Kaufmann,M,68,80,67,54,65,25,66,78,82,70,67,73,60,62,64,51,56,39,63,43,49,64,65,55,66,68,65,18,63,23,22,17,80,62,75,45,ST,3,3,Right,"190cm / 6'3""",90kg / 198lb,,24,Denmark,Bundesliga,Heidenheim,['Rapid'],,,,,
7871,Mert Kömür,M,68,68,64,63,72,38,51,70,66,63,64,69,64,51,61,50,66,53,69,63,63,76,72,74,65,69,61,26,47,43,35,42,52,56,49,48,CAM,4,3,Right,"183cm / 6'0""",77kg / 170lb,['CM'],20,Germany,Bundesliga,Augsburg,[],,,,,
7873,Tidiam Gomis,M,68,85,55,59,73,30,54,81,89,72,57,61,42,50,59,62,68,42,59,49,62,74,78,77,56,73,70,27,33,24,35,34,58,55,57,42,LM,3,4,Right,"183cm / 6'0""",71kg / 157lb,"['RM', 'ST', 'LW']",19,France,Bundesliga,RB Leipzig,[],,,,,
7874,Héctor Fort,M,68,72,35,61,62,65,61,67,76,51,35,43,22,23,41,69,49,38,66,62,52,56,62,76,65,69,62,64,64,63,67,66,69,51,61,70,RB,3,3,Right,"185cm / 6'1""",78kg / 172lb,"['LB', 'LM']",19,Spain,LaLiga,Elche CF,[],,,,,
7891,Bambo Diaby,M,68,65,35,54,57,64,79,57,71,52,28,55,25,29,37,56,48,28,62,54,39,56,51,57,64,59,61,64,62,62,66,63,78,54,92,78,CB,3,2,Right,"188cm / 6'2""",88kg / 194lb,,27,Senegal,LaLiga,Elche CF,['Bruiser'],,,,,
7892,Ayumu Seko,M,68,64,36,54,58,68,74,63,65,39,30,53,34,26,42,42,47,23,69,67,23,53,60,61,67,61,66,69,66,70,68,65,73,90,73,58,CB,2,2,Right,"185cm / 6'1""",78kg / 172lb,,25,Japan,Ligue 1,Havre AC,['Intercept'],,,,,
7896,Hákon Valdimarsson,M,68,68,65,64,69,20,68,20,20,14,11,48,16,18,12,15,57,10,40,42,29,13,32,44,65,19,32,12,10,12,10,11,46,35,50,26,GK,2,1,Right,"195cm / 6'5""",89kg / 196lb,,24,Iceland,Premier League,Brentford,[],68.0,65.0,64.0,68.0,69.0
7906,Yellu Santiago,M,68,51,49,61,62,68,62,52,50,48,43,61,54,38,44,48,64,40,69,66,42,60,59,50,69,65,63,68,64,69,69,67,64,59,62,66,CDM,3,2,Right,"192cm / 6'4""",75kg / 165lb,['CM'],21,Spain,Serie A,Verona,[],,,,,
7908,Jacques Ekomié,M,68,72,31,58,63,64,65,75,69,51,29,32,28,27,41,62,42,32,68,59,58,62,58,66,64,66,59,65,59,61,68,64,70,67,62,69,LB,3,2,Left,"179cm / 5'10""",73kg / 161lb,['LM'],22,Gabon,Ligue 1,Angers,[],,,,,
7927,Yago Santiago,M,68,75,60,65,69,31,51,76,75,66,63,60,57,54,54,66,66,50,69,59,57,69,75,72,64,68,64,22,45,40,26,24,58,55,50,49,LM,3,3,Right,"178cm / 5'10""",74kg / 163lb,"['LW', 'RM']",22,Spain,LaLiga,Elche CF,[],,,,,
7960,William Osula,M,68,73,66,53,68,24,63,72,73,69,68,72,55,59,68,49,57,33,60,42,56,70,66,61,68,67,67,18,65,23,16,18,77,57,71,48,ST,4,2,Right,"192cm / 6'4""",81kg / 179lb,,22,Denmark,Premier League,Newcastle,[],,,,,
7971,Keke Topp,M,68,60,67,51,62,30,76,55,64,67,70,78,53,65,63,48,48,31,62,46,32,62,55,53,67,67,54,23,68,25,30,20,78,56,88,70,ST,4,2,Right,"192cm / 6'4""",94kg / 207lb,,21,Germany,Bundesliga,Werder Bremen,['Enforcer'],,,,,
7977,Christian Kofane,M,68,63,70,61,68,26,57,58,67,69,74,67,66,65,65,54,65,49,69,51,53,69,56,66,65,70,69,17,72,22,21,23,66,59,54,58,ST,3,3,Right,"189cm / 6'2""",68kg / 150lb,,19,Cameroon,Bundesliga,Leverkusen,[],,,,,
7986,Pablo Pagis,M,68,67,66,60,71,22,59,70,65,67,69,69,58,49,71,56,54,59,68,58,54,72,67,68,64,74,59,15,68,18,16,20,70,76,60,31,LM,3,3,Right,"180cm / 5'11""",70kg / 154lb,"['ST', 'LW']",22,France,Ligue 1,FC Lorient,['Dead Ball'],,,,,
8001,Luck Zogbé,M,68,66,34,53,61,67,62,69,63,47,32,44,27,25,36,65,39,27,62,43,54,58,58,63,66,66,49,65,55,68,71,63,64,69,59,58,RB,3,2,Right,"178cm / 5'10""",70kg / 154lb,"['LB', 'RM']",20,Côte d'Ivoire,Ligue 1,Brest,[],,,,,
8006,Stefan Schimmer,M,68,62,68,48,63,29,72,64,61,72,71,70,62,67,60,40,40,45,61,36,57,59,66,62,65,67,67,20,69,30,23,23,77,65,77,69,ST,4,2,Right,"185cm / 6'1""",87kg / 192lb,,31,Germany,Bundesliga,Heidenheim,[],,,,,
8009,Fabio Chiarodia,M,68,67,33,49,56,70,67,64,69,26,26,42,38,35,41,51,35,34,59,54,36,55,68,63,65,51,60,69,67,70,72,68,74,53,73,67,CB,2,2,Left,"186cm / 6'1""",78kg / 172lb,,20,Italy,Bundesliga,M'gladbach,[],,,,,
8012,Arturo Calabresi,M,68,50,31,58,61,68,73,34,63,49,22,45,29,31,44,64,56,34,64,50,52,60,57,57,66,62,67,69,66,66,69,68,66,68,77,73,CB,3,2,Right,"186cm / 6'1""",75kg / 165lb,"['RB', 'RM']",29,Italy,Serie A,Pisa,['Bruiser'],,,,,
8052,Álvaro,M,68,63,66,60,66,22,59,60,66,68,68,68,61,60,63,64,61,51,66,48,48,69,61,38,66,69,61,16,76,15,16,15,77,53,65,49,ST,3,3,Left,"193cm / 6'4""",81kg / 179lb,"['LW', 'LM']",21,Uruguay,LaLiga,Elche CF,[],,,,,
8058,Luca Moro,M,68,66,67,49,67,23,63,64,67,70,71,70,57,55,66,42,46,33,61,42,38,68,64,61,64,70,58,20,66,18,19,16,71,61,70,46,ST,4,2,Right,"189cm / 6'2""",79kg / 174lb,,24,Italy,Serie A,Empoli,['Precision Header'],,,,,
8063,David López,M,68,59,32,48,52,67,77,51,65,30,32,45,22,24,35,32,30,22,66,64,36,47,45,54,62,59,56,64,71,68,67,66,77,77,80,68,CB,2,2,Right,"195cm / 6'5""",87kg / 192lb,,22,Spain,LaLiga,Mallorca,[],,,,,
8070,Jon Martín,M,68,65,26,48,60,70,65,62,67,32,21,34,27,20,36,27,44,24,66,58,22,60,50,60,69,63,52,70,66,71,70,67,69,66,64,66,CB,3,2,Right,"185cm / 6'1""",83kg / 183lb,,19,Spain,LaLiga,Sociedad,['Aerial Fortress'],,,,,
8090,Guilherme Ramos,M,68,60,33,46,50,67,74,53,66,28,30,46,28,32,31,29,42,32,61,50,31,44,51,52,66,53,66,66,70,66,68,65,76,56,82,76,CB,3,2,Right,"191cm / 6'3""",86kg / 190lb,,28,Portugal,Bundesliga,Hamburger SV,"['Aerial Fortress', 'Block', 'Intercept', 'Slide Tackle']",,,,,
8103,Leonardo Pavoletti,M,68,41,67,53,60,39,67,36,45,77,71,71,49,79,64,36,56,40,65,48,47,58,54,58,61,64,68,27,85,45,29,27,79,35,77,77,ST,3,2,Right,"188cm / 6'2""",87kg / 192lb,,36,Italy,Serie A,Cagliari,['Aerial Fortress'],,,,,
8110,Joël Schmied,M,68,70,33,42,41,70,69,60,78,29,36,43,19,31,35,26,27,30,60,52,25,33,56,57,54,42,53,66,76,67,72,70,84,55,79,58,CB,3,2,Right,"188cm / 6'2""",84kg / 185lb,,27,Switzerland,Bundesliga,1. FC Köln,"['Anticipate', 'Intercept']",,,,,
8113,Gaby Jean,M,68,55,33,45,49,69,73,56,54,29,26,47,34,28,48,38,27,29,61,52,37,43,42,48,61,56,62,67,69,68,71,68,72,76,72,71,CB,3,2,Left,"191cm / 6'3""",80kg / 176lb,,25,France,Serie A,Lecce,[],,,,,
8114,Nicolò Bertola,M,68,58,32,45,47,67,75,56,59,32,29,47,22,30,48,34,35,38,61,42,34,38,42,41,67,59,50,65,70,66,68,65,77,68,83,65,CB,2,2,Right,"192cm / 6'4""",79kg / 174lb,,22,Italy,Serie A,Udinese,['Intercept'],,,,,
8148,Luca Marianucci,M,68,46,26,48,53,70,63,51,42,33,21,34,27,22,38,35,29,34,65,61,33,40,48,61,69,69,61,69,66,71,71,68,64,62,61,69,CB,3,2,Right,"186cm / 6'1""",75kg / 165lb,,21,Italy,Serie A,Napoli,[],,,,,
8157,Ebenezer Akinsanmiro,M,67,76,67,67,68,61,73,75,77,66,66,70,67,66,65,66,67,61,70,64,70,68,70,70,67,67,67,61,64,60,61,60,80,67,76,69,CM,3,2,Right,"184cm / 6'0""",70kg / 154lb,['CAM'],20,Nigeria,Serie A,Pisa,[],,,,,
8168,Álvaro Lemos,M,67,76,64,63,65,63,71,78,75,63,60,74,67,55,66,64,63,68,62,59,66,63,77,81,64,61,66,65,61,64,61,62,77,76,70,68,RB,3,3,Right,"175cm / 5'9""",78kg / 172lb,['RM'],32,Spain,LaLiga,R. Oviedo,"['Anticipate', 'Block', 'Jockey']",,,,,
8218,Konan N'Dri,M,67,87,63,59,71,55,60,89,85,62,64,71,57,60,51,60,53,48,63,62,56,71,84,80,56,68,63,54,62,55,54,53,76,53,58,68,RM,3,3,Left,"174cm / 5'9""",73kg / 161lb,"['RW', 'ST']",25,Côte d'Ivoire,Serie A,Lecce,[],,,,,
8281,Myles Peart-Harris,M,67,69,61,64,66,57,71,69,69,64,62,61,60,55,62,60,65,55,67,64,60,66,70,68,66,66,62,57,63,54,58,54,74,81,73,52,RM,3,3,Right,"187cm / 6'2""",70kg / 154lb,"['LM', 'RW']",23,England,Premier League,Brentford,['Press Proven'],,,,,
8300,Jozhua Vertrouwd,M,67,73,54,59,63,66,71,74,72,53,51,63,53,45,56,60,59,41,63,59,50,62,66,65,65,65,59,66,68,66,65,66,76,72,70,70,CB,3,2,Left,"187cm / 6'2""",77kg / 170lb,"['LB', 'LM']",21,Holland,LaLiga,Vallecano,[],,,,,
8314,Alessandro Di Pardo,M,67,75,54,64,68,63,62,76,74,65,51,63,50,54,51,70,58,49,68,60,68,68,76,71,62,68,63,66,56,62,65,64,68,71,56,63,RM,3,3,Right,"182cm / 6'0""",75kg / 165lb,['RB'],26,Italy,Serie A,Cagliari,[],,,,,
8321,Levin Öztunalı,M,67,74,64,65,68,48,66,74,74,67,62,68,65,64,58,63,67,68,65,60,72,68,72,69,66,66,67,54,54,43,48,49,71,64,71,57,RW,3,3,Right,"184cm / 6'0""",81kg / 179lb,"['CM', 'RM']",29,Germany,Bundesliga,Hamburger SV,[],,,,,
8325,Lucas Ahijado,M,67,73,58,62,65,62,65,74,73,62,53,65,64,58,51,63,62,55,62,60,63,65,74,77,60,64,53,64,53,61,63,64,67,78,63,51,RB,3,3,Right,"173cm / 5'8""",67kg / 148lb,"['LB', 'RM']",30,Spain,LaLiga,R. Oviedo,['Relentless'],,,,,
8329,Kwon Hyeok Kyu,M,67,68,53,62,61,62,79,70,66,61,52,57,53,42,44,58,60,42,68,67,53,60,59,53,59,66,63,67,60,61,62,61,78,85,81,67,CDM,5,3,Right,"192cm / 6'4""",77kg / 170lb,['CM'],24,Korea Republic,Ligue 1,Nantes,[],,,,,
8334,Johan Manzambi,M,67,75,61,59,72,56,62,80,70,66,65,66,51,55,42,52,63,37,66,60,46,72,80,78,65,70,63,55,58,57,56,52,73,60,64,55,CAM,3,4,Right,"183cm / 6'0""",75kg / 165lb,"['CM', 'ST']",20,Switzerland,Bundesliga,Freiburg,['Technical'],,,,,
8416,Ovie Ejaria,M,67,57,60,66,74,63,60,64,52,58,59,62,60,55,58,62,68,54,69,63,70,74,82,76,62,75,70,66,52,63,64,68,62,60,64,47,CM,3,4,Right,"188cm / 6'2""",74kg / 163lb,"['LM', 'CAM']",28,England,LaLiga,R. Oviedo,"['Finesse Shot', 'First Touch', 'Technical']",,,,,
8428,Rémy Riou,M,67,66,66,64,67,48,68,45,53,15,11,48,13,13,23,14,42,15,48,34,13,12,39,51,65,23,48,28,12,14,13,12,67,32,75,29,GK,1,1,Right,"191cm / 6'3""",81kg / 179lb,,38,France,Ligue 1,Paris FC,[],66.0,66.0,64.0,68.0,67.0
8443,Tomás Esteves,M,67,77,48,62,66,62,64,76,77,54,46,54,45,44,50,64,62,45,64,60,55,66,67,69,64,66,64,63,56,61,64,62,70,64,60,70,RB,4,3,Right,"180cm / 5'11""",72kg / 159lb,['LB'],23,Portugal,Serie A,Pisa,[],,,,,
8456,Marc-Aurèle Caillard,M,67,67,66,65,68,44,68,48,39,7,9,49,13,8,18,13,14,7,32,27,15,11,34,45,61,24,53,15,13,8,15,9,68,33,75,25,GK,3,1,Right,"192cm / 6'4""",88kg / 194lb,,31,France,Ligue 1,Lille,[],67.0,66.0,65.0,68.0,68.0
8489,Fredrik Oppegård,M,67,79,52,60,64,61,61,78,80,54,56,59,42,33,46,65,52,55,64,59,51,64,76,70,63,62,50,63,50,58,65,63,67,69,60,52,LB,4,3,Left,"175cm / 5'9""",67kg / 148lb,['LM'],23,Norway,Ligue 1,Auxerre,[],,,,,
8490,Nathan Ngoy,M,67,78,44,49,67,65,74,76,80,40,38,69,40,34,24,54,29,16,60,58,32,68,67,66,64,67,57,66,66,66,64,63,76,66,81,68,CB,3,2,Right,"183cm / 6'0""",74kg / 163lb,['RB'],22,Belgium,Ligue 1,Lille,[],,,,,
8501,Víctor Parada,M,67,73,46,62,61,64,71,70,76,51,39,58,49,49,48,62,60,46,65,61,60,60,68,56,65,60,63,67,50,66,65,64,68,70,73,68,LB,3,3,Left,"185cm / 6'1""",76kg / 168lb,"['CB', 'LM']",23,Spain,LaLiga,Alaves,[],,,,,
8502,Niccolò Fortini,M,67,71,55,62,69,56,63,74,69,61,56,58,56,45,42,72,53,51,65,56,61,72,68,61,56,70,51,56,45,54,61,62,62,78,60,54,LM,4,3,Right,"185cm / 6'1""",75kg / 165lb,['LB'],19,Italy,Serie A,Fiorentina,[],,,,,
8504,Iván Cuéllar,M,67,65,67,64,67,47,66,51,40,12,15,48,12,17,25,29,49,19,25,28,24,14,49,42,66,13,56,21,13,20,11,15,69,38,75,33,GK,3,1,Left,"187cm / 6'2""",76kg / 168lb,,41,Spain,LaLiga,Mallorca,['Cross Claimer'],65.0,67.0,64.0,66.0,67.0
8505,Tom Heaton,M,67,68,66,65,67,42,68,44,40,12,12,49,12,12,24,17,48,13,38,45,22,17,50,50,60,35,59,24,16,16,15,13,62,20,63,31,GK,3,1,Right,"188cm / 6'2""",85kg / 187lb,,39,England,Premier League,Man United,['Far Throw'],68.0,66.0,65.0,68.0,67.0
8507,Nicolas,M,67,69,66,64,69,43,65,45,41,12,18,48,12,7,21,13,47,13,31,31,8,12,37,45,58,22,63,15,12,8,19,13,69,32,77,27,GK,3,1,Right,"190cm / 6'3""",85kg / 187lb,,37,Brazil,Serie A,Pisa,[],69.0,66.0,64.0,65.0,69.0
8511,Nikita Contini,M,67,68,66,61,69,48,64,47,49,17,15,46,20,12,26,17,30,18,26,21,18,15,39,51,63,20,44,19,19,12,14,15,61,21,58,20,GK,1,1,Right,"190cm / 6'3""",85kg / 187lb,,29,Ukraine,Serie A,Napoli,[],68.0,66.0,61.0,64.0,69.0
8522,Edoardo Iannoni,M,67,61,60,67,65,58,65,61,61,64,56,68,62,53,56,58,66,54,74,68,59,66,57,58,66,69,58,58,59,56,60,61,65,69,64,60,CM,3,2,Right,"185cm / 6'1""",78kg / 172lb,,24,Italy,Serie A,Empoli,[],,,,,
8530,Lionel Mpasi,M,67,67,66,66,65,45,66,45,46,19,19,50,18,12,32,17,35,21,39,37,25,26,35,58,66,29,40,18,40,15,12,12,71,21,68,21,GK,3,1,Right,"182cm / 6'0""",78kg / 172lb,,31,Congo DR,Ligue 1,Havre AC,"['Deflector', 'Far Throw']",67.0,66.0,66.0,66.0,65.0
8538,Giuseppe Ambrosino,M,67,75,63,60,65,40,72,76,75,65,64,66,60,60,62,58,60,50,66,55,59,64,72,59,63,68,57,36,69,31,44,35,82,73,75,60,ST,4,2,Right,"187cm / 6'2""",76kg / 168lb,['CAM'],22,Italy,Serie A,Napoli,[],,,,,
8545,Markus Kolke,M,67,66,65,61,68,45,69,48,40,19,15,46,11,20,29,12,25,13,24,21,11,13,39,58,65,18,23,21,20,11,17,19,70,45,75,18,GK,2,1,Right,"187cm / 6'2""",91kg / 201lb,,35,Germany,Bundesliga,Werder Bremen,"['Far Throw', 'Footwork']",66.0,65.0,61.0,69.0,68.0
8572,Sargis Adamyan,M,67,70,68,62,71,34,67,74,67,64,67,70,69,70,60,58,64,44,69,58,57,72,79,73,65,68,62,22,63,45,25,26,74,65,68,64,ST,3,4,Right,"184cm / 6'0""",75kg / 165lb,"['CAM', 'LM', 'CM']",32,Armenia,Bundesliga,1. FC Köln,['Technical'],,,,,
8577,Oualid El Hajjam,M,67,63,45,63,65,66,70,65,61,61,35,59,56,35,33,63,60,38,66,64,69,64,65,67,65,66,69,67,66,65,67,65,72,68,70,70,RB,3,3,Right,"181cm / 5'11""",72kg / 159lb,['RM'],34,Morocco,Ligue 1,Havre AC,"['Intercept', 'Slide Tackle']",,,,,
8591,Simone Perilli,M,67,67,67,61,64,46,66,46,45,13,17,46,17,14,26,18,35,17,25,27,16,14,36,56,69,20,54,23,12,25,15,18,62,30,65,24,GK,2,1,Right,"195cm / 6'5""",85kg / 187lb,,30,Italy,Serie A,Verona,[],67.0,67.0,61.0,66.0,64.0
8631,Brandon Austin,M,67,69,65,64,66,41,65,36,49,8,9,48,9,6,11,12,34,11,30,30,12,14,42,38,62,24,45,11,13,17,12,12,53,18,54,27,GK,2,1,Right,"188cm / 6'2""",77kg / 170lb,,26,England,Premier League,Tottenham,[],69.0,65.0,64.0,65.0,66.0
8642,Nouha Dicko,M,67,74,66,60,67,33,69,71,76,69,68,70,60,59,66,59,61,51,64,52,56,65,70,81,69,68,66,19,51,30,38,33,70,66,71,68,ST,3,3,Right,"174cm / 5'9""",74kg / 163lb,,33,Mali,Ligue 1,Paris FC,[],,,,,
8675,Nikola Čavlina,M,67,68,59,61,73,42,65,42,41,9,5,46,8,6,21,12,32,12,31,36,13,14,44,34,64,21,37,14,17,9,13,16,62,31,63,28,GK,3,1,Right,"191cm / 6'3""",82kg / 181lb,,23,Croatia,Serie A,Como,['Far Throw'],68.0,59.0,61.0,65.0,73.0
8676,Afonso Moreira,M,67,81,59,61,73,42,52,79,82,62,61,68,45,50,62,59,62,56,63,59,66,75,78,73,60,70,66,31,46,54,38,32,60,54,54,41,LM,3,4,Right,"176cm / 5'9""",72kg / 159lb,"['RM', 'LW']",20,Portugal,Ligue 1,Lyon,[],,,,,
8677,Nhoa Sangui,M,67,77,44,59,67,61,59,75,78,49,43,51,41,39,40,66,53,38,65,51,51,65,77,73,62,67,62,60,52,58,66,65,60,72,51,61,LB,2,2,Left,"178cm / 5'10""",75kg / 165lb,['LM'],19,France,Ligue 1,Paris FC,[],,,,,
8683,Joel Asoro,M,67,89,64,56,67,21,70,88,89,67,66,69,57,57,60,58,60,54,56,48,55,65,82,84,65,63,60,18,59,15,17,20,79,77,69,61,RM,3,3,Right,"176cm / 5'9""",75kg / 165lb,"['ST', 'RB']",26,Sweden,Ligue 1,FC Metz,['Long Throw'],,,,,
8708,Will Dennis,M,67,70,65,63,69,33,66,29,40,5,7,47,8,7,17,12,38,11,17,25,12,11,28,47,54,13,39,14,11,10,12,12,55,28,61,17,GK,3,1,Right,"188cm / 6'2""",84kg / 185lb,,25,England,Premier League,Bournemouth,[],70.0,65.0,63.0,66.0,69.0
8711,Carl Klaus,M,67,67,69,66,70,29,65,27,32,7,7,50,8,9,13,10,47,11,23,28,11,8,29,44,52,11,43,9,10,9,12,10,49,31,51,21,GK,2,1,Right,"189cm / 6'2""",86kg / 190lb,,31,Germany,Bundesliga,Union Berlin,[],67.0,69.0,66.0,65.0,70.0
8756,Abdoul Ouattara,M,67,74,55,62,69,41,62,76,72,60,59,56,49,40,46,63,64,42,66,59,52,70,75,73,65,67,62,42,49,33,45,38,66,59,63,62,RM,2,3,Right,"178cm / 5'10""",68kg / 150lb,"['CAM', 'RW']",20,Côte d'Ivoire,Ligue 1,Strasbourg,[],,,,,
8768,Medon Berisha,M,67,52,59,66,65,61,60,60,45,64,58,64,56,58,49,52,66,59,73,70,70,66,55,56,66,70,57,70,54,53,66,60,58,57,57,70,CM,4,2,Right,"186cm / 6'1""",71kg / 157lb,,22,Albania,Serie A,Lecce,[],,,,,
8792,Tiago Pereira Cardoso,M,67,71,66,68,70,21,65,19,24,3,7,51,8,4,17,12,50,13,47,51,13,20,22,23,52,25,44,11,12,8,9,9,46,23,50,20,GK,3,1,Right,"190cm / 6'3""",87kg / 192lb,,19,Luxembourg,Bundesliga,M'gladbach,[],71.0,66.0,68.0,65.0,70.0
8818,George Earthy,M,67,68,60,64,68,44,56,70,67,65,64,55,60,54,54,62,66,54,68,64,55,67,73,78,66,68,64,37,42,46,48,42,51,64,52,55,CAM,3,3,Right,"178cm / 5'10""",70kg / 154lb,"['RM', 'CM']",21,England,Premier League,West Ham,[],,,,,
8829,William Mikelbrencis,M,67,78,38,59,63,62,59,77,78,56,30,57,33,33,44,64,55,33,64,60,45,62,74,81,58,61,54,59,55,61,65,68,65,69,53,60,RB,2,2,Right,"176cm / 5'9""",64kg / 141lb,['RM'],21,France,Bundesliga,Hamburger SV,[],,,,,
8844,Julien Lopez,M,67,70,64,65,69,42,48,73,67,65,66,63,64,58,48,58,62,66,69,66,68,66,87,83,64,67,66,33,47,35,51,48,54,54,48,40,CAM,2,3,Right,"173cm / 5'8""",68kg / 150lb,"['LM', 'ST', 'CM']",33,Algeria,Ligue 1,Paris FC,[],,,,,
8860,Henrik Meister,M,67,71,65,53,62,32,75,67,74,68,68,70,58,58,55,42,60,41,61,51,36,61,63,61,62,63,64,33,67,29,26,20,80,60,82,73,ST,3,2,Right,"193cm / 6'4""",83kg / 183lb,,22,Denmark,Serie A,Pisa,['Press Proven'],,,,,
8872,Ben Voll,M,67,68,64,65,70,24,66,24,25,8,9,49,9,9,10,9,32,11,27,24,12,11,27,24,60,15,59,9,13,9,13,11,56,22,67,21,GK,3,1,Right,"195cm / 6'5""",86kg / 190lb,,24,Germany,Bundesliga,St Pauli,['Rush Out'],68.0,64.0,65.0,66.0,70.0
8888,Oliver Provstgaard,M,67,66,39,53,57,65,76,65,67,48,32,58,34,41,38,40,44,36,66,60,40,54,53,56,65,62,62,63,66,65,67,64,77,72,80,70,CB,2,2,Left,"192cm / 6'4""",86kg / 190lb,,22,Denmark,Serie A,Lazio,[],,,,,
8894,Jayden Addai,M,67,83,62,59,70,29,53,90,78,63,65,62,57,54,60,62,56,44,61,56,61,72,79,76,58,67,60,20,42,28,33,28,63,62,56,32,RM,2,4,Left,"175cm / 5'9""",73kg / 161lb,['RW'],20,Holland,Serie A,Como,"['Quick Step', 'Technical']",,,,,
8942,Stanis Idumbo,M,67,78,61,61,69,27,56,75,80,66,65,60,60,43,55,59,66,52,64,59,47,68,79,78,64,69,63,20,60,36,15,12,66,66,53,46,CAM,3,3,Right,"171cm / 5'7""",61kg / 134lb,"['LM', 'RM', 'CM']",20,Belgium,Ligue 1,Monaco,[],,,,,
8956,Cabello,M,67,67,39,57,54,68,66,68,67,46,37,45,35,35,48,56,54,39,63,56,45,49,63,62,65,54,54,67,69,68,69,68,71,68,63,68,CB,3,2,Left,"180cm / 5'11""",71kg / 157lb,['LB'],21,Spain,LaLiga,Levante UD,[],,,,,
8970,Edoardo Pieragnolo,M,67,70,34,60,61,63,63,68,71,52,32,37,31,32,44,68,48,36,66,56,63,62,55,60,61,64,50,64,42,62,68,66,54,73,59,61,LB,4,2,Left,"184cm / 6'0""",72kg / 159lb,['LM'],22,Italy,Serie A,Empoli,[],,,,,
8977,Samir Chergui,M,67,48,43,64,63,66,66,53,44,52,42,47,44,30,40,64,60,43,71,66,41,62,63,66,65,64,64,67,65,65,68,66,69,54,71,66,CB,2,2,Right,"185cm / 6'1""",78kg / 172lb,['RB'],26,France,Ligue 1,Paris FC,['Intercept'],,,,,
9018,Ruben Kluivert,M,67,71,31,53,56,67,69,68,74,29,25,50,25,31,43,46,52,29,62,53,44,49,63,69,64,59,65,65,70,64,70,69,76,68,71,63,CB,3,2,Right,"187cm / 6'2""",82kg / 181lb,,24,Holland,Ligue 1,Lyon,[],,,,,
9021,Mio Backhaus,M,67,67,63,61,71,19,66,15,24,4,8,46,6,8,12,12,41,13,24,24,13,14,39,29,66,20,32,13,12,10,10,11,49,25,56,18,GK,4,1,Right,"194cm / 6'4""",82kg / 181lb,,21,Germany,Bundesliga,Werder Bremen,['Cross Claimer'],67.0,63.0,61.0,66.0,71.0
9039,Thomas Keller,M,67,58,42,56,52,67,70,65,52,35,37,61,40,29,39,42,52,65,64,59,46,47,56,53,64,56,55,63,68,67,70,64,77,54,77,69,CB,3,2,Right,"186cm / 6'1""",82kg / 181lb,['CDM'],26,Germany,Bundesliga,Heidenheim,[],,,,,
9045,Cole Campbell,M,67,89,57,59,71,26,42,87,90,58,62,58,47,56,56,63,56,44,63,53,54,72,85,80,62,68,61,27,40,25,21,29,50,57,36,34,RM,3,4,Left,"170cm / 5'7""",68kg / 150lb,['RW'],19,United States,Bundesliga,Dortmund,"['Quick Step', 'Technical']",,,,,
9050,Iker Bravo,M,67,67,67,59,72,26,53,69,65,68,67,70,66,59,60,54,58,58,66,50,56,74,69,67,62,73,60,22,66,20,24,18,68,46,59,45,ST,4,3,Right,"182cm / 6'0""",75kg / 165lb,,20,Spain,Serie A,Udinese,[],,,,,
9056,Mourad Daoudi El Ghezouani,M,67,51,67,55,63,32,74,50,51,69,69,65,65,62,68,37,55,55,68,50,46,62,58,63,68,66,66,26,74,30,28,23,80,66,84,58,ST,3,3,Right,"189cm / 6'2""",80kg / 176lb,,27,Morocco,LaLiga,Elche CF,['Precision Header'],,,,,
9059,Karrikaburu,M,67,71,65,50,66,27,63,69,73,70,68,66,60,48,73,40,52,38,59,48,46,66,67,70,62,68,59,20,67,17,28,24,76,55,74,40,ST,3,3,Right,"183cm / 6'0""",82kg / 181lb,,23,Spain,LaLiga,Sociedad,['Precision Header'],,,,,
9061,Nathaniel Adjei,M,67,77,25,45,58,67,70,75,78,30,22,32,21,22,33,37,28,25,62,54,21,57,57,57,61,58,58,63,68,68,68,63,80,63,75,63,CB,3,2,Right,"191cm / 6'3""",77kg / 170lb,,23,Ghana,Ligue 1,FC Lorient,['Anticipate'],,,,,
9079,Ousmane Camara,M,67,36,48,58,57,66,75,35,36,42,43,64,46,42,43,42,59,45,67,64,51,56,40,34,62,66,64,66,70,65,66,60,72,59,88,65,CB,3,2,Right,"197cm / 6'6""",90kg / 198lb,,22,France,Ligue 1,Angers,[],,,,,
9090,Tylel Tati,M,67,68,34,49,51,67,69,64,72,32,32,44,26,33,41,39,46,32,61,44,42,48,48,47,58,52,65,61,68,66,73,67,78,58,80,53,CB,2,2,Left,"190cm / 6'3""",79kg / 174lb,,17,France,Ligue 1,Nantes,[],,,,,
9105,Bahereba Guirassy,M,67,70,61,59,71,26,48,64,75,66,62,56,67,52,49,59,62,45,62,53,66,75,65,59,59,72,60,22,51,16,29,25,56,55,53,27,LW,3,3,Right,"186cm / 6'1""",70kg / 154lb,"['RW', 'LM']",19,France,Ligue 1,Nantes,[],,,,,
9116,Mateo Pellegrino,M,67,55,67,49,62,30,71,55,55,67,66,73,64,66,68,31,48,46,64,45,38,61,49,52,66,68,59,21,72,23,27,33,81,61,83,51,ST,4,2,Left,"193cm / 6'4""",89kg / 196lb,,24,Argentina,Serie A,Parma,"['Enforcer', 'Precision Header']",,,,,
9162,Max Moerstedt,M,67,61,66,46,62,30,61,58,64,71,72,67,50,67,62,28,49,30,60,35,47,60,54,50,67,68,60,20,70,22,33,21,69,52,67,55,ST,3,3,Right,"194cm / 6'4""",77kg / 170lb,,19,Germany,Bundesliga,Hoffenheim,[],,,,,
9172,Pierre-Yves Hamel,M,67,45,69,54,64,27,63,50,40,72,70,71,65,62,68,57,51,46,59,46,42,61,55,68,69,68,66,24,72,22,20,24,74,66,73,32,ST,3,2,Right,"189cm / 6'2""",76kg / 168lb,,31,France,Ligue 1,Paris FC,"['Chip Shot', 'Precision Header']",,,,,
9173,Giovanni Bonfanti,M,67,51,35,52,53,69,62,50,51,40,33,38,35,33,41,42,50,34,61,56,36,50,42,46,65,59,58,69,66,70,70,68,64,56,62,68,CB,3,2,Left,"187cm / 6'2""",80kg / 176lb,,22,Italy,Serie A,Pisa,['Anticipate'],,,,,
9189,Tomás Palacios,M,67,53,38,43,47,68,68,51,55,24,26,58,45,29,51,34,27,24,61,48,29,38,45,44,64,56,58,67,65,68,67,71,69,60,73,65,CB,2,2,Left,"196cm / 6'5""",80kg / 176lb,,22,Argentina,Serie A,Milano FC,[],,,,,
9202,Urie-Michel Mboula,M,67,64,24,40,50,68,68,63,64,30,19,41,17,22,34,27,42,23,51,37,33,47,50,57,60,49,56,66,62,69,71,69,72,59,71,72,CB,2,2,Left,"185cm / 6'1""",78kg / 172lb,,22,Gabon,Ligue 1,FC Metz,[],,,,,
9207,Uroš Radaković,M,67,48,33,45,46,67,74,51,46,26,25,48,41,27,34,36,42,23,52,63,20,37,54,33,60,54,59,62,67,66,72,69,67,54,85,71,CB,2,2,Right,"194cm / 6'4""",89kg / 196lb,,31,Serbia,Ligue 1,Nantes,"['Aerial Fortress', 'Bruiser', 'Jockey']",,,,,
9290,Rafik Belghali,M,66,81,60,61,66,61,62,79,83,62,60,64,59,55,55,63,61,56,63,58,60,67,71,62,66,64,64,59,56,58,65,62,72,60,62,61,RB,2,3,Right,"186cm / 6'1""",73kg / 161lb,"['CB', 'RM']",23,Algeria,Serie A,Verona,[],,,,,
9317,Adam Daghim,M,66,82,63,57,68,51,67,81,83,66,66,62,61,58,58,56,59,53,58,54,57,67,72,74,61,69,62,52,56,45,53,51,75,61,67,73,RW,4,3,Left,"186cm / 6'1""",80kg / 176lb,"['ST', 'RM']",20,Denmark,Bundesliga,Wolfsburg,['Technical'],,,,,
9335,Paris Maghoma,M,66,64,61,65,70,60,66,67,62,63,62,63,61,44,51,60,67,53,68,67,65,69,72,76,67,69,68,59,46,61,64,62,60,63,66,70,CM,3,3,Right,"178cm / 5'10""",74kg / 163lb,['CDM'],24,England,Premier League,Brentford,['Jockey'],,,,,
9385,Rodri Mendoza,M,66,67,62,64,67,65,57,65,69,66,63,65,64,45,42,61,66,42,69,62,62,67,67,58,66,68,64,65,45,68,68,64,55,56,57,60,CM,3,3,Right,"182cm / 6'0""",72kg / 159lb,"['RM', 'CAM']",20,Spain,LaLiga,Elche CF,[],,,,,
9399,Abdoullah Ba,M,66,73,58,62,68,56,64,78,69,61,58,62,59,48,53,59,63,52,63,63,60,68,72,75,64,67,62,56,50,57,57,53,68,73,61,60,RM,3,3,Right,"174cm / 5'9""",70kg / 154lb,"['LM', 'RW']",22,France,Premier League,Sunderland,[],,,,,
9427,Iturbe,M,66,66,64,66,69,50,65,52,46,6,11,50,9,8,20,14,40,13,32,30,14,13,51,50,61,20,36,10,12,8,11,13,60,32,56,23,GK,3,1,Right,"186cm / 6'1""",75kg / 165lb,,22,Spain,LaLiga,Elche CF,[],66.0,64.0,66.0,65.0,69.0
9439,Ismaëlo Ganiou,M,66,71,54,54,61,62,76,70,72,65,52,59,56,49,38,56,53,48,58,43,65,64,55,54,57,62,59,63,68,60,60,61,76,90,73,68,RB,3,2,Right,"185cm / 6'1""",78kg / 172lb,"['RM', 'CB']",20,Burkina Faso,Ligue 1,RC Lens,[],,,,,
9441,Simon Moore,M,66,67,65,68,67,47,64,48,45,13,13,51,19,14,11,14,52,12,45,52,14,14,54,39,61,34,49,23,20,15,13,18,61,36,57,34,GK,3,1,Right,"191cm / 6'3""",83kg / 183lb,,35,England,Premier League,Sunderland,['Far Throw'],67.0,65.0,68.0,64.0,67.0
9459,Tobias Sippel,M,66,64,62,74,64,47,66,50,42,16,12,56,11,12,18,14,31,14,33,26,15,13,48,41,65,19,41,15,13,12,15,12,64,41,65,36,GK,2,1,Right,"183cm / 6'0""",80kg / 176lb,,37,Germany,Bundesliga,M'gladbach,[],64.0,62.0,74.0,66.0,64.0
9487,Adam Aznou,M,66,80,52,61,72,59,51,78,81,61,48,58,57,41,48,69,60,35,64,60,45,76,71,69,58,72,55,62,41,60,62,61,52,57,47,52,LB,3,3,Left,"178cm / 5'10""",70kg / 154lb,,19,Morocco,Premier League,Everton,[],,,,,
9569,Callum Marshall,M,66,69,66,55,64,42,76,71,67,68,67,76,55,58,62,54,56,34,62,46,57,61,71,76,66,64,59,44,55,29,46,49,72,88,71,74,ST,2,2,Left,"181cm / 5'11""",70kg / 154lb,"['RM', 'RW']",20,Northern Ireland,Premier League,West Ham,[],,,,,
9616,Álex Domínguez,M,66,67,65,65,67,42,63,39,47,7,7,49,18,8,13,24,38,22,39,31,14,15,56,45,60,31,43,15,10,11,17,10,44,36,41,20,GK,2,1,Right,"186cm / 6'1""",82kg / 181lb,,27,Spain,Ligue 1,Toulouse,[],67.0,65.0,65.0,63.0,67.0
9652,Pablo García,M,66,75,65,64,67,35,61,76,75,65,65,68,65,55,56,61,65,70,66,60,57,66,74,76,60,66,60,24,51,45,29,32,66,59,59,69,RM,3,3,Left,"168cm / 5'6""",67kg / 148lb,"['ST', 'LM', 'RW']",19,Spain,LaLiga,Betis,[],,,,,
9666,Niklas Tauer,M,66,66,46,57,64,66,68,68,65,42,43,60,42,39,38,50,46,45,67,65,45,62,68,73,64,66,53,68,65,65,65,68,72,67,70,65,CDM,3,2,Right,"183cm / 6'0""",75kg / 165lb,"['CM', 'CB']",24,Germany,Bundesliga,Mainz,[],,,,,
9777,Mahamadou Nagida,M,66,77,45,57,67,61,55,75,78,56,38,61,44,43,48,61,51,32,63,49,67,67,78,78,64,66,52,61,48,59,67,66,57,62,51,58,LB,2,2,Left,"176cm / 5'9""",63kg / 139lb,['LM'],20,Cameroon,Ligue 1,Rennes,[],,,,,
9783,Niklas Lomb,M,66,68,58,64,70,38,63,38,39,5,17,48,11,15,14,15,27,13,26,32,17,14,47,40,64,20,37,17,15,16,12,16,61,40,68,27,GK,3,1,Right,"186cm / 6'1""",83kg / 183lb,,32,Germany,Bundesliga,Leverkusen,[],68.0,58.0,64.0,63.0,70.0
9814,Ajibola Alese,M,66,75,33,52,60,66,74,71,79,43,26,43,35,34,28,56,40,27,61,51,40,63,56,58,59,58,64,65,62,67,68,63,80,67,80,65,LB,3,2,Left,"191cm / 6'3""",78kg / 172lb,['CB'],24,England,Premier League,Sunderland,[],,,,,
9822,Javi Rueda,M,66,77,40,55,66,61,60,77,77,55,27,55,49,28,49,64,53,47,58,41,48,64,76,69,64,65,65,64,44,67,60,57,56,69,54,66,RB,2,2,Right,"177cm / 5'10""",74kg / 163lb,['RM'],23,Spain,LaLiga,Celta,[],,,,,
9825,Yannis Lawson,M,66,73,44,50,57,62,73,67,78,54,41,48,45,36,47,52,42,42,57,45,44,54,58,70,60,60,56,61,53,58,66,70,70,74,77,64,LB,2,2,Left,"179cm / 5'10""",68kg / 150lb,['LM'],21,Belgium,Ligue 1,FC Metz,[],,,,,
9884,Ander Yoldi,M,66,73,63,63,66,32,59,70,76,66,66,60,63,49,49,63,65,48,65,62,61,66,66,64,63,68,65,30,45,35,27,29,64,57,71,29,CAM,3,3,Right,"187cm / 6'2""",76kg / 168lb,"['LW', 'CM']",25,Spain,LaLiga,Osasuna,['Aerial Fortress'],,,,,
9893,Grégoire Coudert,M,66,68,64,59,68,34,63,36,31,9,7,44,8,6,19,10,24,11,22,26,14,13,28,24,63,15,25,12,12,22,13,11,59,25,66,28,GK,3,1,Left,"188cm / 6'2""",83kg / 183lb,,26,France,Ligue 1,Brest,[],68.0,64.0,59.0,63.0,68.0
9915,Malthe Højholt,M,66,64,44,58,65,62,62,63,64,59,41,54,41,36,42,40,62,33,68,64,43,63,63,71,68,67,72,64,46,65,64,61,55,71,57,66,CDM,3,2,Right,"182cm / 6'0""",67kg / 148lb,['CM'],24,Denmark,Serie A,Pisa,[],,,,,
9919,Lasse Rieß,M,66,64,64,62,68,32,65,32,33,8,9,47,8,5,16,10,34,11,27,26,13,9,35,25,64,14,39,14,13,8,13,13,58,22,65,28,GK,3,1,Right,"192cm / 6'4""",88kg / 194lb,,24,Germany,Bundesliga,Mainz,['Far Throw'],64.0,64.0,62.0,65.0,68.0
9941,Nobel Mendy,M,66,65,44,57,56,64,68,58,70,50,43,49,42,39,40,55,60,41,62,54,46,53,48,49,63,62,56,66,64,60,66,66,68,59,67,80,CB,3,2,Left,"187cm / 6'2""",78kg / 172lb,['LB'],21,France,LaLiga,Vallecano,[],,,,,
9942,Arsène Kouassi,M,66,61,39,56,66,63,68,73,51,56,42,34,36,26,41,69,42,38,61,52,61,65,60,71,63,70,58,64,29,68,68,67,56,67,65,79,LB,3,2,Left,"178cm / 5'10""",68kg / 150lb,['LM'],21,Burkina Faso,Ligue 1,FC Lorient,[],,,,,
9946,Félix Mambimbi,M,66,86,64,55,71,24,53,86,86,67,64,67,59,57,66,53,57,42,60,50,48,70,87,92,66,66,65,23,55,19,20,25,69,52,53,50,ST,4,3,Right,"171cm / 5'7""",64kg / 141lb,"['LM', 'RM', 'CAM']",24,Switzerland,Ligue 1,Havre AC,['Rapid'],,,,,
9958,Théo De Percin,M,66,69,64,65,68,22,64,25,18,4,9,49,6,6,17,11,30,14,29,22,10,11,39,44,52,16,40,11,13,5,11,14,55,27,64,16,GK,3,1,Right,"185cm / 6'1""",81kg / 179lb,,24,France,Ligue 1,Auxerre,[],69.0,64.0,65.0,64.0,68.0
9960,Ben Bobzien,M,66,73,68,58,71,30,52,76,70,68,69,68,66,65,71,55,57,53,63,52,52,72,78,74,65,70,58,25,56,26,28,30,65,48,52,54,ST,3,3,Right,"174cm / 5'9""",70kg / 154lb,,22,Germany,Bundesliga,Mainz,[],,,,,
9981,Stefan Drljača,M,66,68,62,55,71,31,64,24,42,5,7,41,8,6,15,8,46,10,22,23,12,8,38,30,64,14,44,15,11,15,9,12,62,30,78,29,GK,3,1,Right,"193cm / 6'4""",89kg / 196lb,,26,Germany,Bundesliga,Stuttgart,"['Far Throw', 'Rush Out']",68.0,62.0,55.0,64.0,71.0
9995,Lamine Sy,M,66,82,38,52,63,59,56,86,78,45,39,41,34,25,42,60,41,36,58,46,56,58,75,80,58,63,63,59,48,55,65,67,60,68,48,58,RB,3,2,Right,"174cm / 5'9""",65kg / 143lb,['RM'],23,France,Ligue 1,Auxerre,[],,,,,
10013,Jonas Rouhi,M,66,64,43,59,63,66,53,65,64,48,30,55,54,48,50,65,42,34,67,60,59,66,53,67,61,65,48,63,52,69,68,69,53,55,49,62,LB,3,2,Left,"183cm / 6'0""",70kg / 154lb,['LM'],21,Sweden,Serie A,Juventus,[],,,,,
10027,Gabin Bernardeau,M,66,66,59,63,71,29,59,64,68,58,59,58,63,63,42,56,66,44,68,65,65,74,70,63,55,70,67,13,24,20,46,41,50,58,65,49,CAM,3,3,Left,"181cm / 5'11""",75kg / 165lb,"['RW', 'CM']",19,France,Ligue 1,Nice,[],,,,,
10034,Godson Kyeremeh,M,66,86,62,59,67,32,41,90,83,63,63,65,54,67,62,64,62,55,58,55,58,66,80,82,60,65,61,21,49,24,38,40,55,56,33,37,RM,4,3,Right,"175cm / 5'9""",60kg / 132lb,"['LM', 'ST', 'RW']",25,France,Ligue 1,Havre AC,"['Quick Step', 'Technical']",,,,,
10035,Leo Hjelde,M,66,67,32,55,60,66,67,62,71,50,32,29,31,30,36,60,46,28,61,57,44,59,59,43,63,63,59,65,65,66,66,64,73,56,74,62,LB,3,2,Left,"188cm / 6'2""",75kg / 165lb,"['CB', 'LM']",22,Norway,Premier League,Sunderland,[],,,,,
10038,Justin Diehl,M,66,89,65,55,70,22,46,87,91,60,67,68,58,61,65,49,59,40,59,54,62,70,81,83,61,70,51,19,57,18,17,20,61,60,39,40,LM,3,3,Right,"174cm / 5'9""",67kg / 148lb,"['CAM', 'LW']",20,Germany,Bundesliga,Stuttgart,[],,,,,
10044,Honest Ahanor,M,66,68,43,53,61,64,57,67,68,52,42,50,38,38,42,61,40,40,62,50,40,61,53,57,61,65,48,61,61,62,68,65,62,62,52,61,LB,3,2,Left,"184cm / 6'0""",75kg / 165lb,['LM'],17,Italy,Serie A,Bergamo Calcio,[],,,,,
10054,Yusuf Kabadayi,M,66,81,62,55,71,21,56,84,79,60,65,67,55,59,56,56,56,46,60,44,62,72,80,71,63,68,62,14,51,18,19,17,71,59,61,35,RM,3,3,Right,"186cm / 6'1""",75kg / 165lb,"['CM', 'RW']",21,Germany,Bundesliga,Augsburg,['Finesse Shot'],,,,,
10075,Giacomo Satalino,M,66,68,64,56,69,21,66,24,16,8,6,42,5,9,18,14,30,11,28,22,13,7,28,32,60,17,41,13,11,9,10,10,48,19,51,25,GK,2,1,Right,"188cm / 6'2""",75kg / 165lb,,26,Italy,Serie A,Empoli,['Cross Claimer'],68.0,64.0,56.0,66.0,69.0
10112,Paris Brunner,M,66,67,67,54,68,27,59,69,66,64,72,65,59,63,59,47,52,40,63,46,63,70,72,68,62,66,59,24,62,20,28,20,70,55,65,48,ST,4,4,Right,"185cm / 6'1""",77kg / 170lb,['LM'],19,Germany,Ligue 1,Monaco,['Technical'],,,,,
10121,Noah Edjouma,M,66,69,65,61,67,28,51,69,69,58,68,68,61,54,60,61,57,39,67,60,56,69,59,65,56,70,59,17,42,30,26,33,50,62,53,31,RM,3,3,Right,"181cm / 5'11""",73kg / 161lb,"['CAM', 'RW']",20,France,Ligue 1,Toulouse,[],,,,,
10128,Karl Edouard Etta Eyong,M,66,66,67,56,63,27,61,65,66,68,67,70,64,64,65,43,62,41,64,56,50,62,55,71,66,66,62,21,63,25,22,24,70,44,69,58,ST,3,3,Right,"181cm / 5'11""",75kg / 165lb,,22,Cameroon,LaLiga,Levante UD,"['Jockey', 'Slide Tackle']",,,,,
10159,Ibrahim Mbaye,M,66,77,59,59,70,25,45,78,77,64,59,60,57,56,53,59,59,49,62,53,59,70,82,74,62,66,66,19,39,21,29,25,47,51,42,44,RW,3,3,Right,"176cm / 5'9""",65kg / 143lb,"['LW', 'RM']",17,France,Ligue 1,Paris SG,[],,,,,
10174,Noahkai Banks,M,66,61,35,49,52,66,70,59,63,38,32,40,30,39,48,37,49,35,60,50,33,46,57,63,65,54,56,61,66,67,70,63,74,64,76,60,CB,3,2,Right,"193cm / 6'4""",80kg / 176lb,,18,United States,Bundesliga,Augsburg,[],,,,,
10179,Jenson Seelt,M,66,65,35,48,49,65,71,65,65,34,28,50,33,34,39,35,45,34,60,51,35,46,43,41,63,55,55,62,67,65,67,64,77,62,79,61,CB,3,2,Right,"192cm / 6'4""",83kg / 183lb,"['RB', 'RM']",22,Holland,Bundesliga,Wolfsburg,[],,,,,
10181,Abdelhamid Ait Boudlal,M,66,68,30,49,50,65,70,62,73,26,23,56,21,23,43,40,38,32,60,54,49,45,47,55,59,53,60,60,72,64,68,66,82,56,80,61,CB,3,2,Right,"190cm / 6'3""",78kg / 172lb,,19,Morocco,Ligue 1,Rennes,[],,,,,
10182,Yan Diomande,M,66,71,61,62,64,25,49,69,73,68,60,60,61,63,61,59,65,55,65,58,51,66,47,79,68,66,55,15,64,21,21,25,63,55,51,35,LM,3,3,Right,"181cm / 5'11""",77kg / 170lb,"['RM', 'ST', 'LW']",19,Côte d'Ivoire,Bundesliga,RB Leipzig,[],,,,,
10185,Alan Matturro,M,66,64,30,52,54,67,65,62,65,48,22,51,21,23,35,52,50,31,59,51,30,50,56,52,65,58,57,67,67,66,68,66,69,66,64,65,CB,3,2,Left,"189cm / 6'2""",77kg / 170lb,,21,Uruguay,LaLiga,Levante UD,[],,,,,
10201,Alessandro Marcandalli,M,66,64,39,48,43,66,69,59,68,24,33,53,45,39,35,40,38,37,61,48,40,31,44,54,62,56,47,67,63,67,66,67,73,56,76,66,CB,3,2,Right,"190cm / 6'3""",81kg / 179lb,,23,Italy,Serie A,Genoa,[],,,,,
10286,Mariano Troilo,M,66,43,29,43,45,64,76,34,51,32,25,41,28,23,31,33,33,20,56,51,22,42,35,32,59,51,52,62,70,65,65,60,72,58,90,63,CB,3,2,Right,"194cm / 6'4""",86kg / 190lb,,22,Argentina,Serie A,Parma,[],,,,,
10523,Ricky-Jade Jones,M,65,93,62,56,65,28,67,91,94,66,64,61,59,57,59,52,58,43,60,54,62,63,82,63,65,62,60,28,56,23,25,26,79,64,69,62,ST,3,3,Right,"183cm / 6'0""",70kg / 154lb,"['LM', 'LW']",23,England,Bundesliga,St Pauli,"['Low Driven Shot', 'Rapid']",,,,,
10531,Tjaš Begić,M,65,79,61,64,69,44,54,77,80,68,61,62,63,41,57,62,64,56,67,64,59,70,76,82,61,67,52,51,39,28,59,42,50,69,45,61,CM,2,3,Right,"175cm / 5'9""",68kg / 150lb,['CAM'],22,Slovenia,Serie A,Parma,[],,,,,
10547,Fodé Sylla,M,65,60,57,62,63,61,67,53,65,63,56,61,57,42,50,54,65,41,68,65,48,63,58,49,64,66,64,63,60,56,65,60,65,62,70,64,CM,2,2,Right,"182cm / 6'0""",78kg / 172lb,['CDM'],19,France,Ligue 1,RC Lens,[],,,,,
10551,Calvin Ramsay,M,65,76,46,61,64,58,64,74,78,57,39,63,45,35,42,66,60,54,62,59,59,62,71,68,63,65,60,58,51,57,61,59,66,71,61,60,RB,3,2,Right,"177cm / 5'10""",68kg / 150lb,['RM'],22,Scotland,Premier League,Liverpool,[],,,,,
10600,Mathias Løvik,M,65,81,39,57,64,60,65,82,81,57,40,47,28,28,35,62,53,30,61,56,53,63,77,68,57,64,52,61,54,61,61,58,72,70,64,61,LB,4,2,Left,"183cm / 6'0""",78kg / 172lb,['LM'],21,Norway,Serie A,Parma,[],,,,,
10611,Rafael Luís,M,65,59,51,63,65,60,67,61,58,48,42,67,61,37,45,58,64,39,68,67,56,67,60,49,56,68,60,60,51,58,64,63,65,65,71,62,CDM,3,2,Left,"188cm / 6'2""",83kg / 183lb,['CM'],20,Portugal,Ligue 1,Strasbourg,[],,,,,
10661,Fortuño,M,65,63,64,64,65,42,65,44,40,6,9,48,6,8,19,14,48,11,28,25,13,13,45,53,64,21,40,9,13,9,14,10,57,31,55,33,GK,3,1,Right,"183cm / 6'0""",77kg / 170lb,,24,Spain,LaLiga,Espanol,[],63.0,64.0,64.0,65.0,65.0
10682,Achraf Laâziri,M,65,74,48,61,66,58,55,75,73,55,48,49,46,46,44,66,56,48,65,56,59,64,75,71,64,67,62,59,52,56,62,59,60,62,50,55,LB,3,3,Left,"177cm / 5'10""",70kg / 154lb,['LM'],22,Morocco,Ligue 1,Lyon,[],,,,,
10696,Laurs Skjellerup,M,65,81,62,56,61,35,66,80,81,64,65,61,60,58,56,51,58,35,61,57,44,60,60,61,63,62,60,34,65,29,33,35,81,54,73,58,ST,3,2,Right,"195cm / 6'5""",81kg / 179lb,,23,Denmark,Serie A,Empoli,[],,,,,
10708,Daniele Padelli,M,65,62,65,56,62,45,70,49,39,10,10,42,11,10,22,11,40,10,26,29,13,10,38,27,62,21,69,13,10,8,12,12,51,30,45,12,GK,2,1,Right,"191cm / 6'3""",82kg / 181lb,,40,Italy,Serie A,Udinese,[],62.0,65.0,56.0,70.0,62.0
10751,Melvin Zinga,M,65,65,67,69,69,24,64,24,24,7,7,52,5,6,19,14,44,11,26,34,14,13,33,33,46,18,23,13,12,7,14,12,40,28,42,37,GK,2,1,Left,"187cm / 6'2""",76kg / 168lb,,23,France,Ligue 1,Angers,[],65.0,67.0,69.0,64.0,69.0
10761,Emersonn,M,65,76,63,56,68,30,64,72,80,60,63,67,61,55,66,58,59,47,59,45,60,69,79,58,56,68,58,21,61,29,28,23,73,57,69,58,RW,3,3,Right,"186cm / 6'1""",77kg / 170lb,"['ST', 'LW', 'RM']",21,Brazil,Ligue 1,Toulouse,[],,,,,
10776,Malick Mbaye,M,65,82,64,58,65,29,59,83,81,65,67,69,54,59,59,58,59,48,59,55,58,64,64,79,48,68,58,22,53,28,26,27,71,63,60,50,RM,2,3,Right,"173cm / 5'8""",68kg / 150lb,['RW'],21,Senegal,Ligue 1,FC Metz,['Rapid'],,,,,
10788,Matthew Cox,M,65,67,63,65,66,30,65,33,26,9,7,49,6,6,10,8,42,10,35,36,13,8,36,43,51,21,40,9,9,7,10,11,41,23,38,20,GK,3,1,Right,"182cm / 6'0""",74kg / 163lb,,22,England,Premier League,Brentford,[],67.0,63.0,65.0,65.0,66.0
10798,Fabio Baldé,M,65,83,56,58,67,32,59,83,83,62,58,62,49,50,48,64,57,44,59,54,63,69,62,67,52,68,60,28,45,27,35,34,68,54,64,51,LW,2,3,Right,"182cm / 6'0""",75kg / 165lb,"['RW', 'LM']",20,Germany,Bundesliga,Hamburger SV,[],,,,,
10805,Sofiane Alakouch,M,65,65,43,60,64,62,61,67,64,60,38,62,35,30,42,62,63,32,62,57,60,61,73,72,63,63,64,64,54,62,63,60,61,66,59,62,RB,3,3,Right,"175cm / 5'9""",66kg / 146lb,['RM'],27,Morocco,Ligue 1,Paris FC,['Relentless'],,,,,
10819,Manu Bueno,M,65,53,60,59,65,62,56,60,48,64,65,52,64,34,48,42,64,45,69,66,38,66,57,66,62,68,52,65,52,61,64,62,55,56,53,63,CM,3,3,Left,"178cm / 5'10""",73kg / 161lb,"['CAM', 'CDM']",21,Spain,LaLiga,Sevilla,[],,,,,
10821,Antonio Vergara,M,65,66,63,63,66,38,59,64,67,64,66,65,60,56,53,65,60,50,66,62,62,67,71,66,58,66,58,30,51,36,40,42,58,68,57,53,RW,3,3,Left,"185cm / 6'1""",77kg / 170lb,"['RM', 'CAM']",22,Italy,Serie A,Napoli,['Finesse Shot'],,,,,
10832,Jaime Vázquez,M,65,66,36,60,61,64,67,67,65,26,20,61,56,27,26,57,49,59,65,64,63,61,59,58,62,63,54,64,63,63,65,64,73,62,71,64,CB,3,2,Left,"184cm / 6'0""",80kg / 176lb,['LB'],19,Spain,LaLiga,Celta,[],,,,,
10833,Seydou Fini,M,65,78,57,56,67,31,65,80,77,63,61,59,45,60,61,59,59,32,61,48,49,69,74,68,62,65,56,30,50,31,28,24,71,60,68,61,RM,3,3,Right,"178cm / 5'10""",73kg / 161lb,"['LM', 'ST', 'RW']",19,Italy,Serie A,Genoa,[],,,,,
10870,Axel Tape,M,65,68,42,57,60,66,58,64,71,46,41,47,39,40,42,51,54,37,67,58,49,56,65,64,59,63,57,62,62,65,71,67,65,51,58,64,CB,3,2,Right,"180cm / 5'11""",75kg / 165lb,,18,France,Bundesliga,Leverkusen,[],,,,,
10886,Alberto Flores,M,65,65,66,63,64,30,63,33,25,6,5,47,8,6,11,12,35,12,28,21,10,10,27,35,58,13,30,10,13,7,11,12,57,26,61,28,GK,3,1,Left,"186cm / 6'1""",80kg / 176lb,,22,Spain,LaLiga,Sevilla,[],65.0,66.0,63.0,63.0,64.0
10887,Kasey Bos,M,65,73,46,54,59,65,53,74,72,47,48,51,38,36,48,62,45,36,63,45,44,52,69,66,61,65,50,63,64,62,68,67,74,37,65,40,LB,2,2,Left,"180cm / 5'11""",73kg / 161lb,['LM'],21,Australia,Bundesliga,Mainz,[],,,,,
10896,Stefan Bajic,M,65,66,65,65,65,25,64,28,20,5,5,49,9,8,11,9,43,11,24,24,12,7,35,42,60,18,25,10,12,5,12,9,41,29,41,21,GK,3,1,Right,"191cm / 6'3""",84kg / 185lb,,23,France,Ligue 1,Strasbourg,[],66.0,65.0,65.0,64.0,65.0
10909,Gustavo Nunes,M,65,81,61,58,69,31,49,85,78,61,60,62,63,53,59,61,63,41,59,48,57,70,80,83,59,64,63,27,51,28,31,31,62,60,46,38,LM,3,3,Right,"173cm / 5'8""",65kg / 143lb,"['RM', 'LW']",20,Brazil,Premier League,Brentford,[],,,,,
10921,Corrie Ndaba,M,65,70,27,54,58,62,78,68,71,35,21,40,24,25,38,57,48,25,61,54,41,59,62,55,56,56,56,62,61,61,64,61,79,78,84,61,LB,3,2,Left,"188cm / 6'2""",82kg / 181lb,['CB'],25,Republic of Ireland,Serie A,Lecce,[],,,,,
10936,Zachary Athekame,M,65,82,28,50,62,59,68,81,82,50,24,26,31,25,36,58,38,30,58,45,36,61,71,69,59,63,46,60,55,57,60,63,81,64,77,49,RB,3,2,Right,"180cm / 5'11""",70kg / 154lb,['RM'],20,Switzerland,Serie A,Milan,[],,,,,
10956,Samir El Mourabet,M,65,57,48,63,62,57,61,56,58,56,48,50,47,33,46,48,68,45,70,69,48,59,59,63,64,67,65,63,52,49,63,56,59,62,64,54,CM,2,2,Left,"186cm / 6'1""",75kg / 165lb,,20,Morocco,Ligue 1,Strasbourg,[],,,,,
10975,Alieu Njie,M,65,77,65,55,71,24,54,78,77,68,68,66,61,55,60,58,54,41,61,45,52,71,76,75,68,71,55,20,48,20,23,19,53,65,43,70,ST,3,2,Right,"177cm / 5'10""",70kg / 154lb,"['LW', 'LM']",20,Sweden,Serie A,Torino,[],,,,,
10991,Damián Pizarro,M,65,83,60,47,67,18,71,79,86,63,64,66,47,47,61,26,48,35,61,51,34,67,72,67,60,66,66,18,62,11,14,11,83,50,80,71,ST,3,2,Right,"187cm / 6'2""",85kg / 187lb,,20,Chile,Ligue 1,Havre AC,[],,,,,
10998,Justin Bourgault,M,65,62,43,54,59,62,65,67,57,48,35,67,33,48,48,65,42,38,61,38,70,57,56,58,55,65,57,59,65,55,68,65,70,68,64,63,LB,2,2,Left,"185cm / 6'1""",73kg / 161lb,['LM'],20,France,Ligue 1,Brest,[],,,,,
11000,Cristian Rivero,M,65,65,62,63,66,27,62,25,29,6,7,47,18,9,18,14,34,14,28,30,11,8,38,40,63,17,47,15,10,14,10,11,50,23,55,24,GK,3,1,Right,"188cm / 6'2""",75kg / 165lb,,27,Spain,LaLiga,Valencia,['Far Throw'],65.0,62.0,63.0,62.0,66.0
11010,Edoardo Corvi,M,65,66,63,65,68,25,58,25,26,9,8,49,9,9,12,13,39,18,35,41,13,7,38,49,66,16,25,6,11,7,17,13,49,24,54,28,GK,1,1,Right,"187cm / 6'2""",70kg / 154lb,,24,Italy,Serie A,Parma,[],66.0,63.0,65.0,58.0,68.0
11024,Erik Ahlstrand,M,65,72,56,59,65,36,56,75,70,66,57,54,59,45,45,61,64,38,62,53,58,64,68,66,63,66,65,43,32,34,36,36,54,55,57,57,RM,3,3,Left,"184cm / 6'0""",75kg / 165lb,"['ST', 'RW']",24,Sweden,Bundesliga,St Pauli,[],,,,,
11028,Luca Lipani,M,65,54,44,63,63,62,58,53,54,58,35,57,50,39,41,54,64,33,72,68,49,62,56,56,64,70,56,62,60,60,66,62,57,60,53,66,CM,3,2,Right,"185cm / 6'1""",65kg / 143lb,['CDM'],20,Italy,Serie A,Empoli,[],,,,,
11047,Chido Obi,M,65,71,64,56,63,28,60,72,70,66,67,66,57,63,65,55,57,62,57,48,59,62,71,60,62,61,64,23,63,23,26,24,74,58,69,36,ST,4,2,Right,"188cm / 6'2""",81kg / 179lb,,17,Denmark,Premier League,Man United,[],,,,,
11052,Dane Scarlett,M,65,75,63,52,66,23,63,78,73,65,66,64,57,59,67,48,55,43,57,44,52,64,78,71,61,65,64,22,67,17,16,18,77,64,64,57,ST,4,3,Right,"179cm / 5'10""",73kg / 161lb,"['LW', 'LM']",21,England,Premier League,Tottenham,['Technical'],,,,,
11098,Yann Lienard,M,65,65,61,60,66,23,63,23,22,3,7,45,8,5,11,9,31,18,30,21,34,6,33,26,64,13,36,7,12,5,13,11,55,27,66,21,GK,3,1,Right,"194cm / 6'4""",80kg / 176lb,,22,France,Ligue 1,Monaco,[],65.0,61.0,60.0,63.0,66.0
11102,Marius Courcoul,M,65,55,42,54,56,65,66,56,55,33,36,59,44,28,39,51,48,34,65,57,26,52,49,65,55,63,54,66,57,62,70,67,62,71,63,66,CDM,3,2,Right,"182cm / 6'0""",70kg / 154lb,"['CM', 'CB']",18,France,Ligue 1,Angers,[],,,,,
11122,Dženan Pejčinović,M,65,67,62,54,65,28,60,67,67,69,70,60,53,45,53,45,62,39,60,48,46,65,70,53,62,68,57,24,66,20,28,22,71,55,65,52,ST,3,3,Left,"188cm / 6'2""",78kg / 172lb,,20,Germany,Bundesliga,Wolfsburg,[],,,,,
11126,Morgan Bokele,M,65,73,58,57,68,26,53,76,71,62,63,56,45,62,57,57,57,42,63,51,50,71,69,67,52,69,57,26,39,19,26,31,54,55,54,48,LM,3,3,Right,"175cm / 5'9""",71kg / 157lb,"['RM', 'LW']",21,Cameroon,Ligue 1,FC Metz,[],,,,,
11160,Abdoulie Ceesay,M,65,74,67,43,61,26,61,78,70,63,72,68,61,54,52,42,43,37,49,33,47,58,64,60,54,66,53,22,60,19,27,18,79,44,74,45,ST,3,2,Right,"185cm / 6'1""",79kg / 174lb,,21,Gambia,Bundesliga,St Pauli,[],,,,,
11166,Kojo Peprah Oppong,M,65,74,25,44,54,64,71,73,74,31,22,36,24,20,20,31,27,20,61,59,29,52,57,48,62,57,55,64,63,63,65,62,78,67,75,63,CB,3,2,Right,"185cm / 6'1""",78kg / 172lb,,21,Ghana,Ligue 1,Nice,[],,,,,
11175,Tyler Fredricson,M,65,65,29,48,56,65,68,66,64,32,22,46,28,20,35,37,46,31,58,50,44,57,56,53,62,55,54,64,63,65,66,64,73,57,72,69,CB,3,2,Right,"188cm / 6'2""",81kg / 179lb,,20,England,Premier League,Man United,[],,,,,
11191,David Odogu,M,65,67,32,45,52,65,67,63,71,23,26,55,24,24,42,30,35,27,60,50,38,50,46,45,55,60,45,65,65,62,69,65,74,60,74,57,CB,3,2,Right,"191cm / 6'3""",83kg / 183lb,,19,Germany,Serie A,Milan,[],,,,,
11198,Francesco Camarda,M,65,67,66,51,66,24,54,65,68,61,68,67,61,61,76,40,48,40,61,48,50,66,66,66,61,69,58,22,66,16,22,16,66,55,58,40,ST,3,3,Right,"184cm / 6'0""",75kg / 165lb,,17,Italy,Serie A,Lecce,[],,,,,
11204,Jannik Robatsch,M,65,67,31,49,50,65,65,65,68,23,28,43,29,25,31,30,52,31,61,54,24,36,66,60,61,62,56,62,68,65,67,66,71,55,68,66,CB,3,2,Left,"190cm / 6'3""",78kg / 172lb,,20,Austria,Bundesliga,St Pauli,"['Jockey', 'Precision Header']",,,,,
11215,Pau Cabanes,M,65,63,69,53,67,25,48,55,69,64,69,73,67,62,71,41,57,44,62,44,60,75,57,70,62,62,52,25,59,20,22,15,54,53,49,40,ST,3,3,Right,"179cm / 5'10""",70kg / 154lb,['RM'],20,Spain,LaLiga,Villarreal,[],,,,,
11221,Víctor Muñoz,M,65,72,61,60,66,26,39,74,70,63,63,64,59,53,52,63,61,45,63,55,58,69,54,79,60,66,58,21,40,20,28,30,42,47,34,41,LW,3,3,Right,"173cm / 5'8""",60kg / 132lb,['LM'],22,Spain,LaLiga,Osasuna,[],,,,,
11251,Élysée Logbo,M,65,56,65,50,64,19,66,52,59,66,66,67,63,63,62,44,49,45,56,44,54,62,64,65,64,66,62,11,66,20,11,12,70,54,75,59,ST,3,3,Left,"188cm / 6'2""",75kg / 165lb,,21,France,Ligue 1,Havre AC,[],,,,,
11253,Juan Rodríguez,M,65,57,39,42,42,67,72,58,57,28,34,54,38,38,39,28,46,28,49,43,42,35,48,47,62,44,58,67,63,66,69,67,74,68,78,62,CB,2,2,Left,"190cm / 6'3""",80kg / 176lb,,20,Uruguay,Serie A,Cagliari,[],,,,,
11293,Jan Ziółkowski,M,65,62,28,44,46,64,67,60,64,32,22,43,24,29,34,29,31,29,60,53,25,32,48,49,63,64,47,63,63,64,64,67,69,66,69,65,CB,2,2,Right,"194cm / 6'4""",76kg / 168lb,,20,Poland,Serie A,Roma,[],,,,,
11317,Mateus Lusuardi,M,65,52,26,44,50,65,63,51,52,22,20,41,23,33,37,32,31,26,61,50,25,47,32,42,61,61,46,63,66,65,67,65,66,52,67,66,CB,3,2,Left,"190cm / 6'3""",80kg / 176lb,,21,Brazil,Serie A,Pisa,[],,,,,
11327,Matías Moreno,M,65,53,28,35,42,69,66,54,53,32,20,45,22,32,44,29,34,34,40,37,26,30,59,58,58,49,48,67,71,67,71,67,75,58,74,54,CB,2,2,Right,"193cm / 6'4""",81kg / 179lb,,22,Argentina,LaLiga,Levante UD,[],,,,,
11405,Diego León,M,64,83,51,56,66,59,62,82,83,68,45,56,55,60,45,56,57,53,55,54,60,65,80,67,60,63,66,60,55,60,60,58,74,68,65,45,LB,2,2,Left,"177cm / 5'10""",67kg / 148lb,['LM'],18,Paraguay,Premier League,Man United,[],,,,,
11458,Timmy Chandler,M,64,38,67,68,64,69,66,43,34,64,65,75,67,66,51,71,65,45,71,70,68,65,52,51,65,67,68,67,77,69,70,66,78,35,76,78,RB,4,2,Right,"187cm / 6'2""",84kg / 185lb,['RM'],35,United States,Bundesliga,Ein Frankfurt,[],,,,,
11493,Ármin Pécsi,M,64,64,62,63,67,51,63,49,54,6,5,47,6,9,10,11,29,12,18,21,12,8,39,37,59,16,32,11,11,7,10,14,61,21,62,17,GK,2,1,Right,"190cm / 6'3""",85kg / 187lb,,20,Hungary,Premier League,Liverpool,[],64.0,62.0,63.0,63.0,67.0
11517,Almugera Kabar,M,64,77,41,60,63,58,70,77,77,54,39,50,36,35,41,66,49,50,64,60,59,63,76,73,58,61,53,58,56,56,60,59,77,60,75,70,LB,3,3,Left,"181cm / 5'11""",74kg / 163lb,['LM'],19,Germany,Bundesliga,Dortmund,[],,,,,
11634,Andrija Bulatović,M,64,63,54,63,61,62,58,61,65,59,53,62,51,45,50,53,64,45,69,67,53,59,56,69,62,65,65,63,57,58,66,60,61,58,57,60,CM,3,2,Right,"180cm / 5'11""",72kg / 159lb,,18,Montenegro,Ligue 1,RC Lens,[],,,,,
11699,Tawanda Chirewa,M,64,82,56,58,68,39,56,82,82,59,51,68,55,57,53,58,59,55,63,47,59,68,83,73,59,66,63,39,44,38,40,38,64,56,62,38,LM,4,3,Right,"181cm / 5'11""",72kg / 159lb,"['CAM', 'RM', 'LB']",22,Zimbabwe,Premier League,Wolves,[],,,,,
11707,Jens Grahl,M,64,68,60,58,66,44,62,41,48,13,12,44,13,11,21,19,32,10,22,20,11,12,44,43,62,23,55,23,13,20,13,12,67,39,78,33,GK,2,1,Right,"192cm / 6'4""",88kg / 194lb,,37,Germany,Bundesliga,Ein Frankfurt,[],68.0,60.0,58.0,62.0,66.0
11727,Tom King,M,64,64,63,61,64,42,63,40,44,12,6,46,17,18,26,9,45,7,35,43,9,8,39,57,56,28,42,13,18,15,17,20,66,32,73,23,GK,3,1,Right,"194cm / 6'4""",80kg / 176lb,,30,Wales,Premier League,Everton,[],64.0,63.0,61.0,63.0,64.0
11740,Dehmaine Tabibou,M,64,63,52,65,72,47,57,63,63,59,49,57,53,58,50,59,64,47,70,68,61,78,61,62,50,72,63,47,53,41,51,44,58,62,56,55,CM,2,4,Left,"181cm / 5'11""",71kg / 157lb,['CAM'],20,France,Ligue 1,Nantes,[],,,,,
11757,Mauro Vigorito,M,64,63,63,60,65,39,65,38,40,13,18,45,13,16,13,13,35,12,34,26,13,13,52,30,61,29,51,26,9,21,13,12,54,32,55,32,GK,2,1,Right,"187cm / 6'2""",79kg / 174lb,,35,Italy,Serie A,Como,[],63.0,63.0,60.0,65.0,65.0
11774,Trey Nyoni,M,64,67,54,61,69,52,52,67,67,62,54,57,52,54,51,51,64,42,68,65,55,70,68,70,61,69,63,52,53,50,56,47,54,58,49,51,CM,3,3,Right,"180cm / 5'11""",75kg / 165lb,['CAM'],18,England,Premier League,Liverpool,[],,,,,
11785,Harrison Ashby,M,64,75,44,56,60,57,62,74,75,53,38,59,40,40,39,60,48,60,58,52,62,59,64,67,61,60,52,57,53,56,59,60,64,71,59,59,RB,3,2,Right,"179cm / 5'10""",72kg / 159lb,"['LB', 'RM']",24,Scotland,Premier League,Newcastle,[],,,,,
11787,Simon Ebonog,M,64,67,54,61,66,59,47,69,66,60,52,57,53,53,53,47,66,37,70,66,52,65,65,65,63,69,63,64,48,56,65,52,54,34,51,49,CM,3,2,Right,"180cm / 5'11""",70kg / 154lb,,21,France,Ligue 1,Havre AC,[],,,,,
11806,Rafik Messali,M,64,73,40,59,59,58,63,69,76,57,42,45,29,38,39,60,49,38,69,57,59,58,61,67,54,60,54,58,52,55,61,60,63,68,63,58,RB,3,2,Right,"177cm / 5'10""",65kg / 143lb,['RM'],22,Algeria,Ligue 1,Toulouse,[],,,,,
11824,Vladyslav Krapyvtsov,M,64,64,64,62,64,33,64,35,31,5,6,47,7,5,10,14,35,12,25,29,14,14,32,41,58,20,33,12,11,7,10,12,42,25,40,22,GK,3,1,Right,"188cm / 6'2""",75kg / 165lb,,20,Ukraine,LaLiga,Girona,[],64.0,64.0,62.0,64.0,64.0
11852,Diego Méndez,M,64,62,49,53,60,65,61,56,66,55,50,60,45,21,34,38,56,27,65,60,28,60,54,62,55,63,55,65,60,66,66,66,65,52,64,65,CDM,3,2,Right,"182cm / 6'0""",75kg / 165lb,['CM'],22,Spain,LaLiga,Vallecano,[],,,,,
11853,Mamadou Coulibaly,M,64,59,53,61,64,59,54,63,55,55,53,56,52,41,48,47,65,43,68,65,51,61,68,72,63,66,64,64,48,57,63,57,49,64,49,56,CM,2,3,Left,"179cm / 5'10""",67kg / 148lb,,21,France,Ligue 1,Monaco,[],,,,,
11867,Alex Murphy,M,64,64,41,53,57,63,71,63,65,41,40,47,36,39,42,55,44,35,59,55,49,55,59,59,63,58,56,62,59,63,64,62,71,65,74,70,LB,4,2,Left,"188cm / 6'2""",76kg / 168lb,"['CB', 'LM']",21,Republic of Ireland,Premier League,Newcastle,[],,,,,
11894,Radoslaw Zelezny,M,64,63,68,60,64,28,64,25,32,6,5,45,8,8,5,13,35,14,26,18,13,14,38,21,51,18,27,7,14,7,13,13,55,19,64,26,GK,2,1,Left,"193cm / 6'4""",85kg / 187lb,,19,Poland,Serie A,Roma,[],63.0,68.0,60.0,64.0,64.0
11909,Dikeni Salifou,M,64,54,48,59,59,62,65,54,54,56,42,56,51,39,52,50,58,49,66,64,42,57,63,50,63,63,52,60,59,61,66,62,64,55,68,68,CDM,3,2,Right,"191cm / 6'3""",82kg / 181lb,['CM'],22,Togo,Bundesliga,Werder Bremen,[],,,,,
11916,Lassine Diarra,M,64,65,60,58,66,34,63,33,36,6,9,44,6,8,15,14,25,14,19,23,10,8,25,27,61,17,28,7,11,8,11,14,56,25,62,23,GK,3,1,Right,"190cm / 6'3""",80kg / 176lb,,23,Mali,Ligue 1,Lyon,[],65.0,60.0,58.0,63.0,66.0
11935,Khalis Merah,M,64,63,51,65,71,53,42,66,60,58,52,50,50,48,50,55,67,58,70,66,61,70,77,77,59,71,68,57,44,49,58,46,41,46,39,46,CM,3,3,Right,"175cm / 5'9""",65kg / 143lb,,18,France,Ligue 1,Lyon,[],,,,,
12003,Enzo Molebe,M,64,78,63,50,71,19,60,79,77,61,64,66,58,59,61,41,54,44,58,35,56,70,82,77,61,69,65,18,46,15,16,13,67,56,68,41,ST,4,3,Right,"178cm / 5'10""",68kg / 150lb,,18,France,Ligue 1,Lyon,[],,,,,
12011,Tristán,M,64,61,64,62,65,28,61,26,31,7,7,47,5,7,14,15,49,11,33,31,10,10,27,36,61,14,26,12,13,6,13,12,48,35,50,18,GK,4,1,Right,"188cm / 6'2""",73kg / 161lb,,23,Spain,LaLiga,Espanol,[],61.0,64.0,62.0,61.0,65.0
12030,Sidiki Chérif,M,64,69,62,55,67,32,55,66,71,64,66,63,55,49,59,61,57,43,58,45,46,71,59,59,62,68,57,26,57,27,34,27,65,53,62,39,ST,3,3,Right,"185cm / 6'1""",73kg / 161lb,['LM'],18,France,Ligue 1,Angers,[],,,,,
12037,Yassine Benhattab,M,64,77,49,63,72,35,43,79,75,58,48,52,42,50,61,65,68,55,67,49,59,73,84,86,48,71,63,32,42,34,38,32,47,51,39,40,CAM,3,4,Left,"170cm / 5'7""",59kg / 130lb,"['RW', 'CM']",23,France,Ligue 1,Nantes,['Technical'],,,,,
12055,Alejo Sarco,M,64,72,63,51,63,28,60,78,67,67,63,65,61,56,60,50,54,38,53,47,44,59,77,78,65,62,57,23,60,22,27,24,76,55,68,42,ST,3,3,Left,"179cm / 5'10""",76kg / 168lb,,19,Argentina,Bundesliga,Leverkusen,[],,,,,
12079,Lamine Gueye,M,64,69,64,62,65,24,52,70,68,60,61,69,64,66,67,62,59,67,64,60,65,64,71,72,59,65,63,19,61,19,23,18,66,51,56,38,RM,3,3,Right,"178cm / 5'10""",74kg / 163lb,['RW'],27,Senegal,Ligue 1,Paris FC,['Rapid'],,,,,
12099,Jaydon Banel,M,64,79,56,57,67,29,47,80,78,60,56,61,52,55,55,58,58,54,60,48,55,67,76,82,58,66,58,24,45,26,30,32,59,51,51,29,LM,3,3,Right,"172cm / 5'8""",65kg / 143lb,"['LW', 'RW']",21,Holland,Premier League,Burnley,[],,,,,
12121,Rayan Fofana,M,64,74,63,51,65,25,55,71,77,63,65,66,58,57,64,49,49,38,57,48,44,67,68,65,60,64,59,23,59,18,25,20,67,53,58,45,ST,3,3,Right,"180cm / 5'11""",75kg / 165lb,,19,France,Ligue 1,RC Lens,[],,,,,
12125,Jones El-Abdellaoui,M,64,80,58,59,64,26,46,81,79,59,61,59,55,53,49,60,60,46,62,53,56,63,76,64,59,62,61,20,54,25,24,23,58,50,44,42,RM,2,3,Right,"184cm / 6'0""",72kg / 159lb,"['LM', 'RW']",19,Morocco,LaLiga,Celta,[],,,,,
12130,Kyllian Antonio,M,64,63,37,52,54,64,62,60,66,38,36,48,32,31,31,44,51,29,62,52,44,48,54,60,61,59,63,65,63,63,66,64,68,57,66,59,CB,3,2,Right,"183cm / 6'0""",75kg / 165lb,,17,France,Ligue 1,RC Lens,[],,,,,
12132,Lazar Jovanović,M,64,75,56,57,70,28,46,77,74,54,62,54,49,50,40,61,69,38,59,40,58,73,78,62,50,70,55,27,32,28,26,29,49,52,48,34,RM,3,3,Left,"184cm / 6'0""",76kg / 168lb,"['LM', 'RW']",18,Serbia,Bundesliga,Stuttgart,[],,,,,
12141,Ousmane Touré,M,64,71,26,49,57,65,64,66,75,21,20,48,17,18,38,45,43,21,59,48,46,53,62,60,62,59,62,64,56,66,68,64,68,58,70,57,CB,2,2,Right,"187cm / 6'2""",75kg / 165lb,,20,France,Ligue 1,Lille,[],,,,,
12147,Harry Tyrer,M,64,65,61,62,65,16,62,15,17,8,9,47,9,6,12,11,28,11,29,21,12,7,33,28,60,17,22,11,14,6,11,11,57,28,73,19,GK,2,1,Right,"194cm / 6'4""",88kg / 194lb,,23,England,Premier League,Everton,[],65.0,61.0,62.0,62.0,65.0
12177,Nidal Čelik,M,64,60,35,49,50,62,71,52,67,38,32,44,31,30,42,44,48,30,55,51,43,46,47,45,61,54,57,62,63,60,65,60,73,52,81,67,CB,3,2,Right,"192cm / 6'4""",80kg / 176lb,,19,Bosnia and Herzegovina,Ligue 1,RC Lens,[],,,,,
12200,Aboubaka Soumahoro,M,64,63,25,52,57,62,66,52,72,36,22,34,17,21,38,44,49,25,62,56,38,55,48,60,58,62,62,58,67,57,68,63,69,56,71,65,CB,2,2,Left,"184cm / 6'0""",71kg / 157lb,"['LB', 'LM']",20,France,Bundesliga,Hamburger SV,[],,,,,
12207,Francesco Folino,M,64,61,36,47,44,63,73,59,62,38,31,43,36,36,42,39,39,35,61,45,38,35,42,41,58,56,48,62,61,65,63,62,75,66,81,62,CB,3,2,Right,"192cm / 6'4""",85kg / 187lb,,23,Italy,Serie A,Monza,['Block'],,,,,
12234,David Mokwa,M,64,67,64,47,64,27,51,68,66,66,69,66,57,56,52,53,52,34,49,33,47,65,68,67,57,64,53,23,63,21,26,24,67,49,59,30,ST,3,2,Left,"181cm / 5'11""",81kg / 179lb,,21,France,Bundesliga,Hoffenheim,[],,,,,
12242,Lucas Michal,M,64,74,58,58,68,23,37,76,73,61,59,62,55,53,50,61,59,47,62,49,54,69,73,79,61,66,62,16,33,18,28,23,44,34,41,31,LM,3,3,Right,"172cm / 5'8""",61kg / 134lb,['LW'],20,France,Ligue 1,Monaco,[],,,,,
12243,Adel Mahamoud,M,64,72,62,53,72,21,38,71,73,59,64,60,61,64,52,53,57,40,56,44,58,73,80,79,53,71,67,18,33,21,21,18,41,37,40,33,LW,3,3,Right,"178cm / 5'10""",68kg / 150lb,"['ST', 'LM']",22,Comoros,Ligue 1,Nantes,[],,,,,
12281,Gennaro Borrelli,M,64,51,63,45,59,24,69,45,56,69,68,66,48,53,63,26,48,23,61,42,36,61,51,45,56,61,57,21,69,18,20,15,74,59,84,44,ST,2,2,Right,"197cm / 6'6""",90kg / 198lb,,25,Italy,Serie A,Cagliari,[],,,,,
12317,Jacobo Ramón,M,64,57,22,45,48,65,62,57,57,24,15,38,19,21,34,25,32,29,64,55,23,39,55,57,62,54,60,63,72,63,66,64,73,62,66,51,CB,3,2,Right,"196cm / 6'5""",80kg / 176lb,,20,Spain,Serie A,Como,[],,,,,
12544,Alex Cairns,M,63,63,61,62,63,49,62,49,48,11,11,47,13,13,22,12,46,12,36,47,14,12,43,60,57,17,45,15,11,21,11,11,46,23,39,39,GK,3,1,Left,"183cm / 6'0""",72kg / 159lb,,32,England,Premier League,Leicester,"['Footwork', 'Long Ball Pass']",63.0,61.0,62.0,62.0,63.0
12558,Remi Matthews,M,63,64,63,62,63,45,62,44,47,7,15,47,20,16,22,11,39,19,35,39,14,22,49,39,55,27,34,15,15,12,15,17,62,29,66,24,GK,3,1,Right,"192cm / 6'4""",78kg / 172lb,,31,England,Premier League,Crystal Palace,[],64.0,63.0,62.0,62.0,63.0
12595,Alpha Touré,M,63,65,51,59,64,60,57,73,59,46,50,55,48,55,64,40,60,61,67,63,58,61,69,78,54,66,56,59,48,58,64,65,60,56,56,61,CDM,3,2,Left,"180cm / 5'11""",68kg / 150lb,['CM'],19,Senegal,Ligue 1,FC Metz,[],,,,,
12598,Aladji Bamba,M,63,60,53,59,59,59,66,54,64,55,51,64,54,34,44,52,62,38,65,64,48,58,52,48,61,62,63,62,58,55,63,57,64,62,70,61,CDM,3,2,Right,"194cm / 6'4""",80kg / 176lb,['CM'],19,France,Ligue 1,Monaco,[],,,,,
12605,Bandiougou Fadiga,M,63,66,53,59,70,57,51,68,65,58,50,56,58,44,50,52,62,47,63,62,58,69,84,78,63,68,66,61,48,53,63,51,44,66,38,65,CM,3,3,Right,"178cm / 5'10""",70kg / 154lb,"['CAM', 'CDM']",24,France,Ligue 1,FC Lorient,['Technical'],,,,,
12627,François Mughe,M,63,87,59,56,64,35,54,88,87,56,58,66,54,53,59,60,56,56,56,52,55,61,82,85,57,61,49,32,51,30,37,32,64,62,49,56,RM,2,3,Right,"173cm / 5'8""",66kg / 146lb,['RW'],21,Cameroon,Ligue 1,Marseille,[],,,,,
12646,Deniz Zeitler,M,63,78,62,54,64,40,56,72,82,63,66,62,60,44,44,51,52,49,62,48,39,64,60,74,54,66,59,39,59,30,44,39,69,59,60,38,ST,4,3,Right,"181cm / 5'11""",65kg / 143lb,['LW'],18,Germany,Bundesliga,Hoffenheim,"['Gamechanger', 'Low Driven Shot', 'Technical']",,,,,
12699,Ellery Balcombe,M,63,64,62,61,64,39,60,39,39,10,10,46,13,17,16,10,50,13,19,29,12,10,45,61,57,15,24,18,12,25,10,13,59,28,64,28,GK,3,1,Right,"190cm / 6'3""",92kg / 203lb,,26,England,Premier League,Brentford,[],64.0,62.0,61.0,60.0,64.0
12703,Mihai Popa,M,63,63,62,60,65,41,59,38,45,14,12,45,19,15,17,16,49,15,30,33,13,14,47,43,65,18,50,15,14,16,18,15,45,32,44,29,GK,2,1,Right,"190cm / 6'3""",82kg / 181lb,,25,Romania,Serie A,Torino,[],63.0,62.0,60.0,59.0,65.0
12706,Fin Stevens,M,63,62,44,60,63,59,62,63,62,62,43,50,42,31,33,65,57,38,62,63,53,62,69,73,62,62,62,62,47,63,58,60,58,61,62,66,RB,3,2,Right,"179cm / 5'10""",73kg / 161lb,['RM'],22,Wales,Bundesliga,St Pauli,[],,,,,
12707,Emirhan İlkhan,M,63,66,58,63,70,50,43,68,64,64,57,62,59,47,50,54,67,52,67,63,59,73,73,77,56,68,63,50,49,45,55,50,43,52,33,59,CM,3,3,Right,"175cm / 5'9""",68kg / 150lb,,21,Turkey,Serie A,Torino,[],,,,,
12715,Viggo Gebel,M,63,72,57,61,69,43,47,75,69,58,57,62,53,56,48,59,63,60,61,59,60,67,78,85,62,67,64,35,44,47,44,42,46,50,44,50,CAM,4,3,Right,"175cm / 5'9""",69kg / 152lb,"['LM', 'RM', 'CM']",18,Germany,Bundesliga,RB Leipzig,[],,,,,
12739,Hamidou Makalou,M,63,59,54,56,68,59,52,60,58,52,53,56,57,53,47,36,56,43,68,63,53,66,78,79,54,68,60,60,44,56,66,61,40,64,44,58,CDM,3,2,Right,"164cm / 5'5""",58kg / 128lb,['CM'],19,Mali,Ligue 1,Brest,[],,,,,
12764,Justin Kalumba,M,63,66,50,61,67,49,54,70,63,56,51,48,49,48,49,64,55,52,66,59,57,67,74,64,55,67,61,51,49,47,51,44,54,53,52,58,LM,2,3,Left,"182cm / 6'0""",75kg / 165lb,"['LB', 'RM', 'LW']",20,France,Ligue 1,Angers,[],,,,,
12861,Giorgi Abuashvili,M,63,72,59,57,69,26,59,74,71,57,57,62,61,54,55,58,51,53,60,57,66,72,80,73,49,65,65,27,38,22,27,24,55,68,57,53,LM,3,3,Right,"175cm / 5'9""",72kg / 159lb,['LW'],22,Georgia,Ligue 1,FC Metz,[],,,,,
12871,Lucas Bergström,M,63,65,60,60,65,29,62,26,34,10,10,45,10,10,13,10,30,12,30,32,12,15,35,30,54,20,35,12,13,13,12,12,55,25,65,25,GK,2,1,Right,"205cm / 6'9""",82kg / 181lb,,23,Finland,LaLiga,Mallorca,[],65.0,60.0,60.0,62.0,65.0
12886,Chema Andrés,M,63,58,39,61,57,62,63,57,59,52,27,55,51,29,39,55,63,44,66,63,43,52,57,61,62,61,66,62,64,61,63,60,67,57,66,63,CDM,3,2,Right,"190cm / 6'3""",82kg / 181lb,['CM'],20,Spain,Bundesliga,Stuttgart,[],,,,,
12887,Robinio Vaz,M,63,79,60,54,64,28,55,78,79,60,60,62,59,56,66,54,51,51,58,48,57,64,76,58,63,62,59,25,64,20,27,21,75,46,60,51,ST,3,3,Right,"186cm / 6'1""",75kg / 165lb,,18,France,Ligue 1,Marseille,[],,,,,
12899,Silas Ostrzinski,M,63,65,60,59,65,29,62,26,34,7,6,44,6,8,15,9,31,10,26,25,12,10,24,25,54,11,34,11,11,9,9,13,56,29,68,22,GK,2,1,Right,"198cm / 6'6""",93kg / 205lb,,22,Germany,Bundesliga,Dortmund,['Cross Claimer'],65.0,60.0,59.0,62.0,65.0
12902,Dani Pérez,M,63,56,54,64,68,53,45,61,52,52,55,52,61,42,46,58,65,50,69,66,57,67,80,81,55,69,56,54,42,54,55,53,37,52,36,59,CM,4,3,Right,"173cm / 5'8""",64kg / 141lb,['CAM'],20,Spain,LaLiga,Betis,[],,,,,
12923,Rubén Gómez,M,63,63,62,61,61,29,63,29,29,6,6,46,6,7,12,23,41,12,26,25,11,8,60,42,60,10,23,20,10,10,11,14,44,28,46,21,GK,3,1,Right,"182cm / 6'0""",75kg / 165lb,,23,Spain,LaLiga,Villarreal,[],63.0,62.0,61.0,63.0,61.0
12940,Martial Godo,M,63,73,59,58,66,35,47,77,70,60,60,60,55,60,52,60,62,47,60,48,58,66,75,78,55,64,62,35,46,40,28,30,49,60,37,53,RM,4,3,Right,"169cm / 5'7""",61kg / 134lb,"['LM', 'RW']",22,Côte d'Ivoire,Ligue 1,Strasbourg,[],,,,,
12941,Amady Camara,M,63,74,62,55,62,22,63,74,74,62,65,62,58,58,60,57,56,47,61,42,48,62,71,69,59,61,55,20,57,17,19,17,71,70,66,43,ST,3,2,Left,"180cm / 5'11""",73kg / 161lb,['CAM'],20,Mali,Ligue 1,Nantes,[],,,,,
12944,Pape Sy,M,63,64,59,63,63,28,60,24,33,7,6,47,8,7,13,13,46,15,31,27,10,10,20,25,61,14,40,11,12,12,14,16,62,27,78,31,GK,2,1,Right,"206cm / 6'9""",91kg / 201lb,,28,Senegal,Ligue 1,FC Metz,[],64.0,59.0,63.0,60.0,63.0
12956,Buba Sangaré,M,63,63,44,56,62,61,51,64,63,58,35,60,42,50,39,61,48,30,61,59,57,61,64,68,62,62,56,62,58,62,59,62,55,50,47,61,RB,3,2,Right,"177cm / 5'10""",67kg / 148lb,['RM'],18,Spain,Serie A,Roma,[],,,,,
12980,Andrik Markgraf,M,63,71,39,51,60,61,52,75,68,57,38,40,37,35,40,60,48,45,50,48,55,62,65,82,60,55,45,58,55,56,67,65,59,61,45,58,LB,3,2,Left,"172cm / 5'8""",66kg / 146lb,['LM'],19,Germany,Bundesliga,Union Berlin,[],,,,,
12994,Enso González,M,63,80,52,58,69,35,40,85,75,53,51,56,54,44,48,53,63,42,63,60,40,71,76,82,53,66,51,26,41,34,36,47,47,49,33,44,LW,2,4,Left,"169cm / 5'7""",69kg / 152lb,"['RW', 'CAM', 'LM']",20,Paraguay,Premier League,Wolves,['Trickster'],,,,,
13025,Miguel Narváez,M,63,64,65,56,62,25,59,22,30,7,8,42,8,7,11,14,36,12,26,25,11,8,55,45,60,18,37,11,11,8,11,13,55,31,69,22,GK,3,1,Right,"188cm / 6'2""",79kg / 174lb,,23,Spain,LaLiga,R. Oviedo,[],64.0,65.0,56.0,59.0,62.0
13064,Marco Esteban,M,63,65,26,54,59,62,63,64,65,23,23,37,20,24,40,50,50,30,64,60,28,58,56,59,60,60,62,61,62,61,64,63,68,57,64,65,CB,3,2,Right,"183cm / 6'0""",75kg / 165lb,['RB'],19,Spain,LaLiga,R. Oviedo,[],,,,,
13070,Patrice Čović,M,63,69,55,61,66,39,38,73,66,58,53,59,53,52,56,54,64,52,66,58,60,65,75,76,62,64,65,36,39,40,40,36,40,53,30,37,CAM,3,3,Right,"176cm / 5'9""",68kg / 150lb,"['RM', 'CM']",18,Croatia,Bundesliga,Werder Bremen,[],,,,,
13076,Grant-Leon Ranos,M,63,62,65,53,65,27,56,65,60,64,67,64,66,61,60,49,53,52,57,44,70,65,71,66,57,65,53,22,55,25,25,25,65,57,64,30,ST,3,2,Right,"180cm / 5'11""",73kg / 161lb,,22,Armenia,Bundesliga,M'gladbach,[],,,,,
13081,Lennart Karl,M,63,69,58,60,69,34,37,70,68,57,53,66,59,61,62,62,64,54,60,55,65,68,77,88,58,67,58,28,47,36,32,35,42,55,29,33,CAM,3,4,Left,"168cm / 5'6""",67kg / 148lb,"['RM', 'CM']",17,Germany,Bundesliga,Bayern Munich,['Inventive'],,,,,
13090,Fran González,M,63,62,61,60,64,17,63,16,19,8,9,45,8,8,14,11,33,12,19,19,12,6,33,56,60,15,36,11,13,8,14,10,53,25,66,20,GK,3,1,Right,"199cm / 6'6""",72kg / 159lb,,20,Spain,LaLiga,Real Madrid,[],62.0,61.0,60.0,63.0,64.0
13113,Trévis Dago,M,63,74,64,46,63,18,59,71,77,60,65,66,61,57,65,45,51,37,49,34,45,63,70,66,58,61,57,15,62,13,14,11,72,56,63,48,ST,3,3,Right,"183cm / 6'0""",76kg / 168lb,['CAM'],20,France,Ligue 1,Lille,[],,,,,
13136,Sebastian Otoa,M,63,63,34,48,50,63,64,59,66,30,33,44,28,26,38,40,39,26,61,51,39,44,47,55,64,56,54,62,59,61,68,61,64,65,65,61,CB,3,2,Right,"188cm / 6'2""",75kg / 165lb,,21,Denmark,Serie A,Genoa,[],,,,,
13137,Ibou Sané,M,63,71,62,50,65,22,52,67,75,60,65,59,63,45,70,43,53,42,57,40,48,67,57,66,57,67,58,15,67,18,17,22,67,54,58,31,ST,4,2,Right,"180cm / 5'11""",72kg / 159lb,,20,Senegal,Ligue 1,FC Metz,[],,,,,
13209,Rafael Fernandes,M,63,48,37,49,47,63,64,55,42,35,32,42,40,41,48,40,32,47,60,61,45,40,53,56,56,51,46,61,66,58,68,65,67,56,67,67,CB,3,2,Right,"191cm / 6'3""",83kg / 183lb,,23,Portugal,Ligue 1,Lille,[],,,,,
13225,Sékou Doucouré,M,63,60,24,42,48,64,62,50,68,21,21,34,19,25,31,31,29,22,58,48,32,41,48,55,57,57,48,61,67,59,69,64,65,59,64,58,CB,3,2,Right,"187cm / 6'2""",79kg / 174lb,,20,France,Ligue 1,Nantes,[],,,,,
13336,Darryl Bakola,M,62,64,55,59,67,51,66,67,61,61,52,62,57,42,57,58,58,48,61,64,56,66,72,71,55,68,63,54,55,41,60,48,70,55,73,59,CAM,3,3,Right,"178cm / 5'10""",70kg / 154lb,['CM'],17,France,Ligue 1,Marseille,[],,,,,
13404,Caleb Kporha,M,62,72,48,58,64,57,57,75,70,53,43,62,48,39,46,63,57,43,60,52,57,63,68,83,58,62,59,58,54,55,58,56,61,55,52,69,RB,4,3,Right,"170cm / 5'7""",67kg / 148lb,['RM'],19,England,Premier League,Crystal Palace,[],,,,,
13418,Bahmed Deuff,M,62,55,48,57,63,59,73,52,58,47,44,65,42,38,50,43,53,47,69,60,45,68,51,43,59,63,63,53,61,51,67,65,74,53,85,67,CDM,3,3,Right,"196cm / 6'5""",85kg / 187lb,['CM'],19,France,Ligue 1,Nantes,[],,,,,
13443,Bartosz Żelazowski,M,62,63,60,62,60,47,61,48,46,6,6,47,6,9,12,12,38,13,21,20,16,12,50,59,57,16,30,8,12,9,11,14,62,33,66,28,GK,2,1,Right,"193cm / 6'4""",73kg / 161lb,,20,Poland,Ligue 1,Nice,[],63.0,60.0,62.0,61.0,60.0
13451,Nathan Buayi-Kiala,M,62,58,54,62,63,59,57,59,57,54,55,56,50,50,59,56,60,55,67,64,59,62,60,71,62,64,58,60,58,55,63,59,60,56,57,58,CM,3,2,Right,"177cm / 5'10""",75kg / 165lb,,21,France,Ligue 1,Auxerre,[],,,,,
13452,Noah Lahmadi,M,62,62,56,60,63,55,57,65,60,55,57,62,53,46,45,48,64,45,68,63,48,64,59,77,55,63,61,56,52,52,61,49,56,58,54,63,CM,3,2,Right,"178cm / 5'10""",71kg / 157lb,['CDM'],20,France,Ligue 1,Toulouse,[],,,,,
13461,Daniel Oyegoke,M,62,76,42,52,60,62,60,72,79,51,40,48,40,39,42,51,44,36,61,56,34,62,63,70,57,56,54,61,55,61,64,65,69,52,63,61,CB,3,2,Right,"178cm / 5'10""",73kg / 161lb,"['RB', 'RM']",22,England,Serie A,Verona,['Technical'],,,,,
13475,Daniele Sommariva,M,62,64,56,62,68,42,59,40,44,15,18,47,17,18,21,15,30,20,31,23,20,13,37,58,58,18,28,19,19,20,17,19,57,31,57,27,GK,2,1,Right,"185cm / 6'1""",76kg / 168lb,,28,Italy,Serie A,Genoa,[],64.0,56.0,62.0,59.0,68.0
13572,Isak Hansen-Aarøen,M,62,70,50,60,68,47,50,77,65,57,50,53,47,43,48,54,62,45,65,60,58,66,86,84,59,64,65,48,39,45,52,46,50,60,48,43,CAM,4,3,Right,"173cm / 5'8""",65kg / 143lb,"['CM', 'ST']",21,Norway,Bundesliga,Werder Bremen,['Technical'],,,,,
13574,Ali Bina Dembélé,M,62,67,42,55,61,60,60,66,67,51,38,52,41,33,47,60,48,42,61,50,45,60,66,63,57,62,50,60,52,61,62,60,62,54,62,61,RB,3,2,Right,"185cm / 6'1""",69kg / 152lb,['RM'],21,France,Serie A,Torino,[],,,,,
13626,İsak Vural,M,62,61,57,62,64,47,50,64,59,65,56,63,58,41,51,54,65,50,67,64,53,65,63,66,60,66,54,54,55,40,45,52,50,51,43,65,CM,3,2,Right,"183cm / 6'0""",65kg / 143lb,,19,Turkey,Serie A,Pisa,[],,,,,
13630,Charles Herrmann,M,62,70,61,58,67,35,50,71,70,52,61,62,62,60,62,57,56,68,58,56,63,68,72,73,53,66,56,26,47,33,36,47,56,49,52,45,RM,2,3,Left,"180cm / 5'11""",73kg / 161lb,['RW'],19,Germany,Bundesliga,M'gladbach,[],,,,,
13632,Mark Gillespie,M,62,63,61,60,64,32,61,32,33,11,16,45,12,12,19,13,42,15,34,35,12,17,30,38,54,28,48,20,11,12,11,19,55,20,61,26,GK,3,1,Right,"192cm / 6'4""",83kg / 183lb,,33,England,Premier League,Newcastle,[],63.0,61.0,60.0,61.0,64.0
13653,Tom McGill,M,62,62,60,63,63,31,61,32,29,7,5,47,9,8,13,14,37,10,34,30,14,15,37,49,55,28,43,14,10,13,12,12,48,31,50,27,GK,2,1,Right,"185cm / 6'1""",80kg / 176lb,,25,Canada,Premier League,Brighton,[],62.0,60.0,63.0,61.0,63.0
13667,Noham Kamara,M,62,63,44,56,58,63,55,60,65,41,44,51,42,39,40,52,51,39,64,56,51,54,61,60,61,62,62,62,62,60,66,64,64,47,58,56,CB,3,2,Right,"185cm / 6'1""",76kg / 168lb,,18,France,Ligue 1,Paris SG,[],,,,,
13674,Andy Pembélé,M,62,82,53,54,64,33,53,83,81,59,55,57,46,49,53,53,58,47,56,46,55,64,75,65,61,61,60,34,45,30,32,30,64,53,55,46,RM,3,3,Right,"180cm / 5'11""",70kg / 154lb,"['ST', 'RW']",25,France,Ligue 1,Paris FC,['Quick Step'],,,,,
13675,Davide Bartesaghi,M,62,54,43,56,59,62,65,54,54,51,38,49,45,43,43,58,49,49,61,53,52,60,47,54,59,63,50,61,62,61,64,62,69,51,74,61,LB,2,2,Left,"193cm / 6'4""",84kg / 185lb,"['CB', 'LM']",19,Italy,Serie A,Milan,[],,,,,
13700,Noah Darvich,M,62,73,51,58,69,34,52,77,70,56,54,47,44,52,55,52,60,43,65,52,54,69,80,80,57,67,60,37,43,34,31,29,55,59,53,42,CAM,4,4,Left,"184cm / 6'0""",73kg / 161lb,"['CM', 'RM']",19,Germany,Bundesliga,Stuttgart,"['First Touch', 'Incisive Pass', 'Inventive', 'Technical']",,,,,
13704,Yunus Emre Konak,M,62,60,45,56,57,58,61,60,60,45,41,55,47,39,48,41,60,48,64,62,42,55,54,65,59,60,51,62,51,57,58,60,59,60,61,64,CDM,2,2,Right,"181cm / 5'11""",72kg / 159lb,"['CM', 'CB']",19,Turkey,Premier League,Brentford,[],,,,,
13739,Renato Marin,M,62,63,61,65,61,24,60,26,20,4,5,49,5,9,10,13,35,12,19,18,11,14,39,24,53,11,37,6,10,8,14,10,39,30,41,18,GK,3,1,Left,"193cm / 6'4""",80kg / 176lb,,19,Italy,Ligue 1,Paris SG,[],63.0,61.0,65.0,60.0,61.0
13757,Ali Houary,M,62,62,55,60,64,40,51,63,61,57,58,61,43,49,59,55,59,49,66,60,56,66,58,42,61,67,68,29,45,43,41,40,50,53,51,48,CAM,3,3,Right,"178cm / 5'10""",68kg / 150lb,['CM'],20,Spain,LaLiga,Elche CF,[],,,,,
13761,Francesco Rossi,M,62,63,62,63,62,22,60,22,21,11,11,47,12,16,14,19,30,22,17,12,22,21,55,40,51,19,42,27,14,20,17,16,35,22,30,14,GK,2,1,Right,"193cm / 6'4""",83kg / 183lb,,34,Italy,Serie A,Bergamo Calcio,[],63.0,62.0,63.0,60.0,62.0
13802,Gioele Zacchi,M,62,61,62,59,62,24,61,24,25,5,9,44,8,9,15,12,33,15,21,20,15,6,30,51,56,17,35,9,13,7,13,11,51,26,59,19,GK,3,1,Right,"185cm / 6'1""",85kg / 187lb,,22,Italy,Serie A,Empoli,[],61.0,62.0,59.0,61.0,62.0
13817,Vasilije Adžić,M,62,67,55,54,66,35,51,66,67,60,64,42,53,40,51,40,56,51,61,57,48,68,65,61,58,67,58,34,42,33,33,39,51,43,55,50,CAM,3,3,Right,"185cm / 6'1""",75kg / 165lb,['CM'],19,Montenegro,Serie A,Juventus,[],,,,,
13826,Filippo Rinaldi,M,62,61,62,62,65,22,56,23,20,8,6,47,7,9,15,10,39,12,21,29,10,10,22,39,56,15,33,7,12,7,15,12,47,29,53,25,GK,3,1,Right,"188cm / 6'2""",75kg / 165lb,,22,Italy,Serie A,Parma,[],61.0,62.0,62.0,56.0,65.0
13844,Alberto Risco,M,62,56,57,62,63,42,46,57,55,58,53,66,57,45,60,56,63,56,67,64,54,63,55,71,62,65,63,35,46,37,48,47,45,38,46,56,CAM,2,3,Left,"178cm / 5'10""",68kg / 150lb,['CM'],20,Spain,LaLiga,Getafe CF,[],,,,,
13875,Keyliane Abdallah,M,62,76,56,57,64,25,45,72,79,57,57,58,53,52,47,57,58,49,59,52,63,66,69,54,58,64,58,18,39,24,26,22,50,35,51,41,RM,2,3,Left,"185cm / 6'1""",71kg / 157lb,['RW'],19,France,Ligue 1,Marseille,[],,,,,
13885,David Preu,M,62,68,55,59,66,33,42,69,67,57,57,60,50,52,40,62,57,48,60,55,61,66,75,82,50,64,55,29,40,28,37,35,39,50,39,40,LM,3,3,Right,"172cm / 5'8""",64kg / 141lb,"['CAM', 'ST', 'LW']",21,Germany,Bundesliga,Union Berlin,[],,,,,
13924,Marc Domènech,M,62,63,62,54,63,25,51,59,66,62,64,64,57,61,59,47,52,48,64,49,43,64,62,54,54,64,60,12,59,21,25,24,60,42,55,50,ST,3,2,Right,"182cm / 6'0""",70kg / 154lb,"['LM', 'LW']",18,Spain,LaLiga,Mallorca,[],,,,,
13952,Filippo Mane,M,62,68,25,43,55,62,61,66,69,32,22,33,19,27,30,21,39,28,59,49,23,51,63,64,61,56,51,62,61,60,63,61,70,46,69,59,CB,3,2,Right,"188cm / 6'2""",77kg / 170lb,['RB'],20,Italy,Bundesliga,Dortmund,[],,,,,
13954,Hennes Behrens,M,62,63,31,48,57,60,55,68,58,54,30,30,25,27,45,64,37,37,50,41,40,61,55,70,62,50,50,62,50,60,63,61,55,61,50,60,LB,2,2,Left,"175cm / 5'9""",70kg / 154lb,['LM'],20,Germany,Bundesliga,Hoffenheim,[],,,,,
13955,Alejandro Gomes Rodríguez,M,62,70,60,44,63,20,57,70,70,63,62,58,55,55,62,26,47,36,58,37,38,61,68,77,60,62,60,15,63,12,18,19,67,56,59,52,ST,3,3,Right,"176cm / 5'9""",68kg / 150lb,,17,England,Ligue 1,Lyon,[],,,,,
13998,Owen Bevan,M,62,60,33,43,47,62,63,63,57,24,28,49,28,33,41,37,32,32,53,45,36,39,41,57,59,56,57,61,59,63,63,62,70,48,71,60,CB,3,2,Right,"186cm / 6'1""",77kg / 170lb,,22,Wales,Premier League,Bournemouth,[],,,,,
14008,Nicolas Wasbauer,M,62,56,27,45,51,61,65,55,57,29,27,36,18,25,36,26,37,25,62,54,29,46,53,55,57,55,60,58,60,60,65,63,66,62,69,59,CB,3,2,Right,"186cm / 6'1""",80kg / 176lb,,21,France,Ligue 1,Toulouse,[],,,,,
14061,Coli Saco,M,61,61,57,60,61,61,68,63,59,39,51,63,68,62,52,53,51,50,68,66,50,62,58,33,60,67,42,60,65,62,61,59,76,52,76,67,CM,3,2,Left,"197cm / 6'6""",85kg / 187lb,,23,Mali,Serie A,Napoli,[],,,,,
14101,Noah Fenyő,M,61,64,57,61,62,54,63,64,64,58,54,69,59,51,42,47,59,55,70,67,59,61,58,66,56,64,60,49,54,52,60,55,62,66,62,60,CDM,4,2,Right,"182cm / 6'0""",73kg / 161lb,"['CB', 'CM']",19,Hungary,Bundesliga,Ein Frankfurt,[],,,,,
14102,Jeremiah Mensah,M,61,68,57,60,66,55,55,67,69,54,62,53,52,50,55,53,61,59,64,60,58,67,55,65,58,70,58,50,45,55,61,53,55,60,55,50,CM,3,2,Right,"176cm / 5'9""",68kg / 150lb,['CAM'],17,Germany,Bundesliga,Leverkusen,[],,,,,
14161,Patrizio Masini,M,61,68,51,60,63,55,57,67,68,54,45,66,50,46,48,50,56,50,69,65,46,61,64,68,61,66,55,50,57,56,55,62,59,64,51,63,CM,2,2,Right,"182cm / 6'0""",72kg / 159lb,['CDM'],24,Italy,Serie A,Genoa,[],,,,,
14177,Osambela,M,61,63,52,54,60,58,65,64,63,59,50,55,59,33,44,33,55,51,66,62,32,61,51,57,60,64,53,59,57,53,62,60,67,60,69,62,CM,3,2,Right,"186cm / 6'1""",78kg / 172lb,,21,Spain,LaLiga,Osasuna,[],,,,,
14223,Joyeux Masanka Bungi,M,61,67,51,61,58,50,61,70,65,58,45,64,50,45,50,64,55,45,65,64,55,60,60,56,58,55,50,46,60,40,56,55,69,55,63,63,LM,3,3,Left,"186cm / 6'1""",78kg / 172lb,['LW'],18,Belgium,Bundesliga,RB Leipzig,[],,,,,
14245,Daniel Gleiber,M,61,60,56,64,66,48,52,67,55,56,50,67,58,52,54,61,57,68,68,65,66,67,66,69,59,67,60,39,48,49,52,50,53,51,52,55,CM,3,2,Left,"178cm / 5'10""",72kg / 159lb,['CAM'],20,Germany,Bundesliga,Mainz,[],,,,,
14257,Luka Đurić,M,61,62,51,59,58,55,60,65,60,43,50,61,48,38,60,44,59,45,69,65,43,59,48,58,62,62,49,56,55,48,60,60,62,61,59,62,CM,3,2,Right,"181cm / 5'11""",74kg / 163lb,['CDM'],22,Germany,Bundesliga,Hoffenheim,[],,,,,
14319,Alessio Furlanetto,M,61,63,60,58,65,39,55,37,43,8,9,44,8,8,15,14,35,12,31,28,16,14,40,27,51,12,31,14,12,12,14,13,54,29,57,22,GK,2,1,Right,"191cm / 6'3""",78kg / 172lb,,23,Italy,Serie A,Lazio,[],63.0,60.0,58.0,55.0,65.0
14323,Ismael Bekhoucha,M,61,73,39,50,60,55,62,72,73,54,32,53,35,36,42,54,44,38,55,47,46,59,69,71,58,60,48,56,49,53,57,55,60,67,58,67,RB,2,2,Right,"180cm / 5'11""",69kg / 152lb,['RM'],21,Morocco,LaLiga,Getafe CF,[],,,,,
14338,Marco Palestra,M,61,66,51,57,62,47,56,67,66,59,50,60,50,32,42,59,52,40,61,56,51,61,56,60,60,66,60,52,53,44,43,52,62,51,60,52,RM,3,3,Right,"186cm / 6'1""",75kg / 165lb,['RW'],20,Italy,Serie A,Cagliari,[],,,,,
14339,Luis Roldán,M,61,62,55,56,55,54,57,63,62,60,60,43,61,35,41,43,61,36,65,61,34,51,57,52,64,60,45,59,50,44,62,52,57,58,57,54,CM,3,3,Right,"182cm / 6'0""",74kg / 163lb,['CDM'],22,Spain,LaLiga,Elche CF,[],,,,,
14421,Jasper Samooja,M,61,62,65,61,59,26,60,30,21,9,8,46,6,8,11,11,35,13,25,26,13,12,33,40,51,13,38,12,9,9,9,15,36,19,32,29,GK,2,1,Right,"189cm / 6'2""",84kg / 185lb,,22,Finland,Serie A,Lecce,[],62.0,65.0,61.0,60.0,59.0
14449,Nico González,M,61,73,40,48,59,59,51,70,76,47,35,48,45,32,43,55,39,45,54,41,41,67,53,72,53,49,50,55,51,55,65,64,52,56,45,60,RB,3,3,Right,"179cm / 5'10""",63kg / 139lb,['RM'],19,Spain,LaLiga,Elche CF,[],,,,,
14464,Yanis Sellami,M,61,56,51,65,66,45,46,58,55,54,49,58,45,52,57,61,63,55,69,64,64,65,70,66,51,69,58,47,42,38,52,40,41,54,47,35,CM,4,3,Right,"178cm / 5'10""",64kg / 141lb,,18,Algeria,Ligue 1,Marseille,[],,,,,
14487,Romelle Donovan,M,61,79,55,55,65,29,45,80,79,56,53,60,58,44,43,56,59,38,58,47,46,63,85,85,56,61,54,23,39,28,32,26,46,53,42,40,RM,3,4,Left,"171cm / 5'7""",67kg / 148lb,"['CAM', 'RW']",18,England,Premier League,Brentford,[],,,,,
14489,Simon Spari,M,61,61,58,61,64,24,59,20,29,7,8,46,5,7,13,10,35,12,25,19,11,5,34,26,60,12,27,12,11,6,10,10,52,24,63,18,GK,3,1,Right,"196cm / 6'5""",89kg / 196lb,,23,Austria,Bundesliga,St Pauli,[],61.0,58.0,61.0,59.0,64.0
14535,Rhys Williams,M,61,64,35,48,52,60,65,62,66,27,36,43,27,37,41,32,48,31,59,56,31,53,50,47,58,50,59,60,61,61,60,59,63,51,73,65,CB,2,2,Right,"195cm / 6'5""",76kg / 168lb,,24,England,Premier League,Liverpool,['Long Throw'],,,,,
14548,Lorenzo Torriani,M,61,59,54,66,62,20,61,22,16,5,5,50,6,4,17,10,52,10,54,45,12,12,32,22,61,17,55,16,10,10,10,11,42,26,48,16,GK,4,1,Right,"197cm / 6'6""",85kg / 187lb,,20,Italy,Serie A,Milan,[],59.0,54.0,66.0,61.0,62.0
14566,Daniel Klein,M,61,61,59,56,63,23,59,20,27,8,8,42,6,6,14,10,35,9,26,24,8,9,28,31,59,14,29,7,12,6,15,12,49,23,57,17,GK,2,1,Right,"191cm / 6'3""",84kg / 185lb,,24,Germany,Bundesliga,Augsburg,[],61.0,59.0,56.0,59.0,63.0
14568,Dayann Methalie,M,61,60,27,55,57,61,60,64,57,45,26,29,23,27,35,55,48,28,64,53,48,55,58,77,58,56,52,63,52,59,65,64,61,58,60,62,CB,2,2,Left,"186cm / 6'1""",70kg / 154lb,['LB'],19,France,Ligue 1,Toulouse,[],,,,,
14570,Salim Musah,M,61,67,60,48,57,26,62,65,68,63,62,62,56,50,64,40,51,45,51,44,57,61,45,39,62,57,60,24,63,18,23,23,70,60,69,47,ST,3,2,Right,"198cm / 6'6""",84kg / 185lb,,19,Germany,Bundesliga,Werder Bremen,[],,,,,
14577,Cléo Mélières,M,61,68,36,49,58,58,50,72,65,48,34,42,31,28,42,52,43,39,56,38,48,56,66,77,52,58,53,57,45,53,64,67,48,58,44,54,RB,2,2,Right,"175cm / 5'9""",65kg / 143lb,['RM'],20,France,Ligue 1,FC Metz,[],,,,,
14600,Arijon Ibrahimović,M,61,59,62,57,68,26,45,64,54,63,60,65,61,65,60,55,59,55,59,49,64,68,71,76,58,68,57,24,57,19,23,28,55,38,47,48,LM,3,3,Right,"176cm / 5'9""",69kg / 152lb,['LW'],19,Germany,Bundesliga,Heidenheim,[],,,,,
14607,Lanroy Machine,M,61,70,57,42,63,22,62,66,74,58,59,56,55,48,53,32,41,36,52,34,44,62,59,64,56,68,46,19,58,16,21,17,74,57,77,29,ST,3,2,Right,"183cm / 6'0""",75kg / 165lb,,20,France,Ligue 1,Angers,[],,,,,
14628,Mathys Angély,M,61,54,30,47,56,62,63,53,54,30,24,50,25,25,35,29,38,23,62,56,50,56,49,52,50,62,41,60,60,61,65,59,64,60,66,57,CB,3,2,Left,"190cm / 6'3""",79kg / 174lb,['CDM'],18,France,Bundesliga,Wolfsburg,[],,,,,
14639,Jeff Ekhator,M,61,67,60,46,64,19,54,68,67,59,61,59,59,58,59,33,40,36,61,42,42,66,59,67,59,66,53,15,59,12,15,15,63,57,56,45,ST,3,2,Right,"175cm / 5'9""",75kg / 165lb,,19,Italy,Serie A,Genoa,[],,,,,
14644,Dario Sits,M,61,53,62,48,56,28,63,50,56,61,66,61,56,56,61,34,48,40,61,42,48,56,45,42,59,61,56,25,65,26,22,21,64,59,65,61,ST,3,3,Right,"187cm / 6'2""",80kg / 176lb,,21,Latvia,Serie A,Parma,[],,,,,
14662,Adam Boayar,M,61,61,62,48,61,24,50,58,64,62,63,60,62,56,70,40,54,44,54,40,45,63,58,63,53,60,52,22,66,21,15,22,61,55,54,30,ST,3,3,Right,"178cm / 5'10""",74kg / 163lb,,20,Morocco,LaLiga,Elche CF,[],,,,,
14665,Neo Telle,M,61,61,26,43,52,62,61,64,59,30,23,35,20,30,40,39,32,22,55,45,30,47,53,62,55,55,60,61,62,58,65,64,69,54,66,55,CB,3,2,Right,"183cm / 6'0""",75kg / 165lb,,20,Germany,Bundesliga,1. FC Köln,[],,,,,
14831,Niklas Swider,M,60,53,55,58,59,59,62,51,54,42,52,60,60,38,68,58,44,68,64,55,70,59,56,52,57,62,50,56,61,56,63,63,62,61,62,61,CDM,2,2,Right,"188cm / 6'2""",78kg / 172lb,['CM'],18,Germany,Bundesliga,M'gladbach,[],,,,,
14854,Paul Argney,M,60,62,59,60,64,44,54,44,43,7,7,45,9,7,17,14,33,13,28,31,16,8,43,45,57,13,41,9,11,9,13,15,48,27,47,22,GK,2,1,Right,"186cm / 6'1""",73kg / 161lb,,19,France,Ligue 1,Havre AC,[],62.0,59.0,60.0,54.0,64.0
14871,Wesley Adeh,M,60,64,47,59,59,58,55,63,65,48,40,57,54,49,48,54,59,46,64,58,50,57,51,63,63,63,57,61,54,60,59,50,54,62,50,58,CM,4,2,Right,"187cm / 6'2""",77kg / 170lb,['CDM'],18,Germany,Bundesliga,Werder Bremen,[],,,,,
14908,Mirza Ćatović,M,60,58,46,55,59,58,63,56,60,44,44,60,42,36,39,41,60,36,63,58,41,59,58,56,60,61,52,57,59,58,58,55,67,50,71,57,CDM,3,2,Right,"187cm / 6'2""",83kg / 183lb,"['CB', 'CM']",18,Serbia,Bundesliga,Stuttgart,[],,,,,
14925,Daren Mosengo,M,60,52,51,59,61,57,57,53,52,54,49,62,48,47,47,51,59,48,65,62,54,60,59,62,60,62,58,57,54,53,62,56,55,50,59,60,CM,2,2,Right,"180cm / 5'11""",70kg / 154lb,,19,France,Ligue 1,Havre AC,[],,,,,
14950,Mert Durmush,M,60,63,68,57,60,29,58,64,63,62,67,75,65,63,68,54,63,55,58,49,61,59,59,68,45,64,51,27,57,22,29,21,62,62,58,52,RW,3,3,Right,"183cm / 6'0""",78kg / 172lb,"['ST', 'RM']",20,Bulgaria,Serie A,Pisa,[],,,,,
14990,Álex Primo,M,60,61,60,55,62,36,58,39,31,7,8,41,6,6,14,10,36,12,26,28,10,8,35,42,54,15,31,9,11,7,12,10,41,24,39,20,GK,2,1,Right,"187cm / 6'2""",74kg / 163lb,,21,Spain,LaLiga,Levante UD,[],61.0,60.0,55.0,58.0,62.0
15008,Lúkas Petersson,M,60,60,59,57,60,35,59,38,30,8,8,43,9,8,10,12,39,11,30,29,13,10,29,25,53,15,34,7,18,8,10,10,60,27,66,28,GK,2,1,Right,"195cm / 6'5""",96kg / 212lb,,21,Iceland,Bundesliga,Hoffenheim,[],60.0,59.0,57.0,59.0,60.0
15026,Mateus Mané,M,60,75,59,46,59,28,61,73,77,60,62,60,53,56,57,46,48,39,49,40,45,58,64,68,57,57,56,21,59,24,28,19,70,55,63,59,ST,3,3,Right,"175cm / 5'9""",71kg / 157lb,['RW'],18,England,Premier League,Wolves,[],,,,,
15060,Adri Lopes,M,60,65,36,50,57,57,60,66,65,50,32,41,38,32,36,53,38,39,55,52,54,55,64,69,58,59,40,55,55,55,59,60,64,54,61,65,LB,3,2,Left,"179cm / 5'10""",69kg / 152lb,"['CB', 'LM']",19,Spain,LaLiga,R. Oviedo,[],,,,,
15071,Fayssal Harchaoui,M,60,63,36,54,60,58,53,63,63,36,34,46,30,29,45,44,57,34,62,58,35,56,70,77,57,59,59,58,44,58,61,58,44,52,48,67,CDM,3,2,Right,"175cm / 5'9""",67kg / 148lb,['CM'],19,Germany,Bundesliga,1. FC Köln,[],,,,,
15074,Bernard Nguene,M,60,75,58,47,62,23,59,77,74,58,60,60,52,52,55,49,46,41,51,38,46,62,63,70,48,65,52,18,57,18,22,18,77,55,72,28,ST,3,3,Right,"178cm / 5'10""",72kg / 159lb,['LW'],19,Cameroon,Ligue 1,Nice,[],,,,,
15100,Víctor Fernández,M,60,68,55,55,69,34,41,71,66,51,57,60,49,54,54,51,56,52,58,54,54,71,74,77,55,67,60,25,49,30,37,36,44,58,31,43,CAM,3,3,Left,"170cm / 5'7""",60kg / 132lb,"['ST', 'CM']",18,Spain,LaLiga,Valencia,[],,,,,
15132,Dimitrios Stamatakis,M,60,57,62,62,61,17,61,17,17,4,6,47,6,6,10,11,38,12,23,17,10,13,35,21,50,15,22,9,14,5,11,12,48,22,57,19,GK,5,1,Right,"191cm / 6'3""",82kg / 181lb,,22,Greece,LaLiga,Osasuna,[],57.0,62.0,62.0,61.0,61.0
15159,Lapo Nava,M,60,58,55,65,58,19,63,20,17,7,6,49,6,9,16,13,35,13,24,21,13,6,27,54,56,13,34,10,13,5,14,14,45,19,51,21,GK,3,1,Right,"189cm / 6'2""",70kg / 154lb,,21,Italy,Serie A,Monza,[],58.0,55.0,65.0,63.0,58.0
15222,Jonah Kusi-Asare,M,60,61,59,40,59,26,66,55,66,56,63,57,55,47,56,25,50,34,44,42,32,59,59,55,56,61,55,21,66,17,25,23,74,54,77,49,ST,3,2,Right,"196cm / 6'5""",84kg / 185lb,,18,Sweden,Premier League,Fulham,[],,,,,
15229,Mahmut Kücüksahin,M,60,53,36,55,58,60,47,61,46,39,33,41,37,34,38,39,52,44,64,62,52,57,67,73,60,56,51,56,51,58,65,64,44,53,39,60,CDM,3,2,Right,"177cm / 5'10""",70kg / 154lb,['CM'],21,Turkey,Bundesliga,Augsburg,[],,,,,
15251,Zach Abbott,M,60,58,32,48,48,60,60,57,58,29,29,44,29,29,30,31,46,31,59,55,34,40,53,52,55,56,58,58,58,59,62,61,62,57,61,62,CB,3,2,Right,"180cm / 5'11""",70kg / 154lb,,19,England,Premier League,Nott'm Forest,[],,,,,
15261,Alexander Røssing-Lelesiit,M,60,74,52,52,64,23,38,72,76,58,55,52,45,46,53,58,49,37,55,45,52,65,70,81,47,64,47,17,32,22,22,30,38,36,37,44,LW,3,4,Right,"184cm / 6'0""",69kg / 152lb,"['RM', 'LM']",18,Norway,Bundesliga,Hamburger SV,['Technical'],,,,,
15279,Karim Coulibaly,M,60,63,30,41,43,60,61,61,65,29,28,41,23,32,33,32,30,25,54,44,34,35,62,60,60,43,52,61,59,55,65,62,65,53,65,62,CB,3,2,Left,"191cm / 6'3""",83kg / 183lb,['CDM'],18,Germany,Bundesliga,Werder Bremen,[],,,,,
15303,Kelven Frees,M,60,58,23,38,37,58,71,66,51,29,16,32,24,20,36,21,31,21,56,37,20,22,43,32,53,53,43,58,48,54,66,60,70,56,85,55,CB,2,2,Right,"202cm / 6'8""",90kg / 198lb,,20,Germany,Bundesliga,Hoffenheim,[],,,,,
15304,Andrés Castrín,M,60,52,31,39,42,63,57,53,51,33,23,46,26,37,45,30,36,36,48,36,31,36,41,66,56,45,43,60,65,56,72,65,61,60,56,57,CB,3,2,Right,"188cm / 6'2""",75kg / 165lb,,22,Spain,LaLiga,Sevilla,[],,,,,
15354,Nick Rothweiler,M,59,66,48,59,57,49,67,67,65,57,42,61,46,44,55,49,51,47,69,66,50,56,52,46,57,63,47,45,59,45,48,58,71,59,72,61,CM,3,2,Right,"190cm / 6'3""",83kg / 183lb,,19,Germany,Bundesliga,Heidenheim,[],,,,,
15419,Guy Noël Zohouri,M,59,53,52,60,60,57,55,52,54,53,51,59,49,44,49,51,62,47,66,64,53,59,58,49,58,63,60,58,51,53,62,55,56,34,62,61,CM,2,2,Right,"185cm / 6'1""",75kg / 165lb,,18,France,Ligue 1,Havre AC,[],,,,,
15451,Malek El Mala,M,59,60,57,48,59,49,60,54,64,60,59,58,54,43,57,25,55,31,60,50,34,59,59,75,59,57,52,49,58,45,52,47,61,55,63,56,ST,3,3,Right,"193cm / 6'4""",77kg / 170lb,['LM'],20,Germany,Bundesliga,1. FC Köln,[],,,,,
15452,Sergiu Perciun,M,59,68,49,57,61,47,51,67,68,53,48,51,50,40,50,40,62,42,66,60,48,59,66,65,58,64,50,48,42,44,52,48,47,52,52,50,CM,3,2,Right,"180cm / 5'11""",75kg / 165lb,,19,Moldova,Serie A,Torino,[],,,,,
15461,Rudy Matondo,M,59,61,49,53,66,46,57,64,58,53,52,47,49,38,39,36,54,38,64,58,36,67,64,73,48,69,48,52,48,33,53,47,55,58,57,55,CM,3,3,Right,"178cm / 5'10""",68kg / 150lb,,17,France,Ligue 1,Auxerre,[],,,,,
15499,David Santos Daiber,M,59,61,49,58,59,58,43,60,61,55,46,54,49,49,42,45,58,50,67,61,51,57,68,67,61,59,47,54,56,56,60,63,45,50,33,57,CDM,3,2,Right,"179cm / 5'10""",72kg / 159lb,['CM'],18,Portugal,Bundesliga,Bayern Munich,[],,,,,
15536,Arguibide,M,59,57,49,56,61,51,49,60,54,57,54,48,42,35,47,60,57,42,58,53,48,62,53,68,55,64,48,48,40,50,55,54,45,41,53,50,RM,3,3,Right,"178cm / 5'10""",75kg / 165lb,"['RB', 'RW']",20,Spain,LaLiga,Osasuna,[],,,,,
15557,Bilal Yalçınkaya,M,59,69,55,55,63,32,48,67,70,53,58,58,51,49,45,51,60,41,58,51,59,64,71,74,49,60,56,26,38,34,30,33,46,48,52,39,CAM,4,3,Right,"182cm / 6'0""",72kg / 159lb,"['RW', 'LW', 'CM']",19,Germany,Bundesliga,Hamburger SV,[],,,,,
15561,Florian Hellstern,M,59,63,58,60,63,18,59,18,19,5,9,45,7,8,16,10,32,11,28,26,10,13,28,28,40,11,25,8,14,8,10,10,41,12,48,18,GK,4,1,Right,"186cm / 6'1""",74kg / 163lb,,18,Germany,Bundesliga,Stuttgart,[],63.0,58.0,60.0,59.0,63.0
15565,Théo Vermot,M,59,62,54,61,64,24,56,26,22,9,6,46,7,8,16,12,27,13,26,28,11,8,33,28,48,12,22,11,11,8,13,10,53,25,63,26,GK,2,1,Right,"190cm / 6'3""",75kg / 165lb,,28,France,Ligue 1,Marseille,[],62.0,54.0,61.0,56.0,64.0
15592,Tom Negrel,M,59,56,57,60,62,23,61,21,25,4,4,45,9,5,13,11,33,10,34,30,23,9,34,28,49,11,34,9,11,5,12,13,45,21,52,28,GK,3,1,Right,"192cm / 6'4""",75kg / 165lb,,22,France,Ligue 1,Auxerre,[],56.0,57.0,60.0,61.0,62.0
15593,Harrison Jones,M,59,68,52,56,60,36,46,69,67,56,53,51,52,50,48,53,59,52,59,53,54,58,71,76,58,59,57,35,37,36,38,35,42,52,45,40,CAM,3,3,Left,"175cm / 5'9""",68kg / 150lb,['CM'],20,England,Premier League,Sunderland,[],,,,,
15608,Krisztián Hegyi,M,59,60,57,58,60,25,58,25,25,4,7,44,8,8,16,14,31,13,20,16,14,13,30,31,56,10,21,6,14,5,10,13,46,15,51,15,GK,2,1,Right,"196cm / 6'5""",86kg / 190lb,,23,Hungary,Premier League,West Ham,[],60.0,57.0,58.0,58.0,60.0
15613,Marwin Schmitz,M,59,61,34,54,57,57,54,64,59,29,31,41,35,35,37,42,57,32,63,57,42,55,61,63,54,60,39,60,50,55,58,58,57,54,55,52,CDM,3,2,Right,"180cm / 5'11""",72kg / 159lb,['CM'],18,Germany,Bundesliga,St Pauli,[],,,,,
15618,Paul Tschernuth,M,59,60,61,60,60,18,58,18,17,5,8,45,9,10,19,11,21,11,24,20,12,12,22,38,41,20,30,7,12,6,11,12,36,24,41,25,GK,2,1,Right,"186cm / 6'1""",88kg / 194lb,,23,Austria,Bundesliga,Heidenheim,[],60.0,61.0,60.0,58.0,60.0
15620,Nicolò Cavuoti,M,59,68,49,59,64,30,47,74,63,45,47,53,50,56,44,53,59,63,61,62,65,63,71,70,56,65,57,21,33,35,30,33,49,44,52,38,CAM,3,3,Left,"177cm / 5'10""",73kg / 161lb,['CM'],22,Italy,Serie A,Cagliari,[],,,,,
15645,De las Sías,M,59,54,45,43,48,58,66,58,51,45,50,45,41,35,31,21,43,22,57,50,29,41,45,61,55,55,47,58,56,58,58,58,63,61,65,75,CB,3,2,Right,"180cm / 5'11""",74kg / 163lb,['RB'],19,Spain,LaLiga,Vallecano,[],,,,,
15652,Giuseppe Ciocci,M,59,61,55,53,64,24,57,21,28,8,7,40,8,7,12,13,36,11,25,26,8,9,36,25,55,12,38,15,12,7,12,13,53,34,65,21,GK,2,1,Right,"190cm / 6'3""",86kg / 190lb,,23,Italy,Serie A,Cagliari,[],61.0,55.0,53.0,57.0,64.0
15666,Jakub Zieliński,M,59,60,53,60,60,20,59,20,21,6,10,45,8,6,13,12,42,14,26,24,14,14,20,30,59,24,30,9,18,8,14,11,53,20,61,27,GK,3,1,Right,"194cm / 6'4""",83kg / 183lb,,17,Poland,Bundesliga,Wolfsburg,[],60.0,53.0,60.0,59.0,60.0
15727,Oluwaseun Ogbemudia,M,59,63,35,40,43,59,63,61,65,33,30,47,34,28,38,34,39,31,48,40,28,38,55,60,55,41,50,60,60,55,63,60,68,54,69,58,CB,3,2,Right,"188cm / 6'2""",80kg / 176lb,,19,Germany,Bundesliga,Union Berlin,[],,,,,
15742,Bruno Ogbus,M,59,65,27,41,49,59,59,63,66,31,21,40,24,32,34,45,29,35,50,36,29,46,59,60,51,48,42,58,51,59,63,60,63,38,69,59,CB,3,2,Right,"185cm / 6'1""",84kg / 185lb,['RB'],19,Switzerland,Bundesliga,Freiburg,[],,,,,
15764,Noah Nadje,M,59,54,61,46,59,25,48,51,56,63,63,60,59,49,68,38,51,40,53,40,42,61,53,58,56,59,51,19,61,23,21,23,60,37,58,33,ST,3,2,Left,"184cm / 6'0""",74kg / 163lb,,22,France,Ligue 1,Angers,[],,,,,
15773,Adam Kölle,M,59,58,32,36,39,59,65,57,59,27,25,49,29,32,49,37,37,36,36,30,37,32,49,38,55,43,49,56,54,56,65,65,65,55,74,54,CB,3,2,Right,"195cm / 6'5""",85kg / 187lb,,19,Germany,Bundesliga,Heidenheim,[],,,,,
15825,Emin Kujović,M,58,57,51,60,60,51,64,50,63,52,53,52,44,42,58,56,54,61,64,62,56,63,59,48,52,63,40,55,50,41,56,56,61,56,72,53,CM,3,2,Right,"190cm / 6'3""",80kg / 176lb,['CDM'],21,Montenegro,Bundesliga,1. FC Köln,[],,,,,
15953,Alexis Mirbach,M,58,65,56,55,59,37,53,33,42,7,9,41,6,8,15,9,42,11,19,25,13,8,35,45,48,17,28,11,13,13,13,11,49,29,53,26,GK,2,1,Right,"192cm / 6'4""",78kg / 172lb,,20,France,Ligue 1,Nantes,[],65.0,56.0,55.0,53.0,59.0
15954,Joseph Mangondo,M,58,76,58,49,59,23,60,78,74,56,60,63,57,38,55,46,46,41,53,49,46,62,59,60,44,59,53,19,50,20,21,20,70,55,68,43,ST,2,3,Left,"185cm / 6'1""",78kg / 172lb,,20,France,Ligue 1,FC Metz,[],,,,,
15982,Jorge Benito,M,58,61,58,59,58,31,55,33,29,9,9,44,6,8,13,15,26,12,27,26,12,8,38,52,52,16,33,7,13,6,13,12,52,22,55,24,GK,3,1,Right,"182cm / 6'0""",76kg / 168lb,,19,Spain,LaLiga,Getafe CF,[],61.0,58.0,59.0,55.0,58.0
16045,Noah Jauny,M,58,64,54,51,61,28,56,22,36,6,9,38,6,7,15,12,31,10,27,22,13,10,27,26,43,14,27,12,14,8,10,13,53,29,65,22,GK,2,1,Right,"194cm / 6'4""",81kg / 179lb,,21,Republic of Ireland,Ligue 1,Brest,[],64.0,54.0,51.0,56.0,61.0
16083,Ahmed Abdullahi,M,58,80,58,41,60,18,54,77,83,57,59,59,54,57,58,38,40,42,45,32,45,59,71,68,55,57,52,17,48,10,19,11,65,50,61,40,ST,3,3,Right,"181cm / 5'11""",75kg / 165lb,,21,Nigeria,Premier League,Sunderland,[],,,,,
16116,Amil Šiljević,M,58,59,54,59,62,18,54,18,19,6,7,44,6,7,9,13,26,11,21,22,11,9,21,28,55,17,20,6,11,6,12,8,50,18,61,23,GK,3,1,Right,"188cm / 6'2""",78kg / 172lb,,18,Germany,Bundesliga,Ein Frankfurt,[],59.0,54.0,59.0,54.0,62.0
16138,Maxim Dal,M,58,58,41,39,46,59,61,62,55,31,36,56,41,39,46,39,33,36,43,39,43,42,57,55,56,44,44,58,58,56,62,60,66,52,69,52,CB,3,2,Left,"189cm / 6'2""",85kg / 187lb,,19,Germany,Bundesliga,Mainz,[],,,,,
16145,Dmytro Bohdanov,M,58,67,60,42,56,21,57,63,70,59,63,60,56,46,55,30,54,31,49,34,35,52,63,58,53,60,54,19,45,15,23,15,57,53,63,45,ST,3,3,Right,"188cm / 6'2""",78kg / 172lb,,18,Ukraine,Bundesliga,Union Berlin,[],,,,,
16146,Oliver Sorg,M,58,64,30,49,50,56,53,64,64,41,29,31,28,30,38,53,39,32,54,49,47,48,66,67,60,44,47,58,49,54,59,56,51,57,51,54,LB,3,2,Left,"176cm / 5'9""",70kg / 154lb,['LM'],18,Austria,Bundesliga,Augsburg,[],,,,,
16162,Prosper Peter,M,58,54,59,48,59,30,49,56,52,55,63,58,52,48,67,37,52,41,55,45,46,58,56,68,52,61,50,20,62,21,35,25,58,55,52,34,ST,3,3,Right,"181cm / 5'11""",75kg / 165lb,['CAM'],18,France,Ligue 1,Angers,[],,,,,
16223,Matteo Palma,M,58,52,28,40,39,59,57,50,53,24,29,32,24,22,26,22,26,20,61,42,26,30,34,34,56,51,40,61,51,61,59,56,53,56,57,61,CB,3,2,Right,"194cm / 6'4""",85kg / 187lb,,17,Germany,Serie A,Udinese,[],,,,,
16352,Oumar Pona,M,57,57,58,53,57,39,55,38,41,9,8,40,8,7,16,12,36,12,24,28,13,12,33,36,48,14,38,15,11,13,15,13,57,30,67,28,GK,2,1,Right,"195cm / 6'5""",78kg / 172lb,,19,Mali,Ligue 1,Angers,[],57.0,58.0,53.0,55.0,57.0
16376,Blondy Nna Noukeu,M,57,58,55,55,61,35,53,36,34,7,7,41,9,5,19,13,36,12,30,38,10,8,32,41,53,15,30,9,11,7,10,14,45,26,47,19,GK,2,1,Right,"184cm / 6'0""",76kg / 168lb,,24,Cameroon,Premier League,Sunderland,[],58.0,55.0,55.0,53.0,61.0
16381,Fernando Dickes,M,57,60,56,55,59,34,52,35,33,8,7,41,7,8,18,20,40,13,29,28,18,15,41,23,50,25,36,12,12,20,10,14,52,25,56,30,GK,3,1,Left,"193cm / 6'4""",89kg / 196lb,,18,Germany,Bundesliga,Hamburger SV,[],60.0,56.0,55.0,52.0,59.0
16450,Callan McKenna,M,57,56,55,55,56,30,56,28,33,4,5,41,9,8,18,10,29,13,27,25,12,14,25,25,55,18,33,10,14,8,13,12,50,27,56,16,GK,2,1,Right,"188cm / 6'2""",76kg / 168lb,,18,Scotland,Premier League,Bournemouth,[],56.0,55.0,55.0,56.0,56.0
16549,Serigne Saliou Diop,M,57,60,59,38,60,24,52,59,61,56,59,63,56,67,53,39,41,35,41,22,61,62,61,56,39,61,53,21,51,22,21,17,60,34,65,40,ST,2,2,Right,"187cm / 6'2""",81kg / 179lb,,20,Senegal,Ligue 1,Brest,[],,,,,
16589,Telli Siwe,M,57,60,24,34,40,56,64,63,58,23,18,37,21,23,32,34,36,26,38,27,28,33,53,53,46,42,48,48,63,53,63,57,70,54,70,58,CB,2,2,Right,"180cm / 5'11""",70kg / 154lb,,20,France,Ligue 1,Auxerre,[],,,,,
16718,Hannes Hermann,M,56,56,57,57,60,24,58,28,18,8,7,43,9,6,16,10,23,10,27,25,10,10,22,32,37,21,19,9,10,8,10,13,37,19,43,16,GK,3,1,Right,"189cm / 6'2""",77kg / 170lb,,20,Germany,Bundesliga,Hamburger SV,[],56.0,57.0,57.0,58.0,60.0
16751,Matthias Köbbing,M,56,61,57,52,56,32,51,28,38,5,8,39,10,8,15,10,44,9,28,27,11,12,29,22,49,17,37,12,11,11,14,15,52,25,60,34,GK,3,1,Right,"196cm / 6'5""",94kg / 207lb,,28,Germany,Bundesliga,1. FC Köln,[],61.0,57.0,52.0,51.0,56.0
16759,Leon Klanac,M,56,59,58,54,60,27,49,24,31,8,4,41,8,8,12,11,25,10,26,24,9,7,32,42,41,12,26,8,12,9,11,14,41,23,46,29,GK,3,1,Right,"185cm / 6'1""",78kg / 172lb,,18,Germany,Bundesliga,Bayern Munich,[],59.0,58.0,54.0,49.0,60.0
16847,Junior Ajayi,M,56,66,56,49,58,17,49,68,64,51,59,56,52,51,52,40,47,33,61,42,40,58,65,67,56,56,40,15,51,15,11,15,59,44,57,32,ST,3,2,Right,"183cm / 6'0""",75kg / 165lb,,21,Côte d'Ivoire,Serie A,Verona,[],,,,,
16871,Tommaso Gabellini,M,56,57,57,48,56,20,50,58,56,51,59,56,56,51,51,34,48,34,61,42,42,56,51,58,56,59,51,15,56,15,18,15,58,43,56,40,ST,3,2,Left,"180cm / 5'11""",78kg / 172lb,,19,Italy,Serie A,Torino,[],,,,,
16889,Konstantin Schopp,M,56,59,25,37,37,55,64,55,63,24,24,35,18,22,32,26,32,25,52,35,23,27,38,54,51,45,43,56,54,53,57,55,64,56,72,53,CB,3,2,Right,"186cm / 6'1""",80kg / 176lb,,19,Austria,Bundesliga,Mainz,[],,,,,
16895,Mick Schmetgens,M,56,54,33,35,36,57,58,52,55,25,29,49,24,37,48,37,31,36,37,35,36,31,36,45,51,40,42,57,56,56,59,57,62,40,69,51,CB,2,2,Right,"190cm / 6'3""",85kg / 187lb,,18,Germany,Bundesliga,Werder Bremen,[],,,,,
16984,Ismaël Guerti,M,55,62,46,55,55,42,51,61,63,57,42,56,42,45,45,47,52,41,62,59,44,55,55,72,54,53,45,45,50,29,48,46,49,52,49,55,CAM,2,2,Right,"178cm / 5'10""",70kg / 154lb,['CM'],21,Morocco,Ligue 1,FC Metz,[],,,,,
17127,Matai Akinmboni,M,55,54,25,36,38,56,60,57,51,26,21,35,23,27,30,27,30,29,44,44,25,27,50,50,50,45,45,60,50,53,60,55,59,56,67,50,CB,2,2,Left,"190cm / 6'3""",77kg / 170lb,,19,United States,Premier League,Bournemouth,[],,,,,
17553,Sascha Britschgi,M,52,67,27,31,47,49,56,69,65,37,27,22,30,24,35,41,33,33,26,25,35,50,60,63,55,36,40,51,37,50,49,53,48,60,57,48,RB,2,2,Right,"182cm / 6'0""",78kg / 172lb,"['LB', 'RM']",19,Switzerland,Serie A,Parma,[],,,,,
